{"sha":"3e2a296bc4ad","date":"2011-05-20","message":"Décret n° 2011-534 du 17 mai 2011 modifiant le siège et le ressort du tribunal de grande instance de Rennes et portant création d'un tribunal d'instance à Fougères","files":[{"filename":"partie_reglementaire/annexes/article_annexe_tableau_iv.md","articleName":"Article ANNEXE TABLEAU IV","additions":91,"deletions":105,"diff":[{"type":"del","content":"[LavalCantons"},{"type":"del","content":"d'Ambrières-les-Vallées, Argentré, Bais, Bierné, Château Gontier-Est, Château-Gontier-Ouest, Chailland, Cossé-le-Vivien, Couptrain, Craon, Ernée, Évron, Gorron, Grez-en-Bouère, Landivy, Lassay-les-Châteaux, Laval-Est, Laval-Nord-Est, Laval-Nord-Ouest, Laval-Saint-Nicolas, Laval-Sud-Ouest, Le Horps, Loiron, Mayenne Est, Mayenne-Ouest, Meslay-du-Maine, Montsûrs, Pré-en-Pail, Saint-Aignan-sur-Roë, Saint-Berthevin, Sainte-Suzanne et Villaines-la-Juhel. (4)]"},{"type":"add","content":"[Laval"},{"type":"add","content":"Cantons d'Ambrières-les-Vallées, Argentré, Bais, Bierné, Château Gontier-Est, Château-Gontier-Ouest, Chailland, Cossé-le-Vivien, Couptrain, Craon, Ernée, Évron, Gorron, Grez-en-Bouère, Landivy, Lassay-les-Châteaux, Laval-Est, Laval-Nord-Est, Laval-Nord-Ouest, Laval-Saint-Nicolas, Laval-Sud-Ouest, Le Horps, Loiron, Mayenne Est, Mayenne-Ouest, Meslay-du-Maine, Montsûrs, Pré-en-Pail, Saint-Aignan-sur-Roë, Saint-Berthevin, Sainte-Suzanne et Villaines-la-Juhel. (4)]"},{"type":"del","content":"saint-Amand-MontrondCantons"},{"type":"add","content":"Saint-Amand-MontrondCantons"},{"type":"del","content":"Cantons d'Approuague-Kaw, Cayenne 1, r canton Nord-Ouest, Cayenne 2e canton Nord-Est, Cayenne 3e canton Sud-Ouest, Cayenne 4e canton Centre, Cayenne 5e canton Sud, Cayenne 6e canton Sud-Est, Iracoubo, Kourou, Macouria, Mana, Maripasoula, Matoury, Montsinéry-Tonnegrande, Remire-Montjoly, Roura, Saint-Georges Oyapoc, Saint-Laurent-du-Maroni et Sinnamary."},{"type":"add","content":"Cantons d'Approuague-Kaw, Cayenne 1er canton Nord-Ouest, Cayenne 2e canton Nord-Est, Cayenne 3e canton Sud-Ouest, Cayenne 4e canton Centre, Cayenne 5e canton Sud, Cayenne 6e canton Sud-Est, Iracoubo, Kourou, Macouria, Mana, Maripasoula, Matoury, Montsinéry-Tonnegrande, Remire-Montjoly, Roura, Saint-Georges Oyapoc, Saint-Laurent-du-Maroni et Sinnamary."},{"type":"del","content":""},{"type":"del","content":"[Grenoble"},{"type":"del","content":""},{"type":"del","content":""},{"type":"del","content":"Cantons d'Allevard, Clelles, Corps, Domène, Échirolles-Est, Échirolles-Ouest, Eybens, Fontaine-Sassenage, Fontaine-Seyssinet, Goncelin, Grenoble 1er canton, Grenoble 2e canton, Grenoble 3e canton, Grenoble 4e canton, Grenoble 5e canton, Grenoble 6e canton, La Mure, Le Bourg-d'Oisans, Le Touvet, Mens, Meylan, Monestier de-Clermont, Pont-en-Royans, Rives, Roybon, Saint-Égrève, Saint-Étienne-de-Saint-Geoirs, Saint-Ismier, Saint-Laurent-du-Pont, Saint-Marcellin, Saint-Martin-d'Hères-Nord, Saint-Martin-d'Hères-Sud, Tullins, Valbonnais, Vif, Villard-de-Lans, Vinay, Vizille et Voiron. (4)]"},{"type":"del","content":""},{"type":"add","content":"[Grenoble"},{"type":"add","content":"Cantons d'Allevard, Clelles, Corps, Domène, Échirolles-Est, Échirolles-Ouest, Eybens, Fontaine-Sassenage, Fontaine-Seyssinet, Goncelin, Grenoble 1er canton, Grenoble 2e canton, Grenoble 3e canton, Grenoble 4e canton, Grenoble 5e canton, Grenoble 6e canton, La Mure, Le Bourg-d'Oisans, Le Touvet, Mens, Meylan, Monestier de-Clermont, Pont-en-Royans, Rives, Roybon, Saint-Égrève, Saint-Étienne-de-Saint-Geoirs, Saint-Ismier, Saint-Laurent-du-Pont, Saint-Marcellin, Saint-Martin-d'Hères-Nord, Saint-Martin-d'Hères-Sud, Tullins, Valbonnais, Vif, Villard-de-Lans, Vinay, Vizille et Voiron. (4)]"},{"type":"del","content":""},{"type":"del","content":"[La Mure"},{"type":"del","content":""},{"type":"del","content":""},{"type":"del","content":"Cantons de Clelles, Corps, La Mure, Mens, Monestier-de-Clermont et Valbonnais. (3)]"},{"type":"del","content":""},{"type":"add","content":"[La Mure"},{"type":"add","content":"Cantons de Clelles, Corps, La Mure, Mens, Monestier-de-Clermont et Valbonnais. (3)]"},{"type":"del","content":""},{"type":"del","content":"[Saint-Marcellin"},{"type":"del","content":""},{"type":"del","content":""},{"type":"del","content":"Cantons de Pont-en-Royans, Rives, Roybon, Saint-Étienne-de-Saint-Geoirs, Saint-Marcellin, Tullins et Vinay. (3)]"},{"type":"del","content":""},{"type":"add","content":"[Saint-Marcellin"},{"type":"add","content":"Cantons de Pont-en-Royans, Rives, Roybon, Saint-Étienne-de-Saint-Geoirs, Saint-Marcellin, Tullins et Vinay. (3)]"},{"type":"del","content":""},{"type":"del","content":"Guéret"},{"type":"del","content":""},{"type":"del","content":""},{"type":"del","content":"[Bourganeuf"},{"type":"del","content":""},{"type":"del","content":""},{"type":"del","content":"Cantons de Bénévent-l'Abbaye, Bourganeuf, Pontarion et Royère-de-Vassivière. (9)]"},{"type":"del","content":""},{"type":"add","content":"Guéret"},{"type":"add","content":"[Bourganeuf"},{"type":"add","content":"Cantons de Bénévent-l'Abbaye, Bourganeuf, Pontarion et Royère-de-Vassivière. (9)]"},{"type":"del","content":""},{"type":"del","content":"[Guéret"},{"type":"del","content":""},{"type":"del","content":""},{"type":"del","content":"Cantons d'Ahun, Aubusson, Auzances, Bellegarde-en-Marche, Bonnat, Boussac, Chambon-sur-Voueize, Châtelus-Malvaleix Chénérailles, Crocq, Dun-le-Palestel, Évaux-les-Bains, Felletin, Gentioux-Pigerolles, Guéret-Nord, Guéret Sud-Est, Guéret-Sud-Ouest, Jarnages, La Courtine, La Souterraine, Le Grand-Bourg, Saint-Sulpice-les Champs et Saint-Vaury. (9)]"},{"type":"del","content":""},{"type":"add","content":"[Guéret"},{"type":"add","content":"Cantons d'Ahun, Aubusson, Auzances, Bellegarde-en-Marche, Bonnat, Boussac, Chambon-sur-Voueize, Châtelus-Malvaleix Chénérailles, Crocq, Dun-le-Palestel, Évaux-les-Bains, Felletin, Gentioux-Pigerolles, Guéret-Nord, Guéret Sud-Est, Guéret-Sud-Ouest, Jarnages, La Courtine, La Souterraine, Le Grand-Bourg, Saint-Sulpice-les Champs et Saint-Vaury. (9)]"},{"type":"add","content":"[Guéret"},{"type":"del","content":"[Guéret"},{"type":"del","content":""},{"type":"del","content":""},{"type":"del","content":""},{"type":"del","content":"Cantons d'Ahun, Aubusson, Auzances, Bellegarde-en-Marche,"},{"type":"del","content":"Bénévent-l'Abbaye, Bonnat, Bourganeuf, Boussac, Chambon-sur-Voueize,"},{"type":"del","content":"Châtelus-Malvaleix, Chénérailles, Crocq, Dun-le-Palestel,"},{"type":"del","content":"Évaux-les-Bains, Felletin, Gentioux-Pigerolles, Guéret-Nord,"},{"type":"del","content":"Guéret Sud-Est, Guéret-Sud-Ouest, Jarnages, La Courtine,"},{"type":"del","content":"La Souterraine, Le Grand-Bourg, Pontarion, Royère-de-Vassière,"},{"type":"del","content":"          Saint-Sulpice-les Champs et Saint-Vaury. (10)]"},{"type":"del","content":""},{"type":"add","content":"Cantons d'Ahun, Aubusson, Auzances, Bellegarde-en-Marche,"},{"type":"add","content":"Bénévent-l'Abbaye, Bonnat, Bourganeuf, Boussac, Chambon-sur-Voueize,"},{"type":"add","content":"Châtelus-Malvaleix, Chénérailles, Crocq, Dun-le-Palestel,"},{"type":"add","content":"Évaux-les-Bains, Felletin, Gentioux-Pigerolles, Guéret-Nord,"},{"type":"add","content":"Guéret Sud-Est, Guéret-Sud-Ouest, Jarnages, La Courtine,"},{"type":"add","content":"La Souterraine, Le Grand-Bourg, Pontarion, Royère-de-Vassière,"},{"type":"add","content":"Saint-Sulpice-les Champs et Saint-Vaury. (10)]"},{"type":"del","content":""},{"type":"del","content":"Bar-le-Duc"},{"type":"del","content":""},{"type":"del","content":""},{"type":"del","content":"[Bar-le-Duc"},{"type":"del","content":""},{"type":"del","content":""},{"type":"del","content":"Cantons d'Ancervillc, Bar-le-Duc-Nord, Bar-le-Duc-Sud, Gondrecourt-le-Château, Ligny-en-Barrois, Montiers-sur-Saulx, Revigny-sur-Ornain, Seuil-d'Argonne, Vaubecourt et Vavincourt. (3)]"},{"type":"del","content":""},{"type":"add","content":"Bar-le-Duc"},{"type":"add","content":"[Bar-le-Duc"},{"type":"add","content":"Cantons d'Ancervillc, Bar-le-Duc-Nord, Bar-le-Duc-Sud, Gondrecourt-le-Château, Ligny-en-Barrois, Montiers-sur-Saulx, Revigny-sur-Ornain, Seuil-d'Argonne, Vaubecourt et Vavincourt. (3)]"},{"type":"del","content":""},{"type":"del","content":"[Bar-le-Duc"},{"type":"del","content":""},{"type":"del","content":""},{"type":"del","content":"Cantons d'Ancerville, Bar-le-Duc-Nord, Bar-le-Duc-Sud, Commercy, Gondrecourt-le-Château, Ligny-en-Barrois, Montiers-sur-Saulx, Pierrefitte-sur-Aire, Revigny-sur-Ornain, Saint-Mihiel, Seuil d'Argonne, Vaubecourt, Vaucouleurs, Vavincourt, Vigneulles-lès-Hattonchâtel et Void-Vacon. (4)]"},{"type":"del","content":""},{"type":"add","content":"[Bar-le-Duc"},{"type":"add","content":"Cantons d'Ancerville, Bar-le-Duc-Nord, Bar-le-Duc-Sud, Commercy, Gondrecourt-le-Château, Ligny-en-Barrois, Montiers-sur-Saulx, Pierrefitte-sur-Aire, Revigny-sur-Ornain, Saint-Mihiel, Seuil d'Argonne, Vaubecourt, Vaucouleurs, Vavincourt, Vigneulles-lès-Hattonchâtel et Void-Vacon. (4)]"},{"type":"del","content":""},{"type":"del","content":"[Saint-Mihiel"},{"type":"del","content":""},{"type":"del","content":""},{"type":"del","content":"Cantons de Commercy, Pierrefitte-sur-Aire, Saint-Mihiel, Vaucouleurs, Vigneulles-lès-Hattonchâtel et Void-Vacon. (3)]"},{"type":"del","content":""},{"type":"add","content":"[Saint-Mihiel"},{"type":"add","content":"Cantons de Commercy, Pierrefitte-sur-Aire, Saint-Mihiel, Vaucouleurs, Vigneulles-lès-Hattonchâtel et Void-Vacon. (3)]"},{"type":"del","content":""},{"type":"del","content":"Verdun"},{"type":"del","content":""},{"type":"del","content":""},{"type":"del","content":"Verdun"},{"type":"del","content":""},{"type":"del","content":""},{"type":"del","content":"Cantons de Charny-sur-Meuse, Clermont-en-Argonne, Damvillers, Dun-sur-Meuse, Étain, Fresnes-en-Woëvre, Montfaucon-d'Argonne, Montmédy, Souilly, Spincourt, Stenay, Varennes-en-Argonne, Verdun-Centre, Verdun-Est et Verdun-Ouest."},{"type":"del","content":""},{"type":"add","content":"Verdun"},{"type":"add","content":"Verdun"},{"type":"add","content":"Cantons de Charny-sur-Meuse, Clermont-en-Argonne, Damvillers, Dun-sur-Meuse, Étain, Fresnes-en-Woëvre, Montfaucon-d'Argonne, Montmédy, Souilly, Spincourt, Stenay, Varennes-en-Argonne, Verdun-Centre, Verdun-Est et Verdun-Ouest."},{"type":"del","content":"Troyes"},{"type":"add","content":"Troyes"},{"type":"add","content":"[Bar-sur-Aube"},{"type":"add","content":"Cantons de Bar-sur-Aube, Brienne-le-Château, Soulaines-Dhuys et Vendeuvre-sur-Barse. (3)]"},{"type":"add","content":""},{"type":"add","content":""},{"type":"del","content":"Cantons d'Antrain, Fougères-Nord, Fougères-Sud, Louvigné-du-Désert, Saint-Aubin-du-Cormier et Saint-Brice-en-Coglès. (3)]"},{"type":"add","content":"Cantons d'Antrain, Argentré-du-Plessis, Châteaubourg, Fougères-Nord, Fougères-Sud, La Guerche-de-Bretagne, Louvigné-du-Désert, Retiers, Saint-Aubin-du-Cormier, Saint-Brice-en-Coglès, Vitré-Est, Vitré-Ouest (22)]"},{"type":"del","content":"[Rennes"},{"type":"del","content":"Cantons de Betton, Bruz, Cesson-Sévigné, Châteaugiron, Hédé, Janzé, Liffré, Mordelles, Rennes-Brequigny, Rennes-Centre, Rennes-Centre Ouest, Rennes-Centre-Sud, Rennes-Est, Rennes-le-Blosne, Rennes Nord, Rennes-Nord-Est, Rennes-Nord-Ouest, Rennes-Sud-Est, Rennes-Sud-Ouest et Saint-Aubin-d'Aubigné. (3)]"},{"type":"add","content":""},{"type":"add","content":"[Rennes"},{"type":"add","content":""},{"type":"add","content":""},{"type":"add","content":"Cantons d'Antrain, Argentré-du-Plessis, Bécherel, Betton, Bruz, Cesson-Sévigné, Châteaubourg, Châteaugiron, Fougères-Nord, Fougères-Sud, Hédé, Janzé, La Guerche-de-Bretagne, Liffré, Louvigné-du-Désert, Montauban-de-Bretagne, Montfort-sur-Meu, Mordelles, Plélan-le-Grand, Rennes-Brequigny, Rennes-Centre, Rennes-Centre-Ouest, Rennes-Centre-Sud, Rennes-Est, Rennes-le-Blosne, Rennes-Nord, Rennes-Nord-Est, Rennes-Nord-Ouest, Rennes-Sud-Est, Rennes-Sud-Ouest, Retiers, Saint-Aubin-d'Aubigné, Saint-Aubin-du-Cormier, Saint-Brice-en-Coglès, Saint-Méen-le-Grand, Vitré-Est et Vitré-Ouest (21)]"},{"type":"add","content":""},{"type":"del","content":"[Rennes"},{"type":"del","content":"Cantons d'Antrain, Argentré-du-Plessis, Bécherel, Betton, Bruz, Cesson-Sévigné, Châteaubourg, Châteaugiron, Fougères-Nord, Fougères-Sud, Hédé, Janzé, La Guerche-de-Bretagne, Liffré, Louvigné-du-Désert, Montauban-de-Bretagne, Montfort-sur-Meu, Mordelles, Plélan-le-Grand, Rennes-Brequigny, Rennes-Centre, Rennes-Centre-Ouest, Rennes-Centre-Sud, Rennes-Est, Rennes-le Blosne, Rennes-Nord, Rennes-Nord-Est, Rennes-Nord-Ouest, Rennes Sud-Est, Rennes-Sud-Ouest, Retiers, Saint-Aubin-d'Aubigné, Saint-Aubin-du-Cormier, Saint-Brice-en-Coglès, Saint-Méen-le-Grand, Vitré-Est et Vitré-Ouest. (4)]"},{"type":"add","content":""},{"type":"add","content":"[Rennes"},{"type":"add","content":""},{"type":"add","content":""},{"type":"add","content":""},{"type":"add","content":"Cantons de Bécherel, Betton, Bruz, Cesson-Sévigné,"},{"type":"add","content":"Châteaugiron, Hédé, Janzé, Liffré, Montauban-de-Bretagne,"},{"type":"add","content":"Montfort-sur-Meu, Mordelles, Plélan-le-Grand, Rennes-Brequigny,"},{"type":"add","content":"Rennes-Centre, Rennes-Centre-Ouest, Rennes-Centre-Sud,"},{"type":"add","content":"Rennes-Est, Rennes-le-Blosne, Rennes-Nord, Rennes-Nord-Est,"},{"type":"add","content":"Rennes-Nord-Ouest, Rennes-Sud-Est, Rennes-Sud-Ouest,"},{"type":"add","content":"          Saint-Aubin-d'Aubigné, Saint-Méen-le-Grand (22)]"},{"type":"add","content":""},{"type":"add","content":""},{"type":"del","content":"[Vitré"},{"type":"del","content":"Cantons d'Argentré-du-Plessis, Châteaubourg, La Guerche-de-Bretagne, Retiers, Vitré-Est et Vitré-Ouest. (3)]"},{"type":"add","content":""},{"type":"add","content":"[Vitré"},{"type":"add","content":""},{"type":"add","content":""},{"type":"add","content":"Cantons d'Argentré-du-Plessis, Châteaubourg, La Guerche-de-Bretagne, Retiers, Vitré-Est et Vitré-Ouest. (3)]"},{"type":"add","content":""},{"type":"del","content":"Saint-Malo"},{"type":"del","content":"[Dinan (6)]"},{"type":"del","content":"Cantons de Broons, Caulnes, Dinan-Est, Dinan-Ouest, Évran, Jugon les-Lacs, Matignon, Plancoët, Plélan-le-Petit et Ploubalay."},{"type":"add","content":""},{"type":"add","content":"Saint-Malo"},{"type":"add","content":""},{"type":"add","content":""},{"type":"add","content":"[Dinan (6)]"},{"type":"add","content":""},{"type":"add","content":""},{"type":"add","content":"Cantons de Broons, Caulnes, Dinan-Est, Dinan-Ouest, Évran, Jugon les-Lacs, Matignon, Plancoët, Plélan-le-Petit et Ploubalay."},{"type":"add","content":""},{"type":"del","content":""},{"type":"add","content":""},{"type":"del","content":""},{"type":"add","content":""},{"type":"del","content":""},{"type":"add","content":""},{"type":"del","content":"Cantons de Acoua, Bandraboua, Bandrele, Bouéni, Chiconi,"},{"type":"del","content":"Chirongui, Dembeni, Dzaoudzi, Kani-Kéli, Koungou,"},{"type":"add","content":"Cantons de Acoua, Bandraboua, Bandrele, Bouéni,"},{"type":"add","content":"Chiconi, Chirongui, Dembeni, Dzaoudzi, Kani-Kéli, Koungou,"},{"type":"del","content":"Monclar-de-Quercy, Montauban, 1er canton, Montauban 2e"},{"type":"del","content":"canton, Montauban 3ème canton, Montauban 4e canton,"},{"type":"del","content":"Montauban 5e canton, Montauban 6e canton, Montpezat-"},{"type":"del","content":"de-Quercy, Nègrepelisse, Saint-Antonin-Noble-Val et Villebrumier."},{"type":"add","content":"Monclar-de-Quercy, Montauban, 1er canton, Montauban"},{"type":"add","content":"2e canton, Montauban 3ème canton, Montauban 4e canton,"},{"type":"add","content":"Montauban 5e canton, Montauban 6e canton, Montpezat-de-Quercy,"},{"type":"add","content":"Nègrepelisse, Saint-Antonin-Noble-Val et Villebrumier."},{"type":"add","content":"(21) Applicable jusqu'au 31 décembre 2011."},{"type":"add","content":"(22) Applicable à compter du 1er janvier 2012."},{"type":"del","content":"Décret n° 2011-338 du 29 mars 2011 portant modification de l'organisation judiciaire dans le Département de Mayotte - article ENTIEREMENT_MODIF MODIFIE source"},{"type":"add","content":"Décret n° 2011-534 du 17 mai 2011 modifiant le siège et le ressort du tribunal de grande instance de Rennes et portant création d'un tribunal d'instance à Fougères - article ENTIEREMENT_MODIF MODIFIE source"},{"type":"del","content":"2011-03-29 MODIFIE cible Décret n° 2011-338 du 29 mars 2011 portant modification de l'organisation judiciaire dans le Département de Mayotte - article ENTIEREMENT_MODIF"},{"type":"add","content":"2011-05-17 MODIFIE cible Décret n° 2011-534 du 17 mai 2011 modifiant le siège et le ressort du tribunal de grande instance de Rennes et portant création d'un tribunal d'instance à Fougères - article ENTIEREMENT_MODIF"},{"type":"del","content":"* [JSON dans git](https://git.tricoteuses.fr/dila/donnees_juridiques/src/branch/main/LEGI/ARTI/00/00/23/80/27/LEGIARTI000023802771.json)"},{"type":"del","content":"* [Références JSON dans git](https://git.tricoteuses.fr/dila/references_donnees_juridiques/src/branch/main/LEGI/ARTI/00/00/23/80/27/LEGIARTI000023802771.json)"},{"type":"del","content":"* [Markdown dans git](https://git.tricoteuses.fr/dila/textes_juridiques/src/branch/main/LEGI/ARTI/00/00/23/80/27/LEGIARTI000023802771.md)"},{"type":"add","content":"* [JSON dans git](https://git.tricoteuses.fr/dila/donnees_juridiques/src/branch/main/LEGI/ARTI/00/00/24/03/69/LEGIARTI000024036932.json)"},{"type":"add","content":"* [Références JSON dans git](https://git.tricoteuses.fr/dila/references_donnees_juridiques/src/branch/main/LEGI/ARTI/00/00/24/03/69/LEGIARTI000024036932.json)"},{"type":"add","content":"* [Markdown dans git](https://git.tricoteuses.fr/dila/textes_juridiques/src/branch/main/LEGI/ARTI/00/00/24/03/69/LEGIARTI000024036932.md)"},{"type":"del","content":"* [Légifrance](https://www.legifrance.gouv.fr/codes/article_lc/LEGIARTI000023802771)"},{"type":"add","content":"* [Légifrance](https://www.legifrance.gouv.fr/codes/article_lc/LEGIARTI000024036932)"}],"status":"modified"}],"stats":{"additions":91,"deletions":105,"filesChanged":1}}