{"sha":"5d3b74b435fa","date":"2025-03-01","message":"Décret n° 2025-145 du 18 février 2025 modifiant le ressort des tribunaux judiciaires de Brive-la-Gaillarde et de Tulle à la suite de la création de la commune nouvelle des Trois-Saints","files":[{"filename":"partie_reglementaire/annexes/article_annexe_tableau_iv.md","articleName":"Article ANNEXE TABLEAU IV","additions":34,"deletions":97,"diff":[{"type":"del","content":""},{"type":"del","content":""},{"type":"del","content":"        Caen"},{"type":"del","content":""},{"type":"add","content":"Caen"},{"type":"del","content":""},{"type":"del","content":""},{"type":"del","content":"        Cantons de Balleroy, Bayeux, Bourguébus, Bretteville-sur-Laize (à l'exception de la fraction de commune de Mézidon Vallée d'Auge), Cabourg, Caen 1er Canton, Caen 2ème Canton, Caen 3ème Canton, Caen 4ème Canton, Caen 7ème Canton, Caen 8ème Canton, Caen 9ème Canton, Caen 10ème Canton, Caen-Hérouville Caen 6ème Canton, Caumont-l'Éventé, Creully, Douvres-la-Délivrande, Évrecy, Falaise-Nord, Falaise-Sud, Hérouville-Saint-Clair Caen 5ème Canton, Isigny-sur-Mer, Morteaux-Couliboeuf, Ouistreham, Ryes, Tilly-sur-Seulles, Trévières, Troarn, Thury-Harcourt et Villers-Bocage et communes des Monts d'Aunay et Val de Drôme."},{"type":"del","content":""},{"type":"add","content":"Cantons de Balleroy, Bayeux, Bourguébus, Bretteville-sur-Laize (à l'exception de la fraction de commune de Mézidon Vallée d'Auge), Cabourg, Caen 1er Canton, Caen 2e Canton, Caen 3e Canton, Caen 4e Canton, Caen 5e Canton, Caen 6e Canton, Caen 7e Canton, Caen 8e Canton, Caen 9e Canton, Caen 10e Canton, Caen-Hérouville, Caumont-l'Éventé, Creully, Douvres-la-Délivrande, Évrecy, Falaise-Nord, Falaise-Sud, Hérouville-Saint-Clair, Isigny-sur-Mer, Morteaux-Coulibœuf, Ouistreham, Ryes, Tilly-sur-Seulles, Trévières, Troarn, Thury-Harcourt et Villers-Bocage et communes des Monts d'Aunay et Val de Drôme."},{"type":"del","content":""},{"type":"del","content":""},{"type":"del","content":"        Vire"},{"type":"del","content":""},{"type":"del","content":""},{"type":"del","content":""},{"type":"del","content":"        Cantons d'Aunay-sur-Odon (à l'exception des fractions de communes des Monts d'Aunay et de Val de Drôme), Condé-sur-Noireau, Le Bény-Bocage, Saint-Sever-Calvados (à l'exception de la fraction de commune de Tessy-Bocage), Vassy et Vire."},{"type":"del","content":""},{"type":"add","content":"Vire Normandie"},{"type":"add","content":"Cantons d'Aunay-sur-Odon (à l'exception des fractions de communes des Monts d'Aunay et de Val de Drôme), Condé-sur-Noireau, Le Bény-Bocage, Saint-Sever-Calvados (à l'exception de la fraction de commune de Tessy-Bocage), Vassy et Vire Normandie."},{"type":"del","content":""},{"type":"del","content":""},{"type":"del","content":"        Lisieux"},{"type":"del","content":""},{"type":"add","content":"Lisieux"},{"type":"del","content":""},{"type":"del","content":""},{"type":"del","content":"        Cantons de Blangy-le-Château, Cambremer, Dozulé, Honfleur, Lisieux 1er Canton, Lisieux 2e Canton, Lisieux 3e Canton, Livarot, Mézidon-Canon, Orbec, Pont-l'Évêque, Saint-Pierre-sur-Dives et Trouville-sur-Mer et commune de Mézidon Vallée d'Auge."},{"type":"del","content":""},{"type":"add","content":"Cantons de Blangy-le-Château, Cambremer, Dozulé, Honfleur, Lisieux 1er Canton, Lisieux 2e Canton, Lisieux 3e Canton, Livarot, Mézidon-Canon, Orbec, Pont-l'Évêque, Saint-Pierre-sur-Dives et Trouville-sur-Mer et commune de Mézidon Vallée d'Auge."},{"type":"del","content":""},{"type":"del","content":""},{"type":"del","content":"        Cherbourg-en-Cotentin"},{"type":"del","content":""},{"type":"add","content":"Cherbourg-en-Cotentin"},{"type":"del","content":""},{"type":"del","content":""},{"type":"del","content":"        Cantons de Barneville-Carteret, Beaumont-Hague, Bricquebec, Cherbourg-Octeville-Nord-Ouest, Cherbourg-Octeville-Sud-Est, Cherbourg-Octeville-Sud-Ouest, Équeurdreville-Hainneville, Les Pieux, Montebourg, Quettehou, Sainte-Mère-Église (à l'exception de la fraction de commune de Carentan-les-Marais), Saint-Pierre-Église, Saint-Sauveur-le-Vicomte, Tourlaville et Valognes et communes de Picauville et de Port-Bail-Sur-Mer."},{"type":"del","content":""},{"type":"add","content":"Cantons de Barneville-Carteret, Beaumont-Hague, Bricquebec, Cherbourg-Octeville-Nord-Ouest, Cherbourg-Octeville-Sud-Est, Cherbourg-Octeville-Sud-Ouest, Équeurdreville-Hainneville, Les Pieux, Montebourg, Quettehou, Sainte-Mère-Église (à l'exception de la fraction de commune de Carentan-les-Marais), Saint-Pierre-Église, Saint-Sauveur-le-Vicomte, Tourlaville et Valognes et communes de Picauville et de Port-Bail-Sur-Mer."},{"type":"del","content":""},{"type":"del","content":""},{"type":"del","content":"        Coutances"},{"type":"del","content":""},{"type":"add","content":"Coutances"},{"type":"del","content":""},{"type":"del","content":""},{"type":"del","content":"        Cantons de Bréhal, Canisy, Carentan, Cerisy-la-Salle, Coutances, Gavray, La Haye-du-Puits (à l'exception des fractions de communes de Picauville et de Port-Bail-sur-Mer), Lessay, Marigny, Montmartin-sur-Mer, Percy, Périers, Saint-Clair-sur-l'Elle, Saint-Jean-de-Daye, Saint-Lô-Est, Saint-Lô-Ouest, Saint-Malo-de-la-Lande, Saint-Sauveur-Lendelin, Tessy-sur-Vire et Torigni-sur-Vire et communes de Carentan-les-Marais et de Tessy-Bocage."},{"type":"del","content":""},{"type":"add","content":"Cantons de Bréhal, Canisy, Carentan, Cerisy-la-Salle, Coutances, Gavray, La Haye-du-Puits (à l'exception des fractions de communes de Picauville et de Port-Bail-sur-Mer), Lessay, Marigny, Montmartin-sur-Mer, Percy, Périers, Saint-Clair-sur-l'Elle, Saint-Jean-de-Daye, Saint-Lô-Est, Saint-Lô-Ouest, Saint-Malo-de-la-Lande, Saint-Sauveur-Lendelin, Tessy-sur-Vire et Torigni-sur-Vire et communes de Carentan-les-Marais et de Tessy-Bocage."},{"type":"del","content":""},{"type":"del","content":""},{"type":"del","content":"        Avranches"},{"type":"del","content":""},{"type":"del","content":""},{"type":"del","content":""},{"type":"del","content":"        Cantons d'Avranches, Barenton, Brécey, Ducey, Granville, Isigny-le-Buat, Juvigny-le-Tertre, La Haye-Pesnel, Le Teilleul, Mortain, Pontorson, Saint-Hilaire-du-Harcouët, Saint-James, Saint-Pois, Sartilly, Sourdeval et Villedieu-les-Poêles."},{"type":"del","content":""},{"type":"add","content":"Avranches"},{"type":"add","content":"Cantons d'Avranches, Barenton, Brécey, Ducey, Granville, Isigny-le-Buat, Juvigny-le-Tertre, La Haye-Pesnel, Le Teilleul, Mortain, Pontorson, Saint-Hilaire-du-Harcouët, Saint-James, Saint-Pois, Sartilly, Sourdeval et Villedieu-les-Poêles."},{"type":"del","content":""},{"type":"del","content":""},{"type":"del","content":"        Alençon"},{"type":"del","content":""},{"type":"add","content":"Alençon"},{"type":"del","content":""},{"type":"del","content":""},{"type":"del","content":"        Cantons d'Alençon 1er Canton, Alençon 2e Canton, Alençon 3e Canton, Bazoches-sur-Hoëne, Bellême, Carrouges, Courtomer, L'Aigle-Est, L'Aigle-Ouest, Le Theil, Le Mêle-sur-Sarthe, Longny-au-Perche, Mortagne-au-Perche, Moulins-la-Marche, Nocé, Pervenchères, Rémalard, Sées (à l'exception de la fraction de commune de Mortrée) et Tourouvre et commune de Chailloué."},{"type":"del","content":""},{"type":"add","content":"Cantons d'Alençon 1er Canton, Alençon 2e Canton, Alençon 3e Canton, Bazoches-sur-Hoëne, Bellême, Carrouges, Courtomer (à l'exception de la fraction de commune de Merlerault-Le-Pin), L'Aigle-Est, L'Aigle-Ouest, Le Theil, Le Mêle-sur-Sarthe, Longny-au-Perche, Mortagne-au-Perche, Moulins-la-Marche, Nocé, Pervenchères, Rémalard, Sées (à l'exception de la fraction de commune de Mortrée) et Tourouvre et commune de Chailloué."},{"type":"del","content":""},{"type":"del","content":""},{"type":"del","content":"        Argentan"},{"type":"del","content":""},{"type":"add","content":"Argentan"},{"type":"del","content":""},{"type":"del","content":""},{"type":"del","content":"        Cantons d'Argentan-Est, Argentan-Ouest, Briouze, Écouché, Exmes, Gacé, La Ferté-Frênel, Le Merlerault, Mortrée (à l'exception de la fraction de commune de Chailloué), Putanges-Pont-Écrepin, Trun et Vimoutiers et commune de Mortrée."},{"type":"del","content":""},{"type":"add","content":"Cantons d'Argentan-Est, Argentan-Ouest, Briouze, Écouché, Exmes, Gacé, La Ferté-Frênel, Le Merlerault, Mortrée (à l'exception de la fraction de commune de Chailloué), Putanges-Pont-Écrepin, Trun et Vimoutiers et communes de Merlerault-le-Pin et Mortrée."},{"type":"del","content":""},{"type":"del","content":""},{"type":"del","content":"        Flers"},{"type":"del","content":""},{"type":"del","content":""},{"type":"del","content":""},{"type":"del","content":"        Cantons d'Athis-de-l'Orne, Domfront, Flers-Nord, Flers-Sud, Juvigny-sous-Andaine, La Ferté-Macé, Messei, Passais et Tinchebray."},{"type":"del","content":""},{"type":"add","content":"Flers"},{"type":"add","content":"Cantons d'Athis-de-l'Orne, Domfront, Flers-Nord, Flers-Sud, Juvigny-sous-Andaine, La Ferté-Macé, Messei, Passais et Tinchebray."},{"type":"del","content":""},{"type":"del","content":""},{"type":"del","content":""},{"type":"del","content":""},{"type":"del","content":""},{"type":"del","content":""},{"type":"del","content":"        Cantons d'Ayen, Beaulieu-sur-Dordogne, Beynat, Brive-la-Gaillarde-Centre, Brive-la-Gaillarde-Nord-Est, Brive-la-Gaillarde-Nord-Ouest, Brive-la-Gaillarde-Sud-Est, Brive-la-Gaillarde-Sud-Ouest, Donzenac, Juillac, Larche, Lubersac, Malemort-sur-Corrèze, Meyssac et Vigeois."},{"type":"add","content":"        Cantons d'Ayen, Beaulieu-sur-Dordogne, Beynat, Brive-la-Gaillarde-Centre, Brive-la-Gaillarde-Nord-Est, Brive-la-Gaillarde-Nord-Ouest, Brive-la-Gaillarde-Sud-Est, Brive-la-Gaillarde-Sud-Ouest, Donzenac, Juillac, Larche, Lubersac (à l'exception de la fraction de commune des Trois-Saints), Malemort-sur-Corrèze, Meyssac et Vigeois."},{"type":"del","content":""},{"type":"del","content":""},{"type":"del","content":""},{"type":"del","content":""},{"type":"del","content":""},{"type":"del","content":""},{"type":"del","content":""},{"type":"del","content":""},{"type":"del","content":""},{"type":"del","content":"        Cantons d'Argentat, Bort-les-Orgues, Bugeat, Corrèze, Égletons, Eygurande, La Roche-Canillac, Lapleau, Mercoeur, Meymac, Neuvic, Saint-Privat, Seilhac, Sornac, Treignac, Tulle-Campagne-Nord, Tulle-Campagne-Sud, Tulle-Urbain-Nord, Tulle-Urbain-Sud, Ussel-Est, Ussel-Ouest et Uzerche."},{"type":"add","content":"        Cantons d'Argentat, Bort-les-Orgues, Bugeat, Corrèze, Égletons, Eygurande, La Roche-Canillac, Lapleau, Mercoeur, Meymac, Neuvic, Saint-Privat, Seilhac, Sornac, Treignac, Tulle-Campagne-Nord, Tulle-Campagne-Sud, Tulle-Urbain-Nord, Tulle-Urbain-Sud, Ussel-Est, Ussel-Ouest et Uzerche et commune des Trois-Saints."},{"type":"del","content":"Conformément au premier alinéa de l’article 3 du décret n° 2023-788 du 18 août 2023, ces dispositions entrent en vigueur le 1er septembre 2023."},{"type":"add","content":"Conformément à l'article 2 du décret n° 2025-122 du 11 février 2025, les dispositions dudit décret entrent en vigueur le 1er mars 2025."},{"type":"del","content":"Se reporter aux modalités d’application prévues au second alinéa dudit article 3."},{"type":"add","content":"Conformément à l'article 2 du décret n° 2025-145 du 18 février 2025, les dispositions dudit décret entrent en vigueur le 1er mars 2025."},{"type":"del","content":"Décret n° 2023-788 du 18 août 2023 portant création d'une section détachée du tribunal de première instance de Papeete compétente pour les îles Tuamotu, les îles Gambier et les îles Australes - article ENTIEREMENT_MODIF MODIFIE source"},{"type":"add","content":"Décret n° 2025-145 du 18 février 2025 modifiant le ressort des tribunaux judiciaires de Brive-la-Gaillarde et de Tulle à la suite de la création de la commune nouvelle des Trois-Saints - article ENTIEREMENT_MODIF MODIFIE source"},{"type":"add","content":""},{"type":"add","content":""},{"type":"add","content":"Décret n° 2025-122 du 11 février 2025 modifiant le ressort des tribunaux judiciaires d'Alençon et d'Argentan à la suite de la création de la commune nouvelle de Merlerault-le-Pin - article ENTIEREMENT_MODIF MODIFICATION cible"},{"type":"del","content":"2023-08-18 MODIFIE cible Décret n° 2023-788 du 18 août 2023 portant création d'une section détachée du tribunal de première instance de Papeete compétente pour les îles Tuamotu, les îles Gambier et les îles Australes - article ENTIEREMENT_MODIF"},{"type":"add","content":"2025-02-11 MODIFICATION source Décret n° 2025-122 du 11 février 2025 modifiant le ressort des tribunaux judiciaires d'Alençon et d'Argentan à la suite de la création de la commune nouvelle de Merlerault-le-Pin - article ENTIEREMENT_MODIF"},{"type":"add","content":""},{"type":"add","content":""},{"type":"add","content":"2025-02-18 MODIFIE cible Décret n° 2025-145 du 18 février 2025 modifiant le ressort des tribunaux judiciaires de Brive-la-Gaillarde et de Tulle à la suite de la création de la commune nouvelle des Trois-Saints - article ENTIEREMENT_MODIF"},{"type":"del","content":"* [JSON dans git](https://git.tricoteuses.fr/dila/donnees_juridiques/src/branch/main/LEGI/ARTI/00/00/47/98/34/LEGIARTI000047983476.json)"},{"type":"del","content":"* [Références JSON dans git](https://git.tricoteuses.fr/dila/references_donnees_juridiques/src/branch/main/LEGI/ARTI/00/00/47/98/34/LEGIARTI000047983476.json)"},{"type":"del","content":"* [Markdown dans git](https://git.tricoteuses.fr/dila/textes_juridiques/src/branch/main/LEGI/ARTI/00/00/47/98/34/LEGIARTI000047983476.md)"},{"type":"add","content":"* [JSON dans git](https://git.tricoteuses.fr/dila/donnees_juridiques/src/branch/main/LEGI/ARTI/00/00/51/19/86/LEGIARTI000051198676.json)"},{"type":"add","content":"* [Références JSON dans git](https://git.tricoteuses.fr/dila/references_donnees_juridiques/src/branch/main/LEGI/ARTI/00/00/51/19/86/LEGIARTI000051198676.json)"},{"type":"add","content":"* [Markdown dans git](https://git.tricoteuses.fr/dila/textes_juridiques/src/branch/main/LEGI/ARTI/00/00/51/19/86/LEGIARTI000051198676.md)"},{"type":"del","content":"* [Légifrance](https://www.legifrance.gouv.fr/codes/article_lc/LEGIARTI000047983476)"},{"type":"add","content":"* [Légifrance](https://www.legifrance.gouv.fr/codes/article_lc/LEGIARTI000051198676)"}],"status":"modified"}],"stats":{"additions":34,"deletions":97,"filesChanged":1}}