{"sha":"69e15c781164","date":"2010-06-27","message":"Décret n° 2010-694 du 24 juin 2010 modifiant le siège et le ressort des tribunaux d'instance, des juridictions de proximité et des tribunaux de grande instance","files":[{"filename":"partie_reglementaire/annexes/article_annexe_tableau_iv.md","articleName":"Article ANNEXE TABLEAU IV","additions":35,"deletions":39,"diff":[{"type":"del","content":"[Péronne (6)]"},{"type":"add","content":"[Péronne (16)]"},{"type":"del","content":"[Péronne (5)]"},{"type":"add","content":"[Péronne (15)]"},{"type":"del","content":"[Laval"},{"type":"del","content":"Cantons d'Ambrières-les-Vallées, Argentré, Bais, Bierné, Château Gontier-Est, Château-Gontier-Ouest, Chailland, Cossé-le-Vivien, Couptrain, Craon, Ernée, Évron, Gorron, Grez-en-Bouère, Landivy, Lassay-les-Châteaux, Laval-Est, Laval-Nord-Est, Laval-Nord-Ouest, Laval-Saint-Nicolas, Laval-Sud-Ouest, Le Horps, Loiron, Mayenne Est, Mayenne-Ouest, Meslay-du-Maine, Montsûrs, Pré-en-Pail, Saint-Aignan-sur-Roë, Saint-Berthevin, Sainte-Suzanne et Villaines-la-Juhel. (4)]"},{"type":"add","content":"[LavalCantons"},{"type":"add","content":"d'Ambrières-les-Vallées, Argentré, Bais, Bierné, Château Gontier-Est, Château-Gontier-Ouest, Chailland, Cossé-le-Vivien, Couptrain, Craon, Ernée, Évron, Gorron, Grez-en-Bouère, Landivy, Lassay-les-Châteaux, Laval-Est, Laval-Nord-Est, Laval-Nord-Ouest, Laval-Saint-Nicolas, Laval-Sud-Ouest, Le Horps, Loiron, Mayenne Est, Mayenne-Ouest, Meslay-du-Maine, Montsûrs, Pré-en-Pail, Saint-Aignan-sur-Roë, Saint-Berthevin, Sainte-Suzanne et Villaines-la-Juhel. (4)]"},{"type":"del","content":"Cantons de Baugy, Bourges 1er canton, Bourges 2° canton, Bourges 3e canton, Bourges 4e canton, Bourges 5e canton, Chârost, Les Aix d'Angillon, Levet, Mehun-sur-Yèvre, Saint-Doulchard et Saint-Martin-d'Auxigny. (11)]"},{"type":"add","content":"Cantons de Baugy, Bourges 1er canton, Bourges 2e canton, Bourges 3e canton, Bourges 4e canton, Bourges 5e canton, Chârost, Les Aix d'Angillon, Levet, Mehun-sur-Yèvre, Saint-Doulchard et Saint-Martin-d'Auxigny. (11)]"},{"type":"del","content":"[CaenCantons"},{"type":"del","content":"de Balleroy, Bayeux, Bourguébus, Bretteville-sur-Laize, Cabourg, Caen 1er canton, Caen 2e canton, Caen 3e canton, Caen 4e canton, Caen 7e canton, Caen 8e canton, Caen 9e canton, Caen 10e canton, Caen-Ilérouville Caen 6e canton, Caumont-l'Éventé, Creully, Douvres-la-Délivrande, Évrecy, Falaise-Nord, Falaise-Sud, Hérouville-Saint-Clair Caen 5e canton, Isigny-sur-Mer, Mortcaux Couliboeuf, Ouistreham, Ryes, Tilly-sur-Seulles, Trévières, Troarn, Thury-Harcourt et Villers-Bocage. (4)]"},{"type":"add","content":"[Caen"},{"type":"add","content":"Cantons de Balleroy, Bayeux, Bourguébus, Bretteville-sur-Laize, Cabourg, Caen 1er canton, Caen 2e canton, Caen 3e canton, Caen 4e canton, Caen 7e canton, Caen 8e canton, Caen 9e canton, Caen 10e canton, Caen-Ilérouville Caen 6e canton, Caumont-l'Éventé, Creully, Douvres-la-Délivrande, Évrecy, Falaise-Nord, Falaise-Sud, Hérouville-Saint-Clair Caen 5e canton, Isigny-sur-Mer, Mortcaux Couliboeuf, Ouistreham, Ryes, Tilly-sur-Seulles, Trévières, Troarn, Thury-Harcourt et Villers-Bocage. (4)]"},{"type":"del","content":"Cantons de Buxy, Chagny, Chalon-sur-S aône-Centre, Chalon-sur-Saône-Nord, Chalon-sur-Saône-Ouest, Chalon-sur-Saône-Sud, Givry, Saint-Germain-du-Plain, Saint-Martin-en-Bresse, Sennecey-le-Grand et Verdun-sur-le-Doubs. (3)]"},{"type":"add","content":"Cantons de Buxy, Chagny, Chalon-sur-Saône-Centre, Chalon-sur-Saône-Nord, Chalon-sur-Saône-Ouest, Chalon-sur-Saône-Sud, Givry, Saint-Germain-du-Plain, Saint-Martin-en-Bresse, Sennecey-le-Grand et Verdun-sur-le-Doubs. (3)]"},{"type":"del","content":"[Le CreusotCantons"},{"type":"add","content":"[le CreusotCantons"},{"type":"del","content":"Cantons d'Approuague-Kaw, Cayenne 1, r canton Nord-Ouest, Cayenne 2e canton Nord-Est, Cayenne 3e canton Sud-Ouest, Cayenne 4e canton Centre, Cayenne 5e canton Sud, Cayenne 6e canton Sud-Est, Iracoubo, Kourou, Macouria, Mana, Maripasoula, Matoury, Montsinéry-Tonnegrande, Remire-Montjoly, Roura, Saint-Georges Oyapoc, Saint-Laurent-du-Maroni et Sinnamary."},{"type":"add","content":"Cantons d'Approuague-Kaw, Cayenne 1er canton Nord-Ouest, Cayenne 2e canton Nord-Est, Cayenne 3e canton Sud-Ouest, Cayenne 4e canton Centre, Cayenne 5e canton Sud, Cayenne 6e canton Sud-Est, Iracoubo, Kourou, Macouria, Mana, Maripasoula, Matoury, Montsinéry-Tonnegrande, Remire-Montjoly, Roura, Saint-Georges Oyapoc, Saint-Laurent-du-Maroni et Sinnamary."},{"type":"del","content":""},{"type":"del","content":"[Epinal"},{"type":"del","content":""},{"type":"del","content":""},{"type":"del","content":"Cantons de Bains-les-Bains, Bruyères, Bulgnéville, Châtel-sur-Moselle, Châtenois, Coussey, Épinal-Est, Épinal-Ouest, Lamarche, Neufchâteau, Rambervillers et Xertigny. (11)]"},{"type":"del","content":""},{"type":"add","content":"[Epinal"},{"type":"add","content":"Cantons de Bains-les-Bains, Bruyères, Bulgnéville, Châtel-sur-Moselle, Châtenois, Coussey, Épinal-Est, Épinal-Ouest, Lamarche, Neufchâteau, Rambervillers et Xertigny. (11)]"},{"type":"del","content":""},{"type":"del","content":"[Epinal"},{"type":"del","content":""},{"type":"del","content":""},{"type":"del","content":"Cantons de Bains-les-Bains, Bruyères, Bulgnéville,"},{"type":"add","content":"[Epinal"},{"type":"add","content":""},{"type":"add","content":"Cantons de Bains-les-Bains, Bruyères, Bulgnéville,"},{"type":"del","content":""},{"type":"del","content":"Cantons de Charmes, Darney, Dompaire, Mirecourt, Monthureux-sur-Saône et Vittel. (3)]"},{"type":"del","content":""},{"type":"add","content":"Cantons de Charmes, Darney, Dompaire, Mirecourt, Monthureux-sur-Saône et Vittel. (3)]"},{"type":"del","content":"Cantons de Droué, Mondoubleau, Montoire-sur-le-Loir, Morée, Saint-Amand-Longpré, Savigny-sur-Braye, Selommes, Vendôme 1 ` t canton et Vendôme 2e canton. (3)]"},{"type":"add","content":"Cantons de Droué, Mondoubleau, Montoire-sur-le-Loir, Morée, Saint-Amand-Longpré, Savigny-sur-Braye, Selommes, Vendôme 1er canton et Vendôme 2e canton. (3)]"},{"type":"del","content":"Troyes"},{"type":"del","content":"[Bar-sur-Aube"},{"type":"del","content":"Cantons de Bar-sur-Aube, Brienne-le-Château, Soulaines-Dhuys et Vendeuvre-sur-Barse. (13)]"},{"type":"del","content":""},{"type":"del","content":""},{"type":"add","content":"Troyes"},{"type":"del","content":"[Moulins]"},{"type":"add","content":"Moulins"},{"type":"del","content":"Monclar-de-Quercy, Montauban, 1er canton, Montauban 2e"},{"type":"del","content":"canton, Montauban 3ème canton, Montauban 4e canton,"},{"type":"add","content":"Monclar-de-Quercy, Montauban, 1er canton, Montauban"},{"type":"add","content":"2e canton, Montauban 3ème canton, Montauban 4e canton,"},{"type":"add","content":"(15) Applicable jusqu'au 30 juin 2010."},{"type":"add","content":"(16) Applicable à compter du 1er juillet 2010."},{"type":"del","content":"Décret n° 2010-283 du 18 mars 2010 modifiant le siège et le ressort des tribunaux d'instance, des juridictions de proximité et des tribunaux de grande instance - article Annexe I ENTIEREMENT_MODIF MODIFIE source"},{"type":"add","content":"Décret n° 2010-694 du 24 juin 2010 modifiant le siège et le ressort des tribunaux d'instance, des juridictions de proximité et des tribunaux de grande instance - article AUTONOME VIGUEUR, en vigueur depuis le 2010-06-27 MODIFIE source"},{"type":"add","content":""},{"type":"add","content":""},{"type":"add","content":"Décret n° 2010-693 du 24 juin 2010 modifiant le siège et le ressort des tribunaux de grande instance d'Amiens et de Péronne - article ENTIEREMENT_MODIF MODIFIE source"},{"type":"del","content":"2010-03-18 MODIFIE cible Décret n° 2010-283 du 18 mars 2010 modifiant le siège et le ressort des tribunaux d'instance, des juridictions de proximité et des tribunaux de grande instance - article Annexe I ENTIEREMENT_MODIF"},{"type":"add","content":"2010-06-24 MODIFIE cible Décret n° 2010-693 du 24 juin 2010 modifiant le siège et le ressort des tribunaux de grande instance d'Amiens et de Péronne - article ENTIEREMENT_MODIF"},{"type":"add","content":""},{"type":"add","content":""},{"type":"add","content":"2010-06-24 MODIFIE cible Décret n° 2010-694 du 24 juin 2010 modifiant le siège et le ressort des tribunaux d'instance, des juridictions de proximité et des tribunaux de grande instance - article AUTONOME VIGUEUR, en vigueur depuis le 2010-06-27"},{"type":"del","content":"* [JSON dans git](https://git.tricoteuses.fr/dila/donnees_juridiques/src/branch/main/LEGI/ARTI/00/00/21/99/45/LEGIARTI000021994532.json)"},{"type":"del","content":"* [Références JSON dans git](https://git.tricoteuses.fr/dila/references_donnees_juridiques/src/branch/main/LEGI/ARTI/00/00/21/99/45/LEGIARTI000021994532.json)"},{"type":"del","content":"* [Markdown dans git](https://git.tricoteuses.fr/dila/textes_juridiques/src/branch/main/LEGI/ARTI/00/00/21/99/45/LEGIARTI000021994532.md)"},{"type":"add","content":"* [JSON dans git](https://git.tricoteuses.fr/dila/donnees_juridiques/src/branch/main/LEGI/ARTI/00/00/22/39/41/LEGIARTI000022394149.json)"},{"type":"add","content":"* [Références JSON dans git](https://git.tricoteuses.fr/dila/references_donnees_juridiques/src/branch/main/LEGI/ARTI/00/00/22/39/41/LEGIARTI000022394149.json)"},{"type":"add","content":"* [Markdown dans git](https://git.tricoteuses.fr/dila/textes_juridiques/src/branch/main/LEGI/ARTI/00/00/22/39/41/LEGIARTI000022394149.md)"},{"type":"del","content":"* [Légifrance](https://www.legifrance.gouv.fr/codes/article_lc/LEGIARTI000021994532)"},{"type":"add","content":"* [Légifrance](https://www.legifrance.gouv.fr/codes/article_lc/LEGIARTI000022394149)"}],"status":"modified"}],"stats":{"additions":35,"deletions":39,"filesChanged":1}}