{"sha":"9ab12e72d79b","date":"2013-09-01","message":"Décret n° 2013-686 du 24 juillet 2013 portant création d'une chambre détachée du tribunal de grande instance de Cayenne à Saint-Laurent-du-Maroni","files":[{"filename":"partie_reglementaire/annexes/article_annexe_tableau_iv.md","articleName":"Article ANNEXE TABLEAU IV","additions":100,"deletions":173,"diff":[{"type":"del","content":"SIÈGE ET RESSORT DES COURS D'APPEL ET DES TRIBUNAUX SUPÉRIEURS D'APPEL, DES TRIBUNAUX DE GRANDE INSTANCE ET DE PREMIÈRE INSTANCE, DES CHAMBRES DÉTACHÉES DES TRIBUNAUX DE GRANDE INSTANCE, DES SECTIONS DÉTACHÉES DES TRIBUNAUX DE PREMIÈRE INSTANCE, DES TRIBUNAUX D'INSTANCE ET DES JURIDICTIONS DE PROXIMITÉ (ANNEXE DES ARTICLES D. 211-1, D. 221-1, D. 231-1, D. 311-1, D. 522-1, D. 522-10, D. 522-22, D. 532-2, D. 552-1, D. 552-17, D. 562-1 ET D. 562-26)"},{"type":"del","content":""},{"type":"add","content":"SIÈGE ET RESSORT DES COURS D'APPEL ET DES TRIBUNAUX SUPÉRIEURS D'APPEL, DES TRIBUNAUX DE GRANDE INSTANCE ET DE PREMIÈRE INSTANCE, DES CHAMBRES DÉTACHÉES DES TRIBUNAUX DE GRANDE INSTANCE, DES SECTIONS DÉTACHÉES DES TRIBUNAUX DE PREMIÈRE INSTANCE, DES TRIBUNAUX D'INSTANCE ET DES JURIDICTIONS DE PROXIMITÉ (ANNEXE DES ARTICLES D. 211-1, D. 212-19, D. 221-1, D. 231-1, D. 311-1, D. 522-1, D. 522-10, D. 522-22, D. 532-2, D. 552-1, D. 552-17, D. 562-1 ET D. 562-26)"},{"type":"add","content":""},{"type":"add","content":""},{"type":"del","content":""},{"type":"del","content":"Besançon"},{"type":"del","content":""},{"type":"del","content":""},{"type":"del","content":"[Baume-les-Dames"},{"type":"del","content":""},{"type":"del","content":""},{"type":"del","content":"Cantons de Baume-les-Dames, Clerval, L'Isle-sur-le-Doubs, Pierrefontaine-les-Varans, Rougemont, Roulans et Vercel-Villedieu le-Camp. (3)]"},{"type":"del","content":""},{"type":"add","content":"Besançon"},{"type":"add","content":"[Baume-les-Dames"},{"type":"add","content":"Cantons de Baume-les-Dames, Clerval, L'Isle-sur-le-Doubs, Pierrefontaine-les-Varans, Rougemont, Roulans et Vercel-Villedieu le-Camp. (3)]"},{"type":"del","content":""},{"type":"del","content":"[Besançon"},{"type":"del","content":""},{"type":"del","content":""},{"type":"del","content":"Cantons d'Amancey, Audeux, Besançon-Est, Besançon-Nord-Est, Besançon-Nord-Ouest, Besançon-Ouest, Besançon-Planoise, Besançon-Sud, Boussières, Marchaux, Ornans et Quingey. (3)]"},{"type":"del","content":""},{"type":"add","content":"[Besançon"},{"type":"add","content":"Cantons d'Amancey, Audeux, Besançon-Est, Besançon-Nord-Est, Besançon-Nord-Ouest, Besançon-Ouest, Besançon-Planoise, Besançon-Sud, Boussières, Marchaux, Ornans et Quingey. (3)]"},{"type":"del","content":""},{"type":"del","content":"[Besançon"},{"type":"del","content":""},{"type":"del","content":""},{"type":"del","content":"Cantons d'Amancey, Audeux, Baume-les-Dames, Besançon-Est, Besançon-Nord-Est, Besançon-Nord-Ouest, Besançon-Ouest, Besançon-Planoise, Besançon-Sud, Boussières, Clerval, L'Isle-sur-le Doubs, Marchaux, Ornans, Quingey, Rougemont et Roulans. (4)]"},{"type":"del","content":""},{"type":"add","content":"[Besançon"},{"type":"add","content":"Cantons d'Amancey, Audeux, Baume-les-Dames, Besançon-Est, Besançon-Nord-Est, Besançon-Nord-Ouest, Besançon-Ouest, Besançon-Planoise, Besançon-Sud, Boussières, Clerval, L'Isle-sur-le Doubs, Marchaux, Ornans, Quingey, Rougemont et Roulans. (4)]"},{"type":"del","content":""},{"type":"del","content":"[Pontarlier"},{"type":"del","content":""},{"type":"del","content":""},{"type":"del","content":"Cantons de Levier, Montbenoît, Morteau, Mouthe et Pontarlier. (3)]"},{"type":"del","content":""},{"type":"add","content":"[Pontarlier"},{"type":"add","content":"Cantons de Levier, Montbenoît, Morteau, Mouthe et Pontarlier. (3)]"},{"type":"del","content":""},{"type":"del","content":"[Pontarlier"},{"type":"del","content":""},{"type":"del","content":""},{"type":"del","content":"Cantons de Levier, Montbenoît, Morteau, Mouthe, Pontarlier, Pierrefontaine-les-Varans et Vercel-Villedieu-le-Camp. (4)]"},{"type":"del","content":""},{"type":"add","content":"[Pontarlier"},{"type":"add","content":"Cantons de Levier, Montbenoît, Morteau, Mouthe, Pontarlier, Pierrefontaine-les-Varans et Vercel-Villedieu-le-Camp. (4)]"},{"type":"del","content":""},{"type":"del","content":"Montbéliard"},{"type":"del","content":""},{"type":"del","content":""},{"type":"del","content":"Montbéliard"},{"type":"del","content":""},{"type":"del","content":""},{"type":"del","content":"Cantons d'Audincourt, Étupes, Hérimoncourt, Le Russey, Maîche, Montbéliard-Est, Montbéliard-Ouest, Pont-de-Roide, Saint-Hippolyte, Sochaux-Grand-Charmont de Valentigney."},{"type":"del","content":""},{"type":"add","content":"Montbéliard"},{"type":"add","content":"Montbéliard"},{"type":"add","content":"Cantons d'Audincourt, Étupes, Hérimoncourt, Le Russey, Maîche, Montbéliard-Est, Montbéliard-Ouest, Pont-de-Roide, Saint-Hippolyte, Sochaux-Grand-Charmont de Valentigney."},{"type":"del","content":""},{"type":"del","content":"Vesoul"},{"type":"del","content":""},{"type":"del","content":""},{"type":"del","content":"[Gray"},{"type":"del","content":""},{"type":"del","content":""},{"type":"del","content":"Cantons d'Autrey-Iès-Gray, Champlitte, Dampierre-sur-Salon, Fresne Saint-Mamès, Gray, Gy, Marnay et Pesmes. (3)]"},{"type":"del","content":""},{"type":"add","content":"Vesoul"},{"type":"add","content":"[Gray"},{"type":"add","content":"Cantons d'Autrey-Iès-Gray, Champlitte, Dampierre-sur-Salon, Fresne Saint-Mamès, Gray, Gy, Marnay et Pesmes. (3)]"},{"type":"del","content":""},{"type":"del","content":"[Lure (6)]"},{"type":"del","content":""},{"type":"del","content":""},{"type":"del","content":"Cantons de Champagney, Faucogney-et-la-Mer, Héricourt-Est, Héricourt-Ouest, Lure-Nord, Lure-Sud, Luxeuil-les-Bains, Mélisey, Saint-Loup-sur-Semouse, Saint-Sauveur, Saulx, Vauvillers et Villersexel."},{"type":"del","content":""},{"type":"add","content":"[Lure (6)]"},{"type":"add","content":"Cantons de Champagney, Faucogney-et-la-Mer, Héricourt-Est, Héricourt-Ouest, Lure-Nord, Lure-Sud, Luxeuil-les-Bains, Mélisey, Saint-Loup-sur-Semouse, Saint-Sauveur, Saulx, Vauvillers et Villersexel."},{"type":"del","content":""},{"type":"del","content":"[Vesoul"},{"type":"del","content":""},{"type":"del","content":""},{"type":"del","content":"Cantons d'Amante, Combeaufontaine, Jussey, Montbozon, Noroy-le Bourg, Port-sur-Saône, Rioz, Scey-sur-Saône-et-Saint-Albin, Vesoul Est, Vesoul-Ouest et Vitrey-sur-Mance. (3)]"},{"type":"del","content":""},{"type":"add","content":"[Vesoul"},{"type":"add","content":"Cantons d'Amante, Combeaufontaine, Jussey, Montbozon, Noroy-le Bourg, Port-sur-Saône, Rioz, Scey-sur-Saône-et-Saint-Albin, Vesoul Est, Vesoul-Ouest et Vitrey-sur-Mance. (3)]"},{"type":"del","content":""},{"type":"del","content":"[Vesoul"},{"type":"del","content":""},{"type":"del","content":""},{"type":"del","content":"Cantons d'Amante, Autrey-lès-Gray, Champlitte, Combeaufontaine, Dampierre-sur-Salon, Fresne-Saint-Mamès, Gray, Gy, Jussey, Marnay, Montbozon, Noroy-le-Bourg, Pesmes, Port-sur-Saône, Rioz, Scey-sur-Saône-et-Saint-Albin, Vesoul-Est, Vesoul-Ouest et Vitrey sur-Mance. (4)]"},{"type":"del","content":""},{"type":"add","content":"[Vesoul"},{"type":"add","content":"Cantons d'Amante, Autrey-lès-Gray, Champlitte, Combeaufontaine, Dampierre-sur-Salon, Fresne-Saint-Mamès, Gray, Gy, Jussey, Marnay, Montbozon, Noroy-le-Bourg, Pesmes, Port-sur-Saône, Rioz, Scey-sur-Saône-et-Saint-Albin, Vesoul-Est, Vesoul-Ouest et Vitrey sur-Mance. (4)]"},{"type":"del","content":""},{"type":"del","content":"[Lure (5)]"},{"type":"del","content":""},{"type":"del","content":""},{"type":"del","content":"[Lure"},{"type":"del","content":""},{"type":"del","content":""},{"type":"del","content":"Cantons de Champagney, Héricourt-Est, Héricourt-Ouest, Lure-Nord, Lure-Sud, Mélisey et Villersexel. (3)]"},{"type":"del","content":""},{"type":"add","content":"[Lure (5)]"},{"type":"add","content":"[Lure"},{"type":"add","content":"Cantons de Champagney, Héricourt-Est, Héricourt-Ouest, Lure-Nord, Lure-Sud, Mélisey et Villersexel. (3)]"},{"type":"del","content":""},{"type":"del","content":"[Lure"},{"type":"del","content":""},{"type":"del","content":""},{"type":"del","content":"Cantons de Champagney, Faucogney-et-la-Mer, Héricourt-Est, Héricourt-Ouest, Lure-Nord, Lure-Sud, Luxeuil-les-Bains, Mélisey, Saint-Loup-sur-Semouse, Saint-Sauveur, Saulx, Vauvillers et Villersexel. (4)]"},{"type":"del","content":""},{"type":"add","content":"[Lure"},{"type":"add","content":"Cantons de Champagney, Faucogney-et-la-Mer, Héricourt-Est, Héricourt-Ouest, Lure-Nord, Lure-Sud, Luxeuil-les-Bains, Mélisey, Saint-Loup-sur-Semouse, Saint-Sauveur, Saulx, Vauvillers et Villersexel. (4)]"},{"type":"del","content":""},{"type":"del","content":"Bourges"},{"type":"del","content":""},{"type":"del","content":""},{"type":"del","content":"[Bourges"},{"type":"del","content":""},{"type":"del","content":""},{"type":"del","content":"Cantons de Baugy, Bourges 1er canton, Bourges 2e canton, Bourges 3e canton, Bourges 4e canton, Bourges 5e canton, Chârost, Les Aix d'Angillon, Levet, Mehun-sur-Yèvre, Saint-Doulchard et Saint-Martin-d'Auxigny. (11)]"},{"type":"del","content":""},{"type":"add","content":"Bourges"},{"type":"add","content":"[Bourges"},{"type":"add","content":"Cantons de Baugy, Bourges 1er canton, Bourges 2° canton, Bourges 3e canton, Bourges 4e canton, Bourges 5e canton, Chârost, Les Aix d'Angillon, Levet, Mehun-sur-Yèvre, Saint-Doulchard et Saint-Martin-d'Auxigny. (11)]"},{"type":"del","content":""},{"type":"del","content":"[Bourges"},{"type":"del","content":""},{"type":"del","content":""},{"type":"del","content":"Cantons de Baugy, Bourges 1er canton, Bourges 2e canton, Bourges 3e canton, Bourges 4e canton, Bourges 5e canton, Chârost, Graçay, Les Aix-d'Angillon, Levet, Lury-sur-Arnon, Mehun sur-Yèvre, Saint-Doulchard, Saint-Martin-d'Auxigny, Vierzon 1er canton et Vierzon 2e canton. (12 et 3)]"},{"type":"del","content":""},{"type":"add","content":"[Bourges"},{"type":"add","content":"Cantons de Baugy, Bourges 1er canton, Bourges 2e canton, Bourges 3e canton, Bourges 4e canton, Bourges 5e canton, Chârost, Graçay, Les Aix-d'Angillon, Levet, Lury-sur-Arnon, Mehun sur-Yèvre, Saint-Doulchard, Saint-Martin-d'Auxigny, Vierzon 1er canton et Vierzon 2e canton. (12 et 3)]"},{"type":"del","content":""},{"type":"del","content":"[Vierzon"},{"type":"del","content":""},{"type":"del","content":""},{"type":"del","content":"Cantons de Graçay, Lury-sur-Arnon, Vierzon 1er canton et Vierzon 2e canton. (11)]"},{"type":"del","content":""},{"type":"add","content":"[Vierzon"},{"type":"add","content":"Cantons de Graçay, Lury-sur-Arnon, Vierzon 1er canton et Vierzon 2e canton. (11)]"},{"type":"del","content":"Cantons de Balleroy, Bayeux, Bourguébus, Bretteville-sur-Laize, Cabourg, Caen 1er canton, Caen 2e canton, Caen 3e canton, Caen 4e canton, Caen 7e canton, Caen 8e canton, Caen 9e canton, Caen 10e canton, Caen-Ilérouville Caen 6e canton, Caumont-l'Éventé, Creully, Douvres-la-Délivrande, Évrecy, Falaise-Nord, Falaise-Sud, Hérouville-Saint-Clair Caen 5e canton, Isigny-sur-Mer, Mortcaux Couliboeuf, Ouistreham, Ryes, Tilly-sur-Seulles, Trévières, Troarn, Thury-Harcourt et Villers-Bocage. (4)]"},{"type":"add","content":"Cantons de Balleroy, Bayeux, Bourguébus, Bretteville-sur-Laize, Cabourg, Caen 1er canton, Caen 2e canton, Caen 3e canton, Caen 4e canton, Caen 7e canton, Caen 8e canton, Caen 9e canton, Caen 10e canton, Caen-Ilérouville Caen 6e canton, Caumont-l'Éventé, Creully, Douvres-la-Délivrande, Évrecy, Falaise-Nord, Falaise-Sud, Hérouville-Saint-Clair Caen 5e canton, Isigny-sur-Mer, Mortcaux Couliboeuf, Ouistreham, Ryes, Tilly-sur-Seulles, Trévières, Troarn, Thury-Harcourt et Villers-Bocage. (4)]"},{"type":"del","content":"Cantons de Bourguébus, Cabourg, Caen 1er canton, Caen 2e canton, Caen 3e canton, Caen 4e canton, Caen 7e canton, Caen 8e canton, Caen 9e canton, Caen 10e canton, Caen-Hérouville Caen 6e canton, Creully, Douvres-la-Délivrande, Évrecy, Hérouville-Saint-Clair Caen 5e canton, Ouistreham, Tilly-sur-Seulles, Troarn et Villers-Bocage. (11)]"},{"type":"add","content":"Cantons de Bourguébus, Cabourg, Caen 1er canton, Caen 2e canton, Caen 3e canton, Caen 4e canton, Caen 7e canton, Caen 8e canton, Caen 9° canton, Caen 10e canton, Caen-Hérouville Caen 6e canton, Creully, Douvres-la-Délivrande, Évrecy, Hérouville-Saint-Clair Caen 5e canton, Ouistreham, Tilly-sur-Seulles, Troarn et Villers-Bocage. (11)]"},{"type":"add","content":""},{"type":"add","content":""},{"type":"add","content":"Guyane"},{"type":"add","content":""},{"type":"add","content":""},{"type":"del","content":"6e canton Sud-Est, Iracoubo, Kourou, Macouria, Mana, Maripasoula,"},{"type":"del","content":"Matoury, Montsinéry-Tonnegrande, Remire-Montjoly, Roura,"},{"type":"del","content":"          Saint-Georges-Oyapoc, Saint-Laurent-du-Maroni et Sinnamary."},{"type":"add","content":"6e canton Sud-Est, Iracoubo, Kourou, Macouria, Mana,"},{"type":"add","content":"Maripasoula, Matoury, Montsinéry-Tonnegrande, Remire-Montjoly,"},{"type":"add","content":"Roura, Saint-Georges-Oyapoc, Saint-Laurent-du-Maroni et"},{"type":"add","content":"          Sinnamary."},{"type":"add","content":""},{"type":"add","content":""},{"type":"add","content":""},{"type":"add","content":""},{"type":"add","content":""},{"type":"add","content":"Dont une chambre détachée à Saint-Laurent-du-Maroni"},{"type":"add","content":""},{"type":"add","content":""},{"type":"add","content":""},{"type":"add","content":""},{"type":"add","content":"Ressort de la chambre détachée à Saint-Laurent-du-Maroni :"},{"type":"add","content":"          Mana, Maripasoula, Saint-Laurent-du-Maroni"},{"type":"del","content":"[Le Creusot"},{"type":"del","content":"Cantons d'Autun-Nord, Autun-Sud, Couches, Épinac, Issy-l'Évêque, Le Creusot-Est, Le Creusot-Ouest, Lucenay-l'Évêque, Mesvres, Montcenis, Montceau-les-Mines-Nord, Montceau-les-Mines-Sud, Montchanin, Mont-Saint-Vincent et Saint-Léger-sous-Beuvray. (4)]"},{"type":"add","content":"[Le CreusotCantons"},{"type":"add","content":"d'Autun-Nord, Autun-Sud, Couches, Épinac, Issy-l'Évêque, Le Creusot-Est, Le Creusot-Ouest, Lucenay-l'Évêque, Mesvres, Montcenis, Montceau-les-Mines-Nord, Montceau-les-Mines-Sud, Montchanin, Mont-Saint-Vincent et Saint-Léger-sous-Beuvray. (4)]"},{"type":"del","content":"Ain"},{"type":"del","content":""},{"type":"del","content":""},{"type":"add","content":""},{"type":"add","content":"Ain"},{"type":"add","content":""},{"type":"del","content":"[Saint-Dié-des-Vosges (5)]"},{"type":"del","content":"Saint-Dié-des-Vosges"},{"type":"del","content":"Cantons de Brouvelieures, Corcieux, Fraize, Gérardmer, Provenchères-sur-Fave, Raon-l'Étape, Saint-Dié-des-Vosges-Est, Saint-Dié-des-Vosges-Ouest et Senones."},{"type":"add","content":""},{"type":"add","content":"[Saint-Dié-des-Vosges (5)]"},{"type":"add","content":""},{"type":"add","content":""},{"type":"add","content":"Saint-Dié-des-Vosges"},{"type":"add","content":""},{"type":"add","content":""},{"type":"add","content":"Cantons de Brouvelieures, Corcieux, Fraize, Gérardmer, Provenchères-sur-Fave, Raon-l'Étape, Saint-Dié-des-Vosges-Est, Saint-Dié-des-Vosges-Ouest et Senones."},{"type":"add","content":""},{"type":"del","content":"Cantons de Droué, Mondoubleau, Montoire-sur-le-Loir, Morée, Saint-Amand-Longpré, Savigny-sur-Braye, Selommes, Vendôme 1 ` t canton et Vendôme 2e canton. (3)]"},{"type":"add","content":"Cantons de Droué, Mondoubleau, Montoire-sur-le-Loir, Morée, Saint-Amand-Longpré, Savigny-sur-Braye, Selommes, Vendôme 1er canton et Vendôme 2e canton. (3)]"},{"type":"del","content":"Montauban 5e canton, Montauban 6e canton, Montpezat-de-Quercy,"},{"type":"del","content":"Nègrepelisse, Saint-Antonin-Noble-Val et Villebrumier."},{"type":"add","content":"Montauban 5e canton, Montauban 6e canton, Montpezat-de-Quercy, Nègrepelisse, Saint-Antonin-Noble-Val et Villebrumier."},{"type":"del","content":""},{"type":"del","content":""},{"type":"del","content":""},{"type":"del","content":""},{"type":"del","content":"Nouméa"},{"type":"del","content":""},{"type":"add","content":"Nouméa"},{"type":"del","content":""},{"type":"del","content":"Nouvelle-Calédonie."},{"type":"del","content":""},{"type":"add","content":"Nouvelle-Calédonie."},{"type":"del","content":""},{"type":"del","content":"Koné"},{"type":"del","content":""},{"type":"del","content":""},{"type":"del","content":"Province Nord."},{"type":"del","content":""},{"type":"add","content":"Koné"},{"type":"add","content":"Province Nord."},{"type":"del","content":""},{"type":"del","content":"Lifou"},{"type":"del","content":""},{"type":"del","content":""},{"type":"del","content":"Province des Îles Loyauté."},{"type":"del","content":""},{"type":"add","content":"Lifou"},{"type":"add","content":"Province des Îles Loyauté."},{"type":"del","content":""},{"type":"del","content":"Mata-Utu"},{"type":"del","content":""},{"type":"add","content":"Mata-Utu"},{"type":"del","content":"Territoire des îles Wallis et Futuna."},{"type":"add","content":"Territoire des îles Wallis et Futuna."},{"type":"del","content":""},{"type":"del","content":"Papeete"},{"type":"del","content":""},{"type":"add","content":"Papeete"},{"type":"del","content":""},{"type":"del","content":"Collectivité d'outre-mer de la Polynésie française."},{"type":"del","content":""},{"type":"add","content":"Collectivité d'outre-mer de la Polynésie française."},{"type":"del","content":""},{"type":"del","content":"Uturoa"},{"type":"del","content":""},{"type":"del","content":""},{"type":"del","content":"Îles Sous-le-Vent."},{"type":"del","content":""},{"type":"add","content":"Uturoa"},{"type":"add","content":"Îles Sous-le-Vent."},{"type":"del","content":""},{"type":"del","content":"Nuku-Hiva"},{"type":"del","content":""},{"type":"del","content":""},{"type":"del","content":"Îles Marquises."},{"type":"del","content":""},{"type":"add","content":"Nuku-Hiva"},{"type":"add","content":"Îles Marquises."},{"type":"del","content":".."},{"type":"del","content":"Décret n° 2011-1878 du 14 décembre 2011 créant la cour d'appel de Cayenne - article 1 ENTIEREMENT_MODIF MODIFIE source"},{"type":"add","content":"Décret n° 2013-686 du 24 juillet 2013 portant création d'une chambre détachée du tribunal de grande instance de Cayenne à Saint-Laurent-du-Maroni - article 2 ENTIEREMENT_MODIF MODIFIE source"},{"type":"del","content":"2011-12-14 MODIFIE cible Décret n° 2011-1878 du 14 décembre 2011 créant la cour d'appel de Cayenne - article 1 ENTIEREMENT_MODIF"},{"type":"add","content":"2013-07-24 MODIFIE cible Décret n° 2013-686 du 24 juillet 2013 portant création d'une chambre détachée du tribunal de grande instance de Cayenne à Saint-Laurent-du-Maroni - article 2 ENTIEREMENT_MODIF"},{"type":"add","content":""},{"type":"add","content":"      2999-01-01 CITATION source Code de l'organisation judiciaire - art. D212-19"},{"type":"add","content":""},{"type":"del","content":"* [JSON dans git](https://git.tricoteuses.fr/dila/donnees_juridiques/src/branch/main/LEGI/ARTI/00/00/24/99/98/LEGIARTI000024999889.json)"},{"type":"del","content":"* [Références JSON dans git](https://git.tricoteuses.fr/dila/references_donnees_juridiques/src/branch/main/LEGI/ARTI/00/00/24/99/98/LEGIARTI000024999889.json)"},{"type":"del","content":"* [Markdown dans git](https://git.tricoteuses.fr/dila/textes_juridiques/src/branch/main/LEGI/ARTI/00/00/24/99/98/LEGIARTI000024999889.md)"},{"type":"add","content":"* [JSON dans git](https://git.tricoteuses.fr/dila/donnees_juridiques/src/branch/main/LEGI/ARTI/00/00/27/78/56/LEGIARTI000027785664.json)"},{"type":"add","content":"* [Références JSON dans git](https://git.tricoteuses.fr/dila/references_donnees_juridiques/src/branch/main/LEGI/ARTI/00/00/27/78/56/LEGIARTI000027785664.json)"},{"type":"add","content":"* [Markdown dans git](https://git.tricoteuses.fr/dila/textes_juridiques/src/branch/main/LEGI/ARTI/00/00/27/78/56/LEGIARTI000027785664.md)"},{"type":"del","content":"* [Légifrance](https://www.legifrance.gouv.fr/codes/article_lc/LEGIARTI000024999889)"},{"type":"add","content":"* [Légifrance](https://www.legifrance.gouv.fr/codes/article_lc/LEGIARTI000027785664)"}],"status":"modified"}],"stats":{"additions":100,"deletions":173,"filesChanged":1}}