{"sha":"b83ddf94de1c","date":"2017-01-01","message":"Décret n° 2016-1996 du 30 décembre 2016 modifiant le ressort de certaines juridictions à la suite de la création de communes nouvelles","files":[{"filename":"partie_reglementaire/annexes/article_annexe_tableau_iv.md","articleName":"Article ANNEXE TABLEAU IV","additions":69,"deletions":144,"diff":[{"type":"del","content":"Siège et ressort des cours d'appel et des tribunaux supérieurs d'appel, des tribunaux de grande instance et de première instance, des chambres détachées des tribunaux de grande instance, des sections détachées des tribunaux de première instance, des tribunaux d'instance et des juridictions de proximité (annexe des articles D. 211-1, D. 212-19, D. 221-1, D. 231-1, D. 311-1, D. 522-1, D. 522-10, D. 522-22, D. 532-2, D. 552-1, D. 552-17, D. 562-1 et D. 562-26)"},{"type":"add","content":"Siège et ressort des cours d'appel et des tribunaux supérieurs d'appel, des tribunaux de grande instance et de première instance, des chambres détachées des tribunaux de grande instance, des sections détachées des tribunaux de première instance, des tribunaux d'instance et des juridictions de proximité"},{"type":"add","content":"(Annexe des articles D. 211-1, D. 212-19, D. 221-1, D. 231-1, D. 311-1, D. 522-1, D. 522-10, D. 522-22, D. 532-2, D. 552-1, D. 552-17, D. 562-1 et D. 562-26)"},{"type":"add","content":""},{"type":"del","content":"Cantons d'Anizy-le-Château, Chauny, Coucy-le-Château-Auffrique, Craonne, Crécy-sur-Serre, La Fère, Laon-Nord, Laon-Sud, Marte, Neufchâtel-sur-Aisne, Rozoy-sur-Serre, Sissonne et Tergnier. (3)]"},{"type":"add","content":"Cantons d'Anizy-le-Château, Chauny, Coucy-le-Château-Auffrique, Craonne, Crécy-sur-Serre, La Fère, Laon-Nord, Laon-Sud, Marle, Neufchâtel-sur-Aisne, Rozoy-sur-Serre, Sissonne et Tergnier. (3)]"},{"type":"del","content":"Auffrique, Craonne, Crécy-sur-Serre, Hirson, La Capelle, La Fère, Laon-Nord, Laon-Sud, Le Nouvion-en-Thiérache, Marte, Neufchâtel-sur-Aisne, Rozoy-sur-Serre, Sains-Richaumont, Sissonne, Tergnier et Vervins. (4)]"},{"type":"add","content":"Auffrique, Craonne, Crécy-sur-Serre, Hirson, La Capelle, La Fère, Laon-Nord, Laon-Sud, Le Nouvion-en-Thiérache, Marle, Neufchâtel-sur-Aisne, Rozoy-sur-Serre, Sains-Richaumont, Sissonne, Tergnier et Vervins. (4)]"},{"type":"del","content":"Besançon"},{"type":"del","content":"[Baume-les-Dames"},{"type":"del","content":"Cantons de Baume-les-Dames, Clerval, L'Isle-sur-le-Doubs, Pierrefontaine-les-Varans, Rougemont, Roulans et Vercel-Villedieu le-Camp. (3)]"},{"type":"del","content":""},{"type":"del","content":""},{"type":"add","content":"Besançon"},{"type":"del","content":"Cantons d'Amancey, Audeux, Besançon-Est, Besançon-Nord-Est, Besançon-Nord-Ouest, Besançon-Ouest, Besançon-Planoise, Besançon-Sud, Boussières, Marchaux, Ornans et Quingey. (3)]"},{"type":"del","content":""},{"type":"del","content":""},{"type":"del","content":"[Besançon"},{"type":"del","content":"Cantons d'Amancey, Audeux, Baume-les-Dames, Besançon-Est, Besançon-Nord-Est, Besançon-Nord-Ouest, Besançon-Ouest, Besançon-Planoise, Besançon-Sud, Boussières, Clerval, L'Isle-sur-le Doubs, Marchaux, Ornans, Quingey, Rougemont et Roulans. (4)]"},{"type":"del","content":""},{"type":"del","content":""},{"type":"del","content":"[Pontarlier"},{"type":"del","content":"Cantons de Levier, Montbenoît, Morteau, Mouthe et Pontarlier. (3)]"},{"type":"add","content":"Cantons d'Amancey, Audeux, Baume-les-Dames, Besançon-Est, Besançon-Nord-Est, Besançon-Nord-Ouest, Besançon-Ouest, Besançon-Planoise, Besançon-Sud, Boussières, Clerval, L'Isle-sur-le-Doubs, Marchaux, Ornans (à l'exception de la fraction de commune d'Etalans), Quingey, Rougemont et Roulans."},{"type":"del","content":"Cantons de Levier, Montbenoît, Morteau, Mouthe, Pontarlier, Pierrefontaine-les-Varans et Vercel-Villedieu-le-Camp. (4)]"},{"type":"add","content":"Cantons de Levier, Montbenoît, Morteau, Mouthe, Pontarlier, Pierrefontaine-les-Varans, Vercel-Villedieu-le-Camp et commune d'Etalans."},{"type":"del","content":"Cantons de Beaumont-du-Périgord, Bergerac 1er canton, Bergerac 2e canton, Eymet, Issigeac, La Force, Lalinde, Le Buisson-de-Cadouin, Monpazier, Sainte-Alvère, Sigoulès, Vélines, Villamblard et Villefranche-de-Lonchat."},{"type":"add","content":"Cantons de Beaumont-du-Périgord, Bergerac 1er Canton, Bergerac 2e Canton, Eymet, Issigeac, La Force, Lalinde, Le Buisson-de-Cadouin, Monpazier, Sainte-Alvère, Sigoulès, Vélines, Villamblard, Villefranche-de-Lonchat et commune de Val de Louyre et Caudeau."},{"type":"del","content":"Cantons de Belvès, Carlux, Domine, Le Bugue, Saint-Cyprien, Salignac-Eyvigues, Sarlat-la-Canéda et Villefranche-du-Périgord."},{"type":"del","content":""},{"type":"del","content":""},{"type":"del","content":"Périgueux"},{"type":"del","content":"[Nontron"},{"type":"del","content":"Cantons de Bussière-Badil, Champagnac-de-Belair, Jmnilhac-le-Grand, Lanouaille, Mareuil, Nontron, Saint-Pardoux-la-Rivière et Thiviers. (3)]"},{"type":"del","content":""},{"type":"del","content":""},{"type":"del","content":"[Périgueux"},{"type":"del","content":"Cantons de Brantôme, Excideuil, Hautefort, Montignac, Périgueux-Centre, Périgueux-Nord-Est, Périgueux-Ouest, Saint-Astier, Saint-Pierre-de-Chignac, Savignac-les-Églises, Terrasson-Lavilledieu, Thenon et Vergt. (3)]"},{"type":"add","content":"Cantons de Belvès, Carlux, Domme, Le Bugue, Saint-Cyprien, Salignac-Eyvigues, Sarlat-la-Canéda et Villefranche-du-Périgord."},{"type":"add","content":"Périgueux"},{"type":"del","content":"Cantons de Brantôme, Bussière-Badil, Champagnac-de-Belair, Excideuil, Hautefort, Jumilhac-le-Grand, Lanouaille, Mareuil, Montagrier, Montignac, Montpon-Ménestérol, Mussidan, Neuvic, Nontron, Périgueux-Centre, Périgueux-Nord-Est, Périgueux-Ouest, Ribérac, Saint-Pardoux-la-Rivière, Saint-Astier, Saint-Aulaye, Saint-Pierre-de-Chignac, Savignac-les-Églises, Terrasson-Lavilledieu, Thenon, Thiviers, Vergt et Verteillac. (4)]"},{"type":"del","content":""},{"type":"del","content":""},{"type":"del","content":"[Ribérac"},{"type":"del","content":"Cantons de Montagrier, Montpon-Ménestérol, Mussidan, Neuvic, Ribérac, Saint-Aulaye et Verteillac. (3)]"},{"type":"add","content":"Cantons de Brantôme, Bussière-Badil, Champagnac-de-Belair, Excideuil, Hautefort, Jumilhac-le-Grand, Lanouaille, Mareuil, Montagrier, Montignac, Montpon-Ménestérol, Mussidan, Neuvic, Nontron, Périgueux-Centre, Périgueux-Nord-Est, Périgueux-Ouest, Ribérac, Saint-Pardoux-la-Rivière, Saint-Astier, Saint-Aulaye, Saint-Pierre-de-Chignac, Savignac-les-Églises, Terrasson-Lavilledieu, Thenon, Thiviers, Vergt (à l'exception de la fraction de commune de Val de Louyre et Caudeau) et Verteillac."},{"type":"del","content":"[le Creusot"},{"type":"add","content":"[Le Creusot"},{"type":"del","content":"        Bourgoin-Jallieu"},{"type":"add","content":"        Bourgoin-JallieuCantons"},{"type":"del","content":"Cantons de Bourgoin-Jallieu-Nord, Bourgoin-Jallieu-Sud, Crémieu, La Tour-du-Pin, Le Grand-Lemps, Le Pont-de-Beauvoisin, Morestel, Saint-Geoire-en-Valdaine et Virieu et commune d'Eclose-Badinières."},{"type":"add","content":"de Bourgoin-Jallieu-Nord, Bourgoin-Jallieu-Sud, Crémieu, La Tour-du-Pin, Le Grand-Lemps, Le Pont-de-Beauvoisin, Morestel, Saint-Geoire-en-Valdaine et Virieu et commune d'Eclose-Badinières."},{"type":"del","content":"Briey"},{"type":"del","content":"[Briey"},{"type":"add","content":"Val de Briey"},{"type":"add","content":"[Val de Briey"},{"type":"del","content":"[Briey"},{"type":"add","content":"[Val de Briey"},{"type":"del","content":"Montargis"},{"type":"del","content":"[Gien"},{"type":"del","content":"Cantons de Briare, Châtillon-sur-Loire, Gien, Ouzouer-sur-Loire et Sully-sur-Loire. (3)]"},{"type":"del","content":""},{"type":"del","content":""},{"type":"del","content":"[Montargis"},{"type":"del","content":"Cantons d'Amilly, Bellegarde, Châlette-sur-Loing, Château-Renard, Châtillon-Coligny, Courtenay, Ferrières-en-Gâtinais, Lorris et Montargis. (3)]"},{"type":"del","content":""},{"type":"del","content":""},{"type":"del","content":"[Montargis"},{"type":"del","content":"Cantons d'Amilly, Bellegarde, Briare, Châlette-sur-Loing, Château Renard, Châtillon-Coligny, Châtillon-sur-Loire, Courtenay, Ferrières-en-Gâtinais, Gien, Lorris, Montargis, Ouzouer-sur-Loire et Sully-sur-Loire. (4)]"},{"type":"add","content":"Montargis"},{"type":"add","content":"Montargis"},{"type":"add","content":"Cantons d'Amilly, Bellegarde, Briare, Châlette-sur-Loing, Château-Renard, Châtillon-Coligny, Châtillon-sur-Loire, Courtenay, Ferrières-en-Gâtinais, Gien, Lorris, Montargis, Ouzouer-sur-Loire et Sully-sur-Loire et commune de Bray-Saint Aignan."},{"type":"del","content":"[Orléans"},{"type":"del","content":"Cantons d'Artenay, Beaugency, Beaune-la-Rolande, Châteauneuf-sur-Loire, Chécy, Cléry-Saint-André, Fleury-les-Aubrais, Ingré, Jargeau, La Ferté-Saint-Aubin, Malesherbes, Meung-sur-Loire, Neuville-aux Bois, Olivet, Orléans-Bannier, Orléans-Bourgogne, Orléans-Carmes, Orléans-La Source, Orléans-Saint-Marc-Argonne, Orléans-Saint-Marceau, Outarville, Patay, Pithiviers, Puiseaux, Saint-Jean-de-Braye, Saint-Jean-de-la-Ruelle et Saint-Jean-le-Blanc. (2)]"},{"type":"add","content":"Orléans"},{"type":"add","content":"Cantons d'Artenay, Beaugency, Beaune-la-Rolande, Châteauneuf-sur-Loire (à l'exception de la fraction de commune de Bray-Saint Aignan), Chécy, Cléry-Saint-André, Fleury-les-Aubrais, Ingré, Jargeau, La Ferté-Saint-Aubin, Malesherbes, Meung-sur-Loire, Neuville-aux-Bois, Olivet, Orléans-Bannier, Orléans-Bourgogne, Orléans-Carmes, Orléans-La Source, Orléans-Saint-Marc-Argonne, Orléans-Saint-Marceau, Outarville, Patay, Pithiviers, Puiseaux, Saint-Jean-de-Braye, Saint-Jean-de-la-Ruelle et Saint-Jean-le-Blanc."},{"type":"del","content":"Poitiers"},{"type":"add","content":"Poitiers"},{"type":"del","content":"Cantons de Châtellerault-Nord, Châtellerault-Ouest, Châtellerault Sud, Dangé-Saint-Romain, Lencloître, Pleumartin, Saint-Gervais-les-Trois-Clochers et Vouneuil-sur-Vienne."},{"type":"del","content":""},{"type":"del","content":""},{"type":"del","content":"[Civray"},{"type":"del","content":"Cantons d'Availles-Limouzine, Charroux, Civray, Couhé et Gençay. (3)]"},{"type":"del","content":""},{"type":"del","content":""},{"type":"del","content":"[Loudun"},{"type":"del","content":"Cantons de Les Trois-Moutiers, Loudun, Moncontour et Monts-sur-Guesnes. (3)]"},{"type":"add","content":"Cantons de Châtellerault-Nord, Châtellerault-Ouest, Châtellerault-Sud, Dangé-Saint-Romain, Lencloître, Pleumartin, Saint-Gervais-les-Trois-Clochers, Vouneuil-sur-Vienne et commune de Beaumont Saint-Cyr."},{"type":"del","content":"[Montmorillon"},{"type":"del","content":"Cantons de Chauvigny, La Trimouille, L'Isle-Jourdain, Lussac-les-Châteaux, Montmorillon et Saint-Savin. (3)]"},{"type":"del","content":""},{"type":"del","content":""},{"type":"del","content":"[Poitiers"},{"type":"del","content":"Cantons de La Villedieu-du-Clain, Lusignan, Mirebeau, Neuville-de-Poitou, Poitiers 1er canton, Poitiers 2e canton, Poitiers 3e canton, Poitiers 4e canton, Poitiers 5e canton, Poitiers 6e canton, Poitiers 7e canton, Saint-Georges-lès-Baillargeaux, Saint-Julien-l'Ars, Vivonne et Vouillé. (3)]"},{"type":"del","content":""},{"type":"del","content":""},{"type":"del","content":"[Poitiers"},{"type":"del","content":"Cantons d'Availles-Limouzine, Charroux, Chauvigny, Civray, Couhé, Gençay, La Trimouille, La Villedieu-du-Clain, Les Trois-Moutiers, L'Isle-Jourdain, Loudun, Lusignan, Lussac-les-Châteaux, Mirebeau, Moncontour, Montmorillon, Monts-sur-Guesnes, Neuville-de-Poitou, Poitiers 1er canton, Poitiers 2e canton, Poitiers 3e canton, Poitiers 4e canton, Poitiers 5e canton, Poitiers 6e canton, Poitiers 7e canton, Saint-Georges-lès-Baillargeaux, Saint-Julien-l'Ars, Saint-Savin, Vivonne et Vouillé. (4)]"},{"type":"add","content":"Poitiers"},{"type":"add","content":"Cantons d'Availles-Limouzine, Charroux, Chauvigny, Civray, Couhé, Gençay, La Trimouille, La Villedieu-du-Clain, Les Trois-Moutiers, L'Isle-Jourdain, Loudun, Lusignan, Lussac-les-Châteaux, Mirebeau, Moncontour, Montmorillon, Monts-sur-Guesnes, Neuville-de-Poitou, Poitiers 1er Canton, Poitiers 2e Canton, Poitiers 3e Canton, Poitiers 4e Canton, Poitiers 5e Canton, Poitiers 6e Canton, Poitiers 7e Canton, Saint-Georges-lès-Baillargeaux (à l'exception de la fraction de commune de Beaumont Saint-Cyr), Saint-Julien-l'Ars, Saint-Savin, Vivonne et Vouillé."},{"type":"del","content":"Troyes"},{"type":"add","content":"Troyes"},{"type":"add","content":""},{"type":"add","content":"[Troyes"},{"type":"add","content":"Cantons d'Aix-en-Othe, Arcis-sur-Aube, Bar-sur-Aube, Bar-sur-Seine, Bouilly, Brienne-le-Château, Chaource, Chavanges, Ervy-le-Châtel, Essoyes, Estissac, La Chapelle-Saint-Luc, Les Riceys, Lusigny-sur-Barse, Marcilly-le-Hayer, Méry-sur-Seine, Mussy-sur-Seine, Nogent-sur-Seine, Piney, Ramerupt, Romilly-sur-Seine 1er canton, Romilly-sur-Seine 2e canton, Sainte-Savine, Soulaines-Dhuys, Troyes 1er canton, Troyes 2e canton, Troyes 3e canton, Troyes 4e canton, Troyes 5e canton, Troyes 6e canton, Troyes 7e canton, Vendeuvre-sur-Barse et Villenauxe-la-Grande. (4)]"},{"type":"add","content":""},{"type":"del","content":"Rennes"},{"type":"del","content":"[Fougères"},{"type":"del","content":"Cantons d'Antrain, Argentré-du-Plessis, Châteaubourg, Fougères-Nord, Fougères-Sud, La Guerche-de-Bretagne, Louvigné-du-Désert, Retiers, Saint-Aubin-du-Cormier, Saint-Brice-en-Coglès, Vitré-Est, Vitré-Ouest (22)]"},{"type":"del","content":""},{"type":"del","content":""},{"type":"del","content":"[Montfort-sur-Meu"},{"type":"del","content":"Cantons de Bécherel, Montauban-de-Bretagne, Montfort-sur-Meu, Plélan-le-Grand et Saint-Méen-le-Grand. (3)]"},{"type":"add","content":"Rennes"},{"type":"add","content":"Fougères"},{"type":"add","content":"Cantons d'Antrain, Argentré-du-Plessis, Châteaubourg (à l'exception de la fraction de commune de Châteaugiron), Fougères-Nord, Fougères-Sud, La Guerche-de-Bretagne, Louvigné-du-Désert, Retiers, Saint-Aubin-du-Cormier, Saint-Brice-en-Coglès, Vitré-Est, Vitré-Ouest."},{"type":"del","content":"[Rennes"},{"type":"add","content":"Rennes"},{"type":"del","content":"Cantons d'Antrain, Argentré-du-Plessis, Bécherel, Betton, Bruz, Cesson-Sévigné, Châteaubourg, Châteaugiron, Fougères-Nord, Fougères-Sud, Hédé, Janzé, La Guerche-de-Bretagne, Liffré, Louvigné-du-Désert, Montauban-de-Bretagne, Montfort-sur-Meu, Mordelles, Plélan-le-Grand, Rennes-Brequigny, Rennes-Centre, Rennes-Centre-Ouest, Rennes-Centre-Sud, Rennes-Est, Rennes-le-Blosne, Rennes-Nord, Rennes-Nord-Est, Rennes-Nord-Ouest, Rennes-Sud-Est, Rennes-Sud-Ouest, Retiers, Saint-Aubin-d'Aubigné, Saint-Aubin-du-Cormier, Saint-Brice-en-Coglès, Saint-Méen-le-Grand, Vitré-Est et Vitré-Ouest (21)]"},{"type":"del","content":""},{"type":"del","content":""},{"type":"del","content":""},{"type":"del","content":""},{"type":"del","content":"[Rennes"},{"type":"del","content":""},{"type":"del","content":""},{"type":"del","content":""},{"type":"del","content":"Cantons de Bécherel, Betton, Bruz, Cesson-Sévigné,"},{"type":"del","content":"Châteaugiron, Hédé, Janzé, Liffré, Montauban-de-Bretagne,"},{"type":"del","content":"Montfort-sur-Meu, Mordelles, Plélan-le-Grand, Rennes-Brequigny,"},{"type":"del","content":"Rennes-Centre, Rennes-Centre-Ouest, Rennes-Centre-Sud,"},{"type":"del","content":"Rennes-Est, Rennes-le-Blosne, Rennes-Nord, Rennes-Nord-Est,"},{"type":"del","content":"Rennes-Nord-Ouest, Rennes-Sud-Est, Rennes-Sud-Ouest,"},{"type":"del","content":"          Saint-Aubin-d'Aubigné, Saint-Méen-le-Grand (22)]"},{"type":"del","content":""},{"type":"del","content":""},{"type":"del","content":""},{"type":"del","content":""},{"type":"del","content":""},{"type":"del","content":"[Vitré"},{"type":"del","content":""},{"type":"del","content":""},{"type":"del","content":"Cantons d'Argentré-du-Plessis, Châteaubourg, La Guerche-de-Bretagne, Retiers, Vitré-Est et Vitré-Ouest. (3)]"},{"type":"add","content":"Cantons de Bécherel, Betton, Bruz, Cesson-Sévigné, Châteaugiron, Hédé, Janzé, Liffré, Montauban-de-Bretagne, Montfort-sur-Meu, Mordelles, Plélan-le-Grand, Rennes-Brequigny, Rennes-Centre, Rennes-Centre-Ouest, Rennes-Centre-Sud, Rennes-Est, Rennes-le-Blosne, Rennes-Nord, Rennes-Nord-Est, Rennes-Nord-Ouest, Rennes-Sud-Est, Rennes-Sud-Ouest, Saint-Aubin-d'Aubigné, Saint-Méen-le-Grand et commune de Châteaugiron."},{"type":"del","content":"[Bernay (5)]"},{"type":"del","content":"[Bernay"},{"type":"del","content":"Cantons de Beaumesnil, Beaumont-le-Roger, Bernay-Est, Bernay Ouest, Brionne, Broglie et Thiberville. (3)]"},{"type":"del","content":""},{"type":"del","content":""},{"type":"del","content":"[Bernay"},{"type":"del","content":"Cantons de Beaumesnil, Beaumont-le-Roger, Bernay-Est, Bernay Ouest, Beuzeville, Bourgtheroulde-Infreville, Brionne, Broglie, Cormeilles, Montfort-sur-Risle, Pont-Audemer, Quillebeuf-sur-Seine, Routot, Saint-Georges-du-Vièvre et Thiberville. (4)]"},{"type":"del","content":""},{"type":"del","content":""},{"type":"del","content":"[Pont-Audemer"},{"type":"del","content":"Cantons de Beuzeville, Bourgtheroulde-Infreville, Cormeilles, Montfort-sur-Risle, Pont-Audemer, Quillebeuf-sur-Seine, Routot et Saint-Georges-du-Vièvre. (3)]"},{"type":"add","content":"Evreux"},{"type":"add","content":"Bernay"},{"type":"add","content":"Cantons de Beaumesnil, Beaumont-le-Roger, Bernay-Est, Bernay-Ouest, Beuzeville, Bourgtheroulde-Infreville, Brionne, Broglie, Cormeilles, Montfort-sur-Risle, Pont-Audemer, Quillebeuf-sur-Seine, Routot, Saint-Georges-du-Vièvre, Thiberville et commune des Monts du Roumois."},{"type":"del","content":"Evreux"},{"type":"del","content":"[Bernay (6)]"},{"type":"del","content":"Cantons de Beaumesnil, Beaumont-le-Roger, Bernay-Est, Bernay Ouest, Beuzeville, Bourgtheroulde-Infreville, Brionne, Broglie, Cormeilles, Montfort-sur-Risle, Pont-Audemer, Quillebeuf-sur-Seine, Routot, Saint-Georges-du-Vièvre et Thiberville."},{"type":"del","content":""},{"type":"del","content":""},{"type":"del","content":"[Evreux"},{"type":"del","content":"Cantons de Breteuil, Conches-en-Ouche, Damville, Évreux-Est, Évreux-Nord, Évreux-Ouest, Évreux-Sud, Nonancourt, Pacy-sur-Eure, Rugies, Saint-André-de-l'Eure, Verneuil-sur-Avre, Vernon-Nord et Vernon-Sud. (3)]"},{"type":"del","content":""},{"type":"del","content":""},{"type":"del","content":"[Evreux"},{"type":"del","content":"Cantons d'Amfreville-la-Campagne, Breteuil, Conches-en-Ouche, Damville, Évreux-Est, Évreux-Nord, Évreux-Ouest, Évreux-Sud, Gaillon, Gaillon-Campagne, Le Neubourg, Louviers-Nord, Louviers Sud, Nonancourt, Pacy-sur-Eure, Pont-de-l'Arche, Rugies, Saint-André-de-l'Eure, Val-de-Reuil, Verneuil-sur-Avre, Vernon-Nord et Vernon-Sud. (4)]"},{"type":"add","content":"Evreux"},{"type":"add","content":"Cantons d'Amfreville-la-Campagne (à l'exception de la fraction de commune des Monts du Roumois), Breteuil, Conches-en-Ouche, Damville, Evreux-Est, Evreux-Nord, Evreux-Ouest, Evreux-Sud, Gaillon, Gaillon-Campagne, Le Neubourg, Louviers-Nord, Louviers-Sud, Nonancourt, Pacy-sur-Eure, Pont-de-l'Arche, Rugles, Saint-André-de-l'Eure, Val-de-Reuil, Verneuil-sur-Avre, Vernon-Nord et Vernon-Sud."},{"type":"del","content":"Cantons d'Écos, Étrépagny, Fleury-sur-Andelle, Gisors, Les Andelys et Lyons-la-Forêt."},{"type":"del","content":""},{"type":"del","content":""},{"type":"del","content":"[Louviers"},{"type":"del","content":"Cantons d'Amfreville-la-Campagne, Gaillon, Gaillon-Campagne, Le Neubourg, Louviers-Nord, Louviers-Sud, Pont-de-l'Arche et Val-de-Reuil. (3)]"},{"type":"add","content":"Cantons d'Ecos, Etrépagny, Fleury-sur-Andelle, Gisors, Les Andelys et Lyons-la-Forêt."},{"type":"del","content":"Versailles"},{"type":"add","content":"Versailles f"},{"type":"del","content":"Wallis-et-Futuna"},{"type":"add","content":"Wallis-eft-Futuna"},{"type":"del","content":"(21) Applicable jusqu'au 31 décembre 2011."},{"type":"del","content":"(22) Applicable à compter du 1er janvier 2012."},{"type":"add","content":""},{"type":"add","content":"### Nota"},{"type":"add","content":""},{"type":"add","content":"Conformément à l'article 2 du décret n° 2016-1633 du 29 novembre 2016 et à l'article 5 du décret n° 2016-1996 du 30 décembre 2016, ces dispositions sont applicables aux instances introduites après le 1er janvier 2017."},{"type":"add","content":""},{"type":"add","content":""},{"type":"del","content":"Décret n° 2016-1186 du 30 août 2016 modifiant le ressort de certaines juridictions à la suite de la création de communes nouvelles - article 3 ENTIEREMENT_MODIF MODIFICATION cible"},{"type":"add","content":"Décret n° 2016-1996 du 30 décembre 2016 modifiant le ressort de certaines juridictions à la suite de la création de communes nouvelles - article ENTIEREMENT_MODIF MODIFIE source"},{"type":"add","content":""},{"type":"add","content":""},{"type":"add","content":"Décret n° 2016-1996 du 30 décembre 2016 modifiant le ressort de certaines juridictions à la suite de la création de communes nouvelles - article 1 ENTIEREMENT_MODIF MODIFIE source"},{"type":"add","content":""},{"type":"add","content":""},{"type":"add","content":"Décret n° 2016-1633 du 29 novembre 2016 modifiant le ressort des tribunaux d'instance de Fougères et de Rennes à la suite de la création de la commune de Châteaugiron - article ENTIEREMENT_MODIF MODIFIE source"},{"type":"del","content":"2016-08-30 MODIFICATION source Décret n° 2016-1186 du 30 août 2016 modifiant le ressort de certaines juridictions à la suite de la création de communes nouvelles - article 3 ENTIEREMENT_MODIF"},{"type":"add","content":"2016-11-29 MODIFIE cible Décret n° 2016-1633 du 29 novembre 2016 modifiant le ressort des tribunaux d'instance de Fougères et de Rennes à la suite de la création de la commune de Châteaugiron - article ENTIEREMENT_MODIF"},{"type":"add","content":""},{"type":"add","content":""},{"type":"add","content":"2016-12-30 MODIFIE cible Décret n° 2016-1996 du 30 décembre 2016 modifiant le ressort de certaines juridictions à la suite de la création de communes nouvelles - article ENTIEREMENT_MODIF"},{"type":"add","content":""},{"type":"add","content":""},{"type":"add","content":"2016-12-30 MODIFIE cible Décret n° 2016-1996 du 30 décembre 2016 modifiant le ressort de certaines juridictions à la suite de la création de communes nouvelles - article 1 ENTIEREMENT_MODIF"},{"type":"del","content":"* [JSON dans git](https://git.tricoteuses.fr/dila/donnees_juridiques/src/branch/main/LEGI/ARTI/00/00/33/08/57/LEGIARTI000033085701.json)"},{"type":"del","content":"* [Références JSON dans git](https://git.tricoteuses.fr/dila/references_donnees_juridiques/src/branch/main/LEGI/ARTI/00/00/33/08/57/LEGIARTI000033085701.json)"},{"type":"del","content":"* [Markdown dans git](https://git.tricoteuses.fr/dila/textes_juridiques/src/branch/main/LEGI/ARTI/00/00/33/08/57/LEGIARTI000033085701.md)"},{"type":"add","content":"* [JSON dans git](https://git.tricoteuses.fr/dila/donnees_juridiques/src/branch/main/LEGI/ARTI/00/00/33/83/72/LEGIARTI000033837220.json)"},{"type":"add","content":"* [Références JSON dans git](https://git.tricoteuses.fr/dila/references_donnees_juridiques/src/branch/main/LEGI/ARTI/00/00/33/83/72/LEGIARTI000033837220.json)"},{"type":"add","content":"* [Markdown dans git](https://git.tricoteuses.fr/dila/textes_juridiques/src/branch/main/LEGI/ARTI/00/00/33/83/72/LEGIARTI000033837220.md)"},{"type":"del","content":"* [Légifrance](https://www.legifrance.gouv.fr/codes/article_lc/LEGIARTI000033085701)"},{"type":"add","content":"* [Légifrance](https://www.legifrance.gouv.fr/codes/article_lc/LEGIARTI000033837220)"}],"status":"modified"},{"filename":"partie_reglementaire/annexes/article_annexe_tableau_ix.md","articleName":"Article ANNEXE TABLEAU IX","additions":16,"deletions":17,"diff":[{"type":"del","content":"Alpes-Maritimes"},{"type":"add","content":"fAlpes-Maritimes"},{"type":"del","content":"[Briey"},{"type":"del","content":"Ressort des tribunaux d'instance de Briey et Longwy. (3)]"},{"type":"add","content":"[Val de Briey"},{"type":"add","content":"Ressort des tribunaux d'instance de Val de Briey et Longwy. (3)]"},{"type":"del","content":"[Briey"},{"type":"del","content":"Ressort du tribunal d'instance de Briey. (4)]"},{"type":"add","content":"[Val de Briey"},{"type":"add","content":"Ressort du tribunal d'instance de Val de Briey. (4)]"},{"type":"add","content":"### Nota"},{"type":"add","content":""},{"type":"add","content":"Conformément à l'article 5 du décret n° 2016-1996 du 30 décembre 2016, les présentes dispositions sont applicables aux instances introduites après le 1er janvier 2017."},{"type":"add","content":""},{"type":"add","content":""},{"type":"del","content":"Décret n° 2016-1186 du 30 août 2016 modifiant le ressort de certaines juridictions à la suite de la création de communes nouvelles - article 1 ENTIEREMENT_MODIF MODIFIE source"},{"type":"del","content":""},{"type":"del","content":""},{"type":"del","content":"Décret n° 2016-1186 du 30 août 2016 modifiant le ressort de certaines juridictions à la suite de la création de communes nouvelles - article 2 ENTIEREMENT_MODIF MODIFIE source"},{"type":"add","content":"Décret n° 2016-1996 du 30 décembre 2016 modifiant le ressort de certaines juridictions à la suite de la création de communes nouvelles - article 1 ENTIEREMENT_MODIF MODIFIE source"},{"type":"del","content":"2016-08-30 MODIFIE cible Décret n° 2016-1186 du 30 août 2016 modifiant le ressort de certaines juridictions à la suite de la création de communes nouvelles - article 1 ENTIEREMENT_MODIF"},{"type":"del","content":""},{"type":"del","content":""},{"type":"del","content":"2016-08-30 MODIFIE cible Décret n° 2016-1186 du 30 août 2016 modifiant le ressort de certaines juridictions à la suite de la création de communes nouvelles - article 2 ENTIEREMENT_MODIF"},{"type":"add","content":"2016-12-30 MODIFIE cible Décret n° 2016-1996 du 30 décembre 2016 modifiant le ressort de certaines juridictions à la suite de la création de communes nouvelles - article 1 ENTIEREMENT_MODIF"},{"type":"del","content":"* [JSON dans git](https://git.tricoteuses.fr/dila/donnees_juridiques/src/branch/main/LEGI/ARTI/00/00/33/08/56/LEGIARTI000033085644.json)"},{"type":"del","content":"* [Références JSON dans git](https://git.tricoteuses.fr/dila/references_donnees_juridiques/src/branch/main/LEGI/ARTI/00/00/33/08/56/LEGIARTI000033085644.json)"},{"type":"del","content":"* [Markdown dans git](https://git.tricoteuses.fr/dila/textes_juridiques/src/branch/main/LEGI/ARTI/00/00/33/08/56/LEGIARTI000033085644.md)"},{"type":"add","content":"* [JSON dans git](https://git.tricoteuses.fr/dila/donnees_juridiques/src/branch/main/LEGI/ARTI/00/00/33/83/71/LEGIARTI000033837189.json)"},{"type":"add","content":"* [Références JSON dans git](https://git.tricoteuses.fr/dila/references_donnees_juridiques/src/branch/main/LEGI/ARTI/00/00/33/83/71/LEGIARTI000033837189.json)"},{"type":"add","content":"* [Markdown dans git](https://git.tricoteuses.fr/dila/textes_juridiques/src/branch/main/LEGI/ARTI/00/00/33/83/71/LEGIARTI000033837189.md)"},{"type":"del","content":"* [Légifrance](https://www.legifrance.gouv.fr/codes/article_lc/LEGIARTI000033085644)"},{"type":"add","content":"* [Légifrance](https://www.legifrance.gouv.fr/codes/article_lc/LEGIARTI000033837189)"}],"status":"modified"},{"filename":"partie_reglementaire/annexes/article_annexe_tableau_xiv.md","articleName":"Article ANNEXE TABLEAU XIV","additions":19,"deletions":8,"diff":[{"type":"del","content":"Briey"},{"type":"add","content":"Val de Briey"},{"type":"del","content":"Ressort du tribunal de grande instance de Briey."},{"type":"add","content":"Ressort du tribunal de grande instance de Val de Briey."},{"type":"add","content":"### Nota"},{"type":"add","content":""},{"type":"add","content":"Conformément à l'article 5 du décret n° 2016-1996 du 30 décembre 2016, les présentes dispositions sont applicables aux instances introduites après le 1er janvier 2017."},{"type":"add","content":""},{"type":"add","content":""},{"type":"del","content":"Décret n° 2016-1186 du 30 août 2016 modifiant le ressort de certaines juridictions à la suite de la création de communes nouvelles - article 1 ENTIEREMENT_MODIF MODIFIE source"},{"type":"add","content":"Décret n° 2016-1996 du 30 décembre 2016 modifiant le ressort de certaines juridictions à la suite de la création de communes nouvelles - article 1 ENTIEREMENT_MODIF MODIFIE source"},{"type":"add","content":""},{"type":"add","content":""},{"type":"add","content":"Décret n° 2019-912 du 30 août 2019 modifiant le code de l'organisation judiciaire et pris en application des articles 95 et 103 de la loi n° 2019-222 du 23 mars 2019 de programmation 2018-2022 et de réforme pour la justice - article 23 PARTIELLEMENT_MODIF VIGUEUR, en vigueur depuis le 2020-01-01 MODIFIE source"},{"type":"del","content":"2016-08-30 MODIFIE cible Décret n° 2016-1186 du 30 août 2016 modifiant le ressort de certaines juridictions à la suite de la création de communes nouvelles - article 1 ENTIEREMENT_MODIF"},{"type":"add","content":"2016-12-30 MODIFIE cible Décret n° 2016-1996 du 30 décembre 2016 modifiant le ressort de certaines juridictions à la suite de la création de communes nouvelles - article 1 ENTIEREMENT_MODIF"},{"type":"add","content":""},{"type":"add","content":""},{"type":"add","content":"2019-08-30 MODIFIE cible Décret n° 2019-912 du 30 août 2019 modifiant le code de l'organisation judiciaire et pris en application des articles 95 et 103 de la loi n° 2019-222 du 23 mars 2019 de programmation 2018-2022 et de réforme pour la justice - article 23 PARTIELLEMENT_MODIF VIGUEUR, en vigueur depuis le 2020-01-01"},{"type":"del","content":"* [JSON dans git](https://git.tricoteuses.fr/dila/donnees_juridiques/src/branch/main/LEGI/ARTI/00/00/33/08/56/LEGIARTI000033085641.json)"},{"type":"del","content":"* [Références JSON dans git](https://git.tricoteuses.fr/dila/references_donnees_juridiques/src/branch/main/LEGI/ARTI/00/00/33/08/56/LEGIARTI000033085641.json)"},{"type":"del","content":"* [Markdown dans git](https://git.tricoteuses.fr/dila/textes_juridiques/src/branch/main/LEGI/ARTI/00/00/33/08/56/LEGIARTI000033085641.md)"},{"type":"add","content":"* [JSON dans git](https://git.tricoteuses.fr/dila/donnees_juridiques/src/branch/main/LEGI/ARTI/00/00/33/83/71/LEGIARTI000033837184.json)"},{"type":"add","content":"* [Références JSON dans git](https://git.tricoteuses.fr/dila/references_donnees_juridiques/src/branch/main/LEGI/ARTI/00/00/33/83/71/LEGIARTI000033837184.json)"},{"type":"add","content":"* [Markdown dans git](https://git.tricoteuses.fr/dila/textes_juridiques/src/branch/main/LEGI/ARTI/00/00/33/83/71/LEGIARTI000033837184.md)"},{"type":"del","content":"* [Légifrance](https://www.legifrance.gouv.fr/codes/article_lc/LEGIARTI000033085641)"},{"type":"add","content":"* [Légifrance](https://www.legifrance.gouv.fr/codes/article_lc/LEGIARTI000033837184)"}],"status":"modified"}],"stats":{"additions":104,"deletions":169,"filesChanged":3}}