{"sha":"c139d1a21510","date":"2009-10-01","message":"Décret n° 2009-1152 du 29 septembre 2009 modifiant le siège et le ressort des tribunaux d'instance, des greffes détachés et des juridictions de proximité","files":[{"filename":"partie_reglementaire/annexes/article_annexe_tableau_iv.md","articleName":"Article ANNEXE TABLEAU IV","additions":34,"deletions":37,"diff":[{"type":"del","content":""},{"type":"del","content":"[Bourges"},{"type":"del","content":"Cantons de Baugy, Bourges 1er canton, Bourges 2e canton, Bourges 3e canton, Bourges 4e canton, Bourges 5e canton, Chârost, Graçay, Les Aix-d'Angillon, Levet, Lury-sur-Arnon, Mehun sur-Yèvre, Saint-Doulchard, Saint-Martin-d'Auxigny, Vierzon 1er canton et Vierzon 2e canton. (12 et 3)]"},{"type":"del","content":""},{"type":"del","content":"Saint-Amand-Montrond"},{"type":"del","content":"Cantons de Charenton-du-Cher, Châteaumeillant, Châteauneuf-sur-Cher, Dun-sur-Auron, La Guerche-sur-l'Aubois, Le Châtelet, Lignières, Nérondes, Saint-Amand-Montrond, Sancoins et Saulzais-le-Potier."},{"type":"add","content":"[Bourges"},{"type":"add","content":"Cantons de Baugy, Bourges 1er canton, Bourges 2e canton, Bourges 3e canton, Bourges 4e canton, Bourges 5e canton, Chârost, Graçay, Les Aix-d'Angillon, Levet, Lury-sur-Arnon, Mehun sur-Yèvre, Saint-Doulchard, Saint-Martin-d'Auxigny, Vierzon 1er canton et Vierzon 2e canton. (12 et 3)]"},{"type":"add","content":""},{"type":"add","content":""},{"type":"add","content":"Saint-Amand-MontrondCantons"},{"type":"add","content":"de Charenton-du-Cher, Châteaumeillant, Châteauneuf-sur-Cher, Dun-sur-Auron, La Guerche-sur-l'Aubois, Le Châtelet, Lignières, Nérondes, Saint-Amand-Montrond, Sancoins et Saulzais-le-Potier."},{"type":"del","content":"Cantons de Château-Chinon (Ville), Châtillon-en-Bazois, Fours, Luzy, Montsauche-les-Settons et Moulins-Engilbert. (3)]"},{"type":"add","content":"Cantons de Château-Chinon (Ville), Châtillon-en-Bazois, Fours, Luzy, Montsauche-les-Settons et Moulins-Engilbert. (9)]"},{"type":"del","content":"Cantons de Brinon-sur-Beuvron, Clamecy, Corbigny, Lormes, Tannay et Varzy. (3)]"},{"type":"add","content":"Cantons de Brinon-sur-Beuvron, Clamecy, Corbigny, Lormes, Tannay et Varzy. (9)]"},{"type":"del","content":"Cantons de Brinon-sur-Beuvron, Clamecy, Corbigny, Donzy, Lormes, Montsauche-les-Settons, Saint-Amand-en-Puisaye, Tannay et Varzy. (4)]"},{"type":"add","content":"Cantons de Brinon-sur-Beuvron, Clamecy, Corbigny, Donzy, Lormes, Montsauche-les-Settons, Saint-Amand-en-Puisaye, Tannay et Varzy. (10)]"},{"type":"del","content":"Cantons de Cosne-Cours-sur-Loire-Nord, Cosne-Cours-sur-Loire-Sud, Donzy, La Charité-sur-Loire, Pouilly-sur-Loire, Prémery et Saint-Amand-en-Puisaye. (3)]"},{"type":"add","content":"Cantons de Cosne-Cours-sur-Loire-Nord, Cosne-Cours-sur-Loire-Sud, Donzy, La Charité-sur-Loire, Pouilly-sur-Loire, Prémery et Saint-Amand-en-Puisaye. (9)]"},{"type":"del","content":"Cantons de Decize, Dornes, Guérigny, Imphy, La Machine, Nevers Centre, Nevers-Est, Nevers-Nord, Nevers-Sud, Pougues-les-Eaux, Saint-Benin-d'Azy, Saint-Pierre-le-Moûtier et Saint-Saulge. (3)]"},{"type":"add","content":"Cantons de Decize, Dornes, Guérigny, Imphy, La Machine, Nevers Centre, Nevers-Est, Nevers-Nord, Nevers-Sud, Pougues-les-Eaux, Saint-Benin-d'Azy, Saint-Pierre-le-Moûtier et Saint-Saulge. (9)]"},{"type":"del","content":"Cantons de Château-Chinon (Ville), Châtillon-en-Bazois, Cosne Cours-sur-Loire-Nord, Cosne-Cours-sur-Loire-Sud, Decize, Dornes, Fours, Guérigny, Imphy, La Charité-sur-Loire, La Machine, Luzy, Moulins-Engilbert, Nevers-Centre, Nevers-Est, Nevers-Nord, Nevers Sud, Pougues-les-Eaux, Pouilly-sur-Loire, Prémery, Saint-Benin d'Azy, Saint-Pierre-le-Moûtier et Saint-Saulge. (4)]"},{"type":"add","content":"Cantons de Château-Chinon (Ville), Châtillon-en-Bazois, Cosne Cours-sur-Loire-Nord, Cosne-Cours-sur-Loire-Sud, Decize, Dornes, Fours, Guérigny, Imphy, La Charité-sur-Loire, La Machine, Luzy, Moulins-Engilbert, Nevers-Centre, Nevers-Est, Nevers-Nord, Nevers Sud, Pougues-les-Eaux, Pouilly-sur-Loire, Prémery, Saint-Benin d'Azy, Saint-Pierre-le-Moûtier et Saint-Saulge. (10)]"},{"type":"del","content":"Cantons d'Andelot-Blancheville, Arc-en-Barrois, Bourmont, Châteauvillain, Chaumont-Nord, Chaumont-Sud, Clefmont, Doulaincourt-Saucourt, Juzennecourt, Nogent, Saint-Blin et Vignory. (3)]"},{"type":"add","content":"Cantons d'Andelot-Blancheville, Arc-en-Barrois, Bourmont, Châteauvillain, Chaumont-Nord, Chaumont-Sud, Clefmont, Doulaincourt-Saucourt, Juzennecourt, Nogent, Saint-Blin et Vignory. (9)]"},{"type":"del","content":"Cantons d'Andelot-Blancheville, Arc-en-Barrois, Auberive, Bourbonne-les-Bains, Bourmont, Châteauvillain, Chaumont-Nord, Chaumont-Sud, Clelinont, Doulaincourt-Saucourt, Fayl-Billot, Juzennecourt, Laferté-sur-Amance, Langres, Longeau-Percey, Neuilly-l'Évêque, Nogent, Prauthoy, Saint-Blin, Terre-Natale, Val-de-Meuse et Vignory. (4)]"},{"type":"add","content":"Cantons d'Andelot-Blancheville, Arc-en-Barrois, Auberive, Bourbonne-les-Bains, Bourmont, Châteauvillain, Chaumont-Nord, Chaumont-Sud, Clefmont, Doulaincourt-Saucourt, Fayl-Billot, Juzennecourt, Laferté-sur-Amance, Langres, Longeau-Percey, Neuilly-l'Évêque, Nogent, Prauthoy, Saint-Blin, Terre-Natale, Val-de-Meuse et Vignory. (10)]"},{"type":"del","content":"Cantons d'Auberive, Bourbonne-les-Bains, Fayl-Billot, Laferté-sur-Amance, Langres, Longeau-Percey, Neuilly-l'Évêque, Prauthoy, Terre-Natale et Val-de-Meuse. (3)]"},{"type":"add","content":"Cantons d'Auberive, Bourbonne-les-Bains, Fayl-Billot, Laferté-sur-Amance, Langres, Longeau-Percey, Neuilly-l'Évêque, Prauthoy, Terre-Natale et Val-de-Meuse. (9)]"},{"type":"del","content":"[le Creusot"},{"type":"add","content":"[Le Creusot"},{"type":"del","content":"Cantons d'Approuague-Kaw, Cayenne 1er canton Nord-Ouest, Cayenne 2e canton Nord-Est, Cayenne 3e canton Sud-Ouest, Cayenne 4e canton Centre, Cayenne 5e canton Sud, Cayenne 6e canton Sud-Est, Iracoubo, Kourou, Macouria, Mana, Maripasoula, Matoury, Montsinéry-Tonnegrande, Remire-Montjoly, Roura, Saint-Georges Oyapoc, Saint-Laurent-du-Maroni et Sinnamary."},{"type":"add","content":"Cantons d'Approuague-Kaw, Cayenne 1, r canton Nord-Ouest, Cayenne 2e canton Nord-Est, Cayenne 3e canton Sud-Ouest, Cayenne 4e canton Centre, Cayenne 5e canton Sud, Cayenne 6e canton Sud-Est, Iracoubo, Kourou, Macouria, Mana, Maripasoula, Matoury, Montsinéry-Tonnegrande, Remire-Montjoly, Roura, Saint-Georges Oyapoc, Saint-Laurent-du-Maroni et Sinnamary."},{"type":"del","content":"Cantons d'Alzonne, Capendu, Carcassonne 1er canton, Carcassonne 2e canton-Nord, Carcassonne 2e canton-Sud, Carcassonne 3e canton, Conques-sur-Orbiel, Lagrasse, Mas-Cabardès, Montréal, Mouthoumet, Peyriac-Minervois et Saissac. (3)]"},{"type":"add","content":"Cantons d'Alzonne, Capendu, Carcassonne 1er canton, Carcassonne 2e canton-Nord, Carcassonne 2e canton-Sud, Carcassonne 3e canton, Conques-sur-Orbiel, Lagrasse, Mas-Cabardès, Montréal, Mouthoumet, Peyriac-Minervois et Saissac. (9)]"},{"type":"del","content":"Cantons d'Alaigne, Alzonne, Axat, Belcaire, Belpech, Capendu, Carcassonne 1er canton, Carcassonne 2e canton-Nord, Carcassonne 2e canton-Sud, Carcassonne 3e canton, Castelnaudary-Nord, Castelnaudary-Sud, Chalabre, Conques-sur-Orbiel, Couiza, Fanjeaux, Lagrasse, Limoux, Mas-Cabardès, Montréal, Mouthoumet, Peyriac Minervois, Quillan, Saint-Hilaire, Saissac et Salles-sur-l'Hers. (4)]"},{"type":"add","content":"Cantons d'Alaigne, Alzonne, Axat, Belcaire, Belpech, Capendu, Carcassonne 1er canton, Carcassonne 2e canton-Nord, Carcassonne 2e canton-Sud, Carcassonne 3e canton, Castelnaudary-Nord, Castelnaudary-Sud, Chalabre, Conques-sur-Orbiel, Couiza, Fanjeaux, Lagrasse, Limoux, Mas-Cabardès, Montréal, Mouthoumet, Peyriac Minervois, Quillan, Saint-Hilaire, Saissac et Salles-sur-l'Hers. (10)]"},{"type":"del","content":"Cantons de Belpech, Castelnaudary-Nord, Castelnaudary-Sud, Fanjeaux et Salles-sur-l'Hers. (3)]"},{"type":"add","content":"Cantons de Belpech, Castelnaudary-Nord, Castelnaudary-Sud, Fanjeaux et Salles-sur-l'Hers. (9)]"},{"type":"del","content":"Cantons d'Entraygues-sur-Truyère, Espalion, Estaing, Laguiole, Mur de-Barrez, Saint-Amans-des-Cots, Saint-Chély-d'Aubrac, Sainte Geneviève-sur-Argence et Saint-Geniez-d'Olt. (3)]"},{"type":"add","content":"Cantons d'Entraygues-sur-Truyère, Espalion, Estaing, Laguiole, Mur de-Barrez, Saint-Amans-des-Cots, Saint-Chély-d'Aubrac, Sainte Geneviève-sur-Argence et Saint-Geniez-d'Olt. (9)]"},{"type":"del","content":"Cantons d'Aubin, Baraqueville-Sauveterre, Bozouls, Capdenac-Gare, Cassagnes-Bégonhès, Conques, Decazeville, Laissac, La Salvetat-Peyralès, Marcillac-Vallon, Montbazens, Najac, Naucelle, Pont-de-Salars, Réquista, Rieupeyroux, Rignac, Rodez-Est, Rodez-Nord, Rodez Ouest, Villefranche-de-Rouergue et Villeneuve. (10et 3)]"},{"type":"add","content":"Cantons d'Aubin, Baraqueville-Sauveterre, Bozouls, Capdenac-Gare, Cassagnes-Bégonhès, Conques, Decazeville, Entraygues-sur-Truyère, Espalion, Estaing, Laguiole, Laissac, La Salvetat-Peyralès, Marcillac-Vallon, Montbazens, Mur-de-Barrez, Najac, Naucelle, Pont-de-Salars, Réquista, Rieupeyroux, Rignac, Rodez-Est, Rodez-Nord, Rodez Ouest, Saint-Amans-des-Cots, Saint-Chély-d'Aubrac, Sainte-Geneviève-sur-Argence, Saint-Geniez-d'Olt, Villefranche-de-Rouergue et Villeneuve. (10)]"},{"type":"del","content":"Cantons de Droué, Mondoubleau, Montoire-sur-le-Loir, Morée, Saint-Amand-Longpré, Savigny-sur-Braye, Selommes, Vendôme 1er canton et Vendôme 2e canton. (3)]"},{"type":"add","content":"Cantons de Droué, Mondoubleau, Montoire-sur-le-Loir, Morée, Saint-Amand-Longpré, Savigny-sur-Braye, Selommes, Vendôme 1 ` t canton et Vendôme 2e canton. (3)]"},{"type":"del","content":"2e canton, Montauban 3ème canton, Montauban 4e canton,"},{"type":"add","content":"2e canton, Montauban 3e canton, Montauban 4e canton,"},{"type":"del","content":""},{"type":"del","content":"Nouvelle-Calédonie."},{"type":"del","content":""},{"type":"add","content":"Nouvelle-Calédonie."},{"type":"del","content":"Territoire des îles Wallis et Futuna."},{"type":"add","content":"Territoire des îles Wallis et Futuna."},{"type":"del","content":".."},{"type":"del","content":""},{"type":"add","content":".."},{"type":"del","content":"Par décision n° 322407 du 19 février 2010, le Conseil d'Etat a annulé le décret n° 2008-1482 du 22 décembre 2008 en tant qu'il supprime le tribunal d'instance de Montauban."},{"type":"add","content":"Par décision n° 322407 du 19 février 2010, le Conseil d'Etat a annulé le décret n° 2008-1482 du 22 décembre 2008 en tant qu'il supprime le tribunal d'instance de Montauban."},{"type":"del","content":"Décret n° 2009-770 du 23 juin 2009 modifiant le siège et le ressort des tribunaux d'instance, des greffes détachés, des juridictions de proximité et des tribunaux pour enfants - article Annexe 1 ENTIEREMENT_MODIF MODIFIE source"},{"type":"add","content":"Décret n° 2009-1152 du 29 septembre 2009 modifiant le siège et le ressort des tribunaux d'instance, des greffes détachés et des juridictions de proximité - article ENTIEREMENT_MODIF MODIFIE source"},{"type":"del","content":"2009-06-23 MODIFIE cible Décret n° 2009-770 du 23 juin 2009 modifiant le siège et le ressort des tribunaux d'instance, des greffes détachés, des juridictions de proximité et des tribunaux pour enfants - article Annexe 1 ENTIEREMENT_MODIF"},{"type":"add","content":"2009-09-29 MODIFIE cible Décret n° 2009-1152 du 29 septembre 2009 modifiant le siège et le ressort des tribunaux d'instance, des greffes détachés et des juridictions de proximité - article ENTIEREMENT_MODIF"},{"type":"del","content":"* [JSON dans git](https://git.tricoteuses.fr/dila/donnees_juridiques/src/branch/main/LEGI/ARTI/00/00/20/79/07/LEGIARTI000020790721.json)"},{"type":"del","content":"* [Références JSON dans git](https://git.tricoteuses.fr/dila/references_donnees_juridiques/src/branch/main/LEGI/ARTI/00/00/20/79/07/LEGIARTI000020790721.json)"},{"type":"del","content":"* [Markdown dans git](https://git.tricoteuses.fr/dila/textes_juridiques/src/branch/main/LEGI/ARTI/00/00/20/79/07/LEGIARTI000020790721.md)"},{"type":"add","content":"* [JSON dans git](https://git.tricoteuses.fr/dila/donnees_juridiques/src/branch/main/LEGI/ARTI/00/00/21/08/87/LEGIARTI000021088775.json)"},{"type":"add","content":"* [Références JSON dans git](https://git.tricoteuses.fr/dila/references_donnees_juridiques/src/branch/main/LEGI/ARTI/00/00/21/08/87/LEGIARTI000021088775.json)"},{"type":"add","content":"* [Markdown dans git](https://git.tricoteuses.fr/dila/textes_juridiques/src/branch/main/LEGI/ARTI/00/00/21/08/87/LEGIARTI000021088775.md)"},{"type":"del","content":"* [Légifrance](https://www.legifrance.gouv.fr/codes/article_lc/LEGIARTI000020790721)"},{"type":"add","content":"* [Légifrance](https://www.legifrance.gouv.fr/codes/article_lc/LEGIARTI000021088775)"}],"status":"modified"},{"filename":"partie_reglementaire/annexes/article_annexe_tableau_ix.md","articleName":"Article ANNEXE TABLEAU IX","additions":25,"deletions":23,"diff":[{"type":"del","content":"Ressort des tribunaux d'instance de Château-Gontier, Laval et Mayenne. (11)]"},{"type":"del","content":""},{"type":"del","content":""},{"type":"del","content":"[Laval"},{"type":"del","content":"Ressort des tribunaux d'instance de Château-Gontier, Laval et Mayenne. (12 et 3)]"},{"type":"add","content":"Ressort des tribunaux d'instance de Château-Gontier et Laval. (12 et 3)]"},{"type":"del","content":"Ressort des tribunaux d'instance de Château-Chinon, Clamecy, Cosne-Cours-sur-Loire et Nevers. (3)]"},{"type":"add","content":"Ressort des tribunaux d'instance de Château-Chinon, Clamecy, Cosne-Cours-sur-Loire et Nevers. (9)]"},{"type":"del","content":"Ressort des tribunaux d'instance de Clamecy et Nevers. (4)]"},{"type":"add","content":"Ressort des tribunaux d'instance de Clamecy et Nevers. (10)]"},{"type":"del","content":"Ressort des tribunaux d'instance de Chaumont, Langres et Saint-Dizier. (3)]"},{"type":"add","content":"Ressort des tribunaux d'instance de Chaumont, Langres et Saint-Dizier. (9)]"},{"type":"del","content":"Ressort des tribunaux d'instance de Chaumont et Saint-Dizier. (4)]"},{"type":"add","content":"Ressort des tribunaux d'instance de Chaumont et Saint-Dizier. (10)]"},{"type":"del","content":"Ressort des tribunaux d'instance de Carcassonne, Castelnaudary, Limoux et Narbonne. (3)]"},{"type":"add","content":"Ressort des tribunaux d'instance de Carcassonne, Castelnaudary, Limoux et Narbonne. (9)]"},{"type":"del","content":"Ressort des tribunaux d'instance de Carcassonne et Narbonne. (4)]"},{"type":"add","content":"Ressort des tribunaux d'instance de Carcassonne, Limoux et Narbonne. (10 et 3)]"},{"type":"del","content":"Ressort des tribunaux d'instance d'Espalion et Rodez. (10 et 3)]"},{"type":"add","content":"Ressort du tribunal d'instance de Rodez. (10)]"},{"type":"del","content":"Dax"},{"type":"add","content":""},{"type":"add","content":""},{"type":"add","content":"Dax"},{"type":"add","content":""},{"type":"del","content":"Mamoudzou"},{"type":"del","content":"Ressort du tribunal de Première instance de Mamoudzou."},{"type":"add","content":""},{"type":"add","content":"Mamoudzou"},{"type":"add","content":""},{"type":"add","content":""},{"type":"add","content":"Ressort du tribunal de Première instance de Mamoudzou."},{"type":"add","content":""},{"type":"del","content":"(3) applicable jusqu'au 31 décembre 2009."},{"type":"add","content":"(3) applicable à compter du 31 décembre 2009."},{"type":"del","content":""},{"type":"del","content":"Décret n° 2009-770 du 23 juin 2009 modifiant le siège et le ressort des tribunaux d'instance, des greffes détachés, des juridictions de proximité et des tribunaux pour enfants - article Annexe 2 ENTIEREMENT_MODIF MODIFIE source"},{"type":"add","content":"Décret n° 2009-1152 du 29 septembre 2009 modifiant le siège et le ressort des tribunaux d'instance, des greffes détachés et des juridictions de proximité - article ENTIEREMENT_MODIF MODIFIE source"},{"type":"del","content":"2009-06-23 MODIFIE cible Décret n° 2009-770 du 23 juin 2009 modifiant le siège et le ressort des tribunaux d'instance, des greffes détachés, des juridictions de proximité et des tribunaux pour enfants - article Annexe 2 ENTIEREMENT_MODIF"},{"type":"add","content":"2009-09-29 MODIFIE cible Décret n° 2009-1152 du 29 septembre 2009 modifiant le siège et le ressort des tribunaux d'instance, des greffes détachés et des juridictions de proximité - article ENTIEREMENT_MODIF"},{"type":"del","content":"* [JSON dans git](https://git.tricoteuses.fr/dila/donnees_juridiques/src/branch/main/LEGI/ARTI/00/00/20/79/07/LEGIARTI000020790718.json)"},{"type":"del","content":"* [Références JSON dans git](https://git.tricoteuses.fr/dila/references_donnees_juridiques/src/branch/main/LEGI/ARTI/00/00/20/79/07/LEGIARTI000020790718.json)"},{"type":"del","content":"* [Markdown dans git](https://git.tricoteuses.fr/dila/textes_juridiques/src/branch/main/LEGI/ARTI/00/00/20/79/07/LEGIARTI000020790718.md)"},{"type":"add","content":"* [JSON dans git](https://git.tricoteuses.fr/dila/donnees_juridiques/src/branch/main/LEGI/ARTI/00/00/21/08/87/LEGIARTI000021088772.json)"},{"type":"add","content":"* [Références JSON dans git](https://git.tricoteuses.fr/dila/references_donnees_juridiques/src/branch/main/LEGI/ARTI/00/00/21/08/87/LEGIARTI000021088772.json)"},{"type":"add","content":"* [Markdown dans git](https://git.tricoteuses.fr/dila/textes_juridiques/src/branch/main/LEGI/ARTI/00/00/21/08/87/LEGIARTI000021088772.md)"},{"type":"del","content":"* [Légifrance](https://www.legifrance.gouv.fr/codes/article_lc/LEGIARTI000020790718)"},{"type":"add","content":"* [Légifrance](https://www.legifrance.gouv.fr/codes/article_lc/LEGIARTI000021088772)"}],"status":"modified"},{"filename":"partie_reglementaire/annexes/article_annexe_tableau_xi.md","articleName":"Article ANNEXE TABLEAU XI","additions":118,"deletions":122,"diff":[{"type":"del","content":""},{"type":"add","content":""},{"type":"add","content":""},{"type":"del","content":""},{"type":"add","content":""},{"type":"del","content":""},{"type":"add","content":""},{"type":"del","content":"[Marmande"},{"type":"del","content":"Tonneins"},{"type":"del","content":"Cantons de Castelmoron-sur-Lot, Damazan, Le Mas d'Agenais et Tonneins. (3)]"},{"type":"add","content":"[Marmande"},{"type":"add","content":"Tonneins"},{"type":"add","content":"Cantons de Castelmoron-sur-Lot, Damazan, Le Mas d'Agenais et Tonneins. (3)]"},{"type":"del","content":""},{"type":"add","content":""},{"type":"del","content":"[Aubagne"},{"type":"del","content":"La Ciotat"},{"type":"del","content":"Canton de La Ciotat. (3)]"},{"type":"add","content":"[Aubagne"},{"type":"add","content":"La Ciotat"},{"type":"add","content":"Canton de La Ciotat. (3)]"},{"type":"del","content":"Saint-Tropez"},{"type":"add","content":"Saint-Tropez"},{"type":"del","content":""},{"type":"add","content":""},{"type":"del","content":"Chauny"},{"type":"add","content":"Chauny"},{"type":"del","content":"Albert"},{"type":"add","content":"Albert"},{"type":"del","content":"Creil"},{"type":"add","content":"Creil"},{"type":"del","content":""},{"type":"add","content":""},{"type":"del","content":"Le Moule"},{"type":"add","content":"Le Moule"},{"type":"del","content":""},{"type":"add","content":""},{"type":"del","content":"[Sartène"},{"type":"del","content":"Porto-Vecchio"},{"type":"del","content":"Cantons de Bonifacio et Porto-Vecchio. (3)]"},{"type":"add","content":"[Sartène"},{"type":"add","content":"Porto-Vecchio"},{"type":"add","content":"Cantons de Bonifacio et Porto-Vecchio. (3)]"},{"type":"del","content":""},{"type":"add","content":""},{"type":"del","content":"[Arbois"},{"type":"del","content":"Champagnole"},{"type":"del","content":"Cantons de Champagnole, Nozeroy et Les Planches-en-Montagne. (3)]"},{"type":"add","content":"[Arbois"},{"type":"add","content":"Champagnole"},{"type":"add","content":"Cantons de Champagnole, Nozeroy et Les Planches-en-Montagne. (9)]"},{"type":"del","content":""},{"type":"add","content":""},{"type":"del","content":"[Bordeaux"},{"type":"del","content":""},{"type":"del","content":"Pessac"},{"type":"del","content":""},{"type":"del","content":"Cantons de Gradignan, Mérignac 1er canton, Mérignac 2e canton, Pessac 1er canton, Pessac 2e canton et Villenave-d'Ornon. (3)]"},{"type":"add","content":"[Bordeaux"},{"type":"add","content":"Pessac"},{"type":"add","content":"Cantons de Gradignan, Mérignac 1er canton, Mérignac 2e canton, Pessac 1er canton, Pessac 2e canton et Villenave-d'Ornon. (3)]"},{"type":"del","content":""},{"type":"add","content":""},{"type":"del","content":"[Domfront"},{"type":"del","content":""},{"type":"del","content":"Flers"},{"type":"del","content":""},{"type":"del","content":"Cantons d'Athis-de-l'Orne, Flers-Nord, Flers-Sud, Messei et Tinchebray. (3)]"},{"type":"add","content":"[Domfront"},{"type":"add","content":"Flers"},{"type":"add","content":"Cantons d'Athis-de-l'Orne, Flers-Nord, Flers-Sud, Messei et Tinchebray. (3)]"},{"type":"del","content":""},{"type":"add","content":""},{"type":"del","content":"[Saint-Julien-en-Genevois"},{"type":"del","content":""},{"type":"del","content":"Annemasse"},{"type":"del","content":""},{"type":"del","content":"Cantons d'Annemasse-Nord, Annemasse-Sud et Reignier. (3)]"},{"type":"add","content":"[Saint-Julien-en-Genevois"},{"type":"add","content":"Annemasse"},{"type":"add","content":"Cantons d'Annemasse-Nord, Annemasse-Sud et Reignier. (3)]"},{"type":"del","content":""},{"type":"add","content":""},{"type":"del","content":"Munster"},{"type":"add","content":"Munster"},{"type":"del","content":"Erstein"},{"type":"add","content":"Erstein"},{"type":"del","content":"Schirmeck"},{"type":"add","content":"Schirmeck"},{"type":"del","content":"Kaysersberg"},{"type":"add","content":"Kaysersberg"},{"type":"del","content":"Sainte-Marie-aux-Mines"},{"type":"add","content":"Sainte-Marie-aux-Mines"},{"type":"del","content":"Sarre-Union"},{"type":"add","content":"Sarre-Union"},{"type":"del","content":"Woerth"},{"type":"add","content":"Woerth"},{"type":"del","content":""},{"type":"add","content":""},{"type":"del","content":"Denain"},{"type":"add","content":"Denain"},{"type":"del","content":""},{"type":"add","content":""},{"type":"del","content":"Saint-Laurent-du-Maroni"},{"type":"add","content":"Saint-Laurent-du-Maroni"},{"type":"del","content":""},{"type":"add","content":""},{"type":"del","content":"Crest"},{"type":"add","content":"Crest"},{"type":"del","content":""},{"type":"add","content":""},{"type":"del","content":"[Saint-Etienne"},{"type":"del","content":"Rive-de-Gier"},{"type":"add","content":"[Saint-Etienne"},{"type":"add","content":"Rive-de-Gier"},{"type":"del","content":"Saint-Chamond"},{"type":"add","content":"Saint-Chamond"},{"type":"del","content":""},{"type":"add","content":""},{"type":"del","content":"[Boulay-Moselle"},{"type":"del","content":"Bouzonville"},{"type":"add","content":"[Boulay-Moselle"},{"type":"add","content":"Bouzonville"},{"type":"del","content":"Faulquemont"},{"type":"add","content":"Faulquemont"},{"type":"del","content":"[Saint-Avold"},{"type":"del","content":"Morhange"},{"type":"add","content":"[Saint-Avold"},{"type":"add","content":"Morhange"},{"type":"del","content":"[Sarrebourg"},{"type":"del","content":"Phalsbourg"},{"type":"add","content":"[Sarrebourg"},{"type":"add","content":"Phalsbourg"},{"type":"del","content":"[Sarreguemines"},{"type":"del","content":"Bitche"},{"type":"add","content":"[Sarreguemines"},{"type":"add","content":"Bitche"},{"type":"del","content":""},{"type":"add","content":""},{"type":"del","content":"[Béziers"},{"type":"del","content":"Pézenas"},{"type":"add","content":"[Béziers"},{"type":"add","content":"Pézenas"},{"type":"del","content":"[Céret"},{"type":"del","content":"Argelès-sur-Mer"},{"type":"add","content":"[Céret"},{"type":"add","content":"Argelès-sur-Mer"},{"type":"del","content":""},{"type":"add","content":""},{"type":"del","content":"[Nancy"},{"type":"del","content":"Pont-à-Mousson"},{"type":"add","content":"[Nancy"},{"type":"add","content":"Pont-à-Mousson"},{"type":"del","content":""},{"type":"add","content":""},{"type":"del","content":"[Alès"},{"type":"del","content":"La Grand-Combe"},{"type":"add","content":"[Alès"},{"type":"add","content":"La Grand-Combe"},{"type":"del","content":"[Apt"},{"type":"del","content":"Pertuis"},{"type":"add","content":"[Apt"},{"type":"add","content":"Pertuis"},{"type":"del","content":"[Avignon"},{"type":"del","content":"Cavaillon"},{"type":"add","content":"[Avignon"},{"type":"add","content":"Cavaillon"},{"type":"del","content":"[Nîmes"},{"type":"del","content":"Beaucaire"},{"type":"add","content":"[Nîmes"},{"type":"add","content":"Beaucaire"},{"type":"del","content":"Vauvert"},{"type":"add","content":"Vauvert"},{"type":"del","content":"[Privas"},{"type":"del","content":"Aubenas"},{"type":"add","content":"[Privas"},{"type":"add","content":"Aubenas"},{"type":"del","content":"[Tournois-sur-Rhône"},{"type":"del","content":"Annonay"},{"type":"add","content":"[Tournois-sur-Rhône"},{"type":"add","content":"Annonay"},{"type":"del","content":""},{"type":"add","content":""},{"type":"del","content":"[Longjumeau"},{"type":"del","content":"Arpajon"},{"type":"add","content":"[Longjumeau"},{"type":"add","content":"Arpajon"},{"type":"del","content":""},{"type":"add","content":""},{"type":"del","content":"[Bagnères-de-Bigorre"},{"type":"del","content":"Lannemezan"},{"type":"add","content":"[Bagnères-de-Bigorre"},{"type":"add","content":"Lannemezan"},{"type":"del","content":"[Biarritz"},{"type":"del","content":"Saint-Jean-de-Luz"},{"type":"add","content":"[Biarritz"},{"type":"add","content":"Saint-Jean-de-Luz"},{"type":"del","content":""},{"type":"add","content":""},{"type":"del","content":"[Bressuire"},{"type":"del","content":"Thouars"},{"type":"add","content":"[Bressuire"},{"type":"add","content":"Thouars"},{"type":"del","content":"[Saintes"},{"type":"del","content":"Royan"},{"type":"add","content":"[Saintes"},{"type":"add","content":"Royan"},{"type":"del","content":""},{"type":"add","content":""},{"type":"del","content":"[Rocroi"},{"type":"del","content":"Fumay"},{"type":"add","content":"[Rocroi"},{"type":"add","content":"Fumay"},{"type":"del","content":""},{"type":"add","content":""},{"type":"del","content":"[Saint-Brieuc"},{"type":"del","content":"Paimpol"},{"type":"add","content":"[Saint-Brieuc"},{"type":"add","content":"Paimpol"},{"type":"del","content":""},{"type":"add","content":""},{"type":"del","content":"Bolbec"},{"type":"add","content":"Bolbec"},{"type":"del","content":"Fécamp"},{"type":"add","content":"Fécamp"},{"type":"del","content":""},{"type":"add","content":""},{"type":"add","content":"(9) applicable jusqu'au 30 septembre 2009."},{"type":"del","content":"Décret n° 2009-770 du 23 juin 2009 modifiant le siège et le ressort des tribunaux d'instance, des greffes détachés, des juridictions de proximité et des tribunaux pour enfants - article Annexe 3 ENTIEREMENT_MODIF MODIFIE source"},{"type":"add","content":"Décret n° 2009-1152 du 29 septembre 2009 modifiant le siège et le ressort des tribunaux d'instance, des greffes détachés et des juridictions de proximité - article ENTIEREMENT_MODIF MODIFIE source"},{"type":"del","content":"2009-06-23 MODIFIE cible Décret n° 2009-770 du 23 juin 2009 modifiant le siège et le ressort des tribunaux d'instance, des greffes détachés, des juridictions de proximité et des tribunaux pour enfants - article Annexe 3 ENTIEREMENT_MODIF"},{"type":"add","content":"2009-09-29 MODIFIE cible Décret n° 2009-1152 du 29 septembre 2009 modifiant le siège et le ressort des tribunaux d'instance, des greffes détachés et des juridictions de proximité - article ENTIEREMENT_MODIF"},{"type":"del","content":"* [JSON dans git](https://git.tricoteuses.fr/dila/donnees_juridiques/src/branch/main/LEGI/ARTI/00/00/20/79/07/LEGIARTI000020790715.json)"},{"type":"del","content":"* [Références JSON dans git](https://git.tricoteuses.fr/dila/references_donnees_juridiques/src/branch/main/LEGI/ARTI/00/00/20/79/07/LEGIARTI000020790715.json)"},{"type":"del","content":"* [Markdown dans git](https://git.tricoteuses.fr/dila/textes_juridiques/src/branch/main/LEGI/ARTI/00/00/20/79/07/LEGIARTI000020790715.md)"},{"type":"add","content":"* [JSON dans git](https://git.tricoteuses.fr/dila/donnees_juridiques/src/branch/main/LEGI/ARTI/00/00/21/08/87/LEGIARTI000021088769.json)"},{"type":"add","content":"* [Références JSON dans git](https://git.tricoteuses.fr/dila/references_donnees_juridiques/src/branch/main/LEGI/ARTI/00/00/21/08/87/LEGIARTI000021088769.json)"},{"type":"add","content":"* [Markdown dans git](https://git.tricoteuses.fr/dila/textes_juridiques/src/branch/main/LEGI/ARTI/00/00/21/08/87/LEGIARTI000021088769.md)"},{"type":"del","content":"* [Légifrance](https://www.legifrance.gouv.fr/codes/article_lc/LEGIARTI000020790715)"},{"type":"add","content":"* [Légifrance](https://www.legifrance.gouv.fr/codes/article_lc/LEGIARTI000021088769)"}],"status":"modified"}],"stats":{"additions":177,"deletions":182,"filesChanged":3}}