{"sha":"c40fa0296d52","date":"2015-01-01","message":"Décret n° 2014-607 du 10 juin 2014 portant création d'une chambre détachée du tribunal de grande instance de Rodez à Millau","files":[{"filename":"partie_reglementaire/annexes/article_annexe_tableau_iv.md","articleName":"Article ANNEXE TABLEAU IV","additions":267,"deletions":211,"diff":[{"type":"del","content":"SIÈGE ET RESSORT DES COURS D'APPEL ET DES TRIBUNAUX SUPÉRIEURS D'APPEL, DES TRIBUNAUX DE GRANDE INSTANCE ET DE PREMIÈRE INSTANCE, DES CHAMBRES DÉTACHÉES DES TRIBUNAUX DE GRANDE INSTANCE, DES SECTIONS DÉTACHÉES DES TRIBUNAUX DE PREMIÈRE INSTANCE, DES TRIBUNAUX D'INSTANCE ET DES JURIDICTIONS DE PROXIMITÉ (ANNEXE DES ARTICLES D. 211-1, D. 212-19, D. 221-1, D. 231-1, D. 311-1, D. 522-1, D. 522-10, D. 522-22, D. 532-2, D. 552-1, D. 552-17, D. 562-1 ET D. 562-26)"},{"type":"add","content":"SIÈGE ET RESSORT DES COURS D'APPEL ET DES TRIBUNAUX SUPÉRIEURS D'APPEL, DES TRIBUNAUX DE GRANDE INSTANCE ET DE PREMIÈRE INSTANCE, DES CHAMBRES DÉTACHÉES DES TRIBUNAUX DE GRANDE INSTANCE, DES SECTIONS DÉTACHÉES DES TRIBUNAUX DE PREMIÈRE INSTANCE, DES TRIBUNAUX D'INSTANCE ET DES JURIDICTIONS DE PROXIMITÉ (ANNEXE DES ARTICLES D. 211-1, D. 212-19, D. 221-1, D. 231-1, D. 311-1, D. 522-1, D. 522-10, D. 522-22, D. 532-2, D. 552-1, D. 552-17, D. 562-1 ET D. 562-26)"},{"type":"del","content":"Agen"},{"type":"del","content":"[Agen"},{"type":"del","content":"Cantons d'Agen-Centre, Agen-Nord, Agen-Nord-Est, Agen-Ouest, Agen-Sud-Est, Astaffort, Beauville, Laplume, Laroque-Timbaut, Port Sainte-Marie, Prayssas et Puymirol. (3)]"},{"type":"add","content":"Agen"},{"type":"add","content":"Agen"},{"type":"add","content":"Cantons d'Agen-Centre, Agen-Nord, Agen-Nord-Est, Agen-Ouest, Agen-Sud-Est, Astaffort, Beauville, Francescas, Laplume, Laroque-Timbaut, Lavardac, Mézin, Nérac, Port-Sainte-Marie, Prayssas et Puymirol."},{"type":"del","content":"[Agen"},{"type":"del","content":"Cantons d'Agen-Centre, Agen-Nord, Agen-Nord-Est, Agen-Ouest, Agen-Sud-Est, Astaffort, Beauville, Francescas, Laplume, Laroque Timbaut, Lavardac, Mézin, Nérac, Port-Sainte-Marie, Prayssas et Puymirol. (4)]"},{"type":"del","content":""},{"type":"del","content":""},{"type":"del","content":"[Nérac"},{"type":"del","content":"Cantons de Francescas, Lavardac, Mézin et Nérac. (3)]"},{"type":"add","content":""},{"type":"add","content":"Marmande"},{"type":"add","content":""},{"type":"add","content":""},{"type":"add","content":""},{"type":"add","content":"Cantons de Bouglon, Casteljaloux, Castelmoron-sur-Lot,"},{"type":"add","content":"          Damazan, Duras, Houeillès, Lauzun, Le Mas-d'Agenais, Marmande-Est, Marmande-Ouest, Meilhan-sur-Garonne, Seyches et Tonneins."},{"type":"add","content":""},{"type":"add","content":""},{"type":"del","content":"[Marmande (6)]"},{"type":"del","content":"Cantons de Bouglon, Casteljaloux, Castelmoron-sur-Lot, Damazan, Duras, Houeillès, Lauzun, Le Mas-d'Agenais, Marmande-Est, Marmande-Ouest, Meilhan-sur-Garonne, Seyches et Tonneins."},{"type":"del","content":""},{"type":"del","content":""},{"type":"del","content":"[Marmande (5)]"},{"type":"del","content":"Marmande"},{"type":"del","content":"Cantons de Bouglon, Casteljaloux, Castelmoron-sur-Lot, Dainazan, Duras, Houeillès, Lauzun, Le Mas-d'Agenais, Marmande-Est, Marmande-Ouest, Meilhan-sur-Garonne, Seyches et Tonneins."},{"type":"add","content":""},{"type":"add","content":"Dont une chambre détachée à Marmande"},{"type":"add","content":""},{"type":"add","content":""},{"type":"add","content":""},{"type":"add","content":""},{"type":"add","content":"Ressort de la chambre détachée à Marmande : cantons de Bouglon,"},{"type":"add","content":"Casteljaloux, Castelmoron-sur-Lot, Damazan, Duras, Houeillès,"},{"type":"add","content":"Lauzun, Le Mas-d'Agenais, Marmande-Est, Marmande-Ouest,"},{"type":"add","content":"          Meilhan-sur-Garonne, Seyches et Tonneins."},{"type":"add","content":""},{"type":"add","content":""},{"type":"del","content":"Angers"},{"type":"del","content":"[Angers"},{"type":"del","content":"Cantons d'Angers-Centre, Angers-Est, Angers-Nord, Angers-Nord Est, Angers-Nord-Ouest, Angers-Ouest, Angers-Sud, Angers-Trélazé, Chalonnes-sur-Loire, Le Louroux-Béconnais, Les Ponts-de-Cé, Saint-Georges-sur-Loire, Thouarcé et Tiercé. (3)]"},{"type":"del","content":""},{"type":"del","content":""},{"type":"del","content":"[Angers"},{"type":"del","content":"Cantons d'Angers-Centre, Angers-Est, Angers-Nord, Angers-Nord Est, Angers-Nord-Ouest, Angers-Ouest, Angers-Sud, Angers-Trélazé, Candé, Chalonnes-sur-Loire, Châteauneuf-sur-Sarthe, Le Lion d'Angers, Le Louroux-Béconnais, Les Ponts-de-Cé, Pouancé, Saint-Georges-sur-Loire, Segré, Thouarcé et Tiercé. (4 et 5)]"},{"type":"del","content":""},{"type":"del","content":""},{"type":"del","content":"[Angers"},{"type":"del","content":"Cantons d'Angers-Centre, Angers-Est, Angers-Nord, Angers-Nord Est, Angers-Nord-Ouest, Angers-Ouest, Angers-Sud, Angers-Trélazé, Candé, Chalonnes-sur-Loire, Châteauneuf-sur-Sarthe, Durtal, Le Lion-d'Angers, Le Louroux-Béconnais, Les Ponts-de-Cé, Pouancé, Saint-Georges-sur-Loire, Segré, Seiches-sur-le-Loir, Thouarcé et Tiercé. (6)]"},{"type":"add","content":"Angers"},{"type":"add","content":"Angers"},{"type":"add","content":"Cantons d'Angers-Centre, Angers-Est, Angers-Nord, Angers-Nord Est, Angers-Nord-Ouest, Angers-Ouest, Angers-Sud, Angers-Trélazé, Candé, Chalonnes-sur-Loire, Châteauneuf-sur-Sarthe, Durtal, Le Lion-d'Angers, Le Louroux-Béconnais, Les Ponts-de-Cé, Pouancé, Saint-Georges-sur-Loire, Segré, Seiches-sur-le-Loir, Thouarcé et Tiercé."},{"type":"del","content":"[Saumur (6)]"},{"type":"add","content":"Saumur"},{"type":"add","content":"Saumur"},{"type":"del","content":""},{"type":"del","content":"[Segré"},{"type":"del","content":"Cantons de Candé, Châteauneuf-sur-Sarthe, Le Lion-d'Angers, Pouancé et Segré. (3)]"},{"type":"del","content":""},{"type":"del","content":""},{"type":"del","content":"[Saumur (5)]"},{"type":"del","content":"[Baugé"},{"type":"del","content":"Cantons de Baugé, Beaufort-en-Vallée, Durtal, Longué-Jumelles, Noyant et Seiches-sur-le-Loir. (3)]"},{"type":"del","content":""},{"type":"del","content":""},{"type":"del","content":"[Saumur"},{"type":"del","content":"Cantons d'Allonnes, Doué-la-Fontaine, Gennes, Montreuil-Bellay, Saumur-Nord, Saumur-Sud et Vihiers. (3)]"},{"type":"del","content":""},{"type":"del","content":""},{"type":"del","content":"[Saumur"},{"type":"del","content":"Cantons d'Allonnes, Baugé, Beaufort-en-Vallée, Doué-la-Fontaine, Durtal, Gennes, Longué-Jumelles, Montreuil-Bellay, Noyant, Seiches sur-le-Loir, Saumur-Nord, Saumur-Sud et Vihiers. (4)]"},{"type":"del","content":""},{"type":"del","content":""},{"type":"del","content":"[Dole (5)]"},{"type":"del","content":"[Arbois"},{"type":"del","content":"Cantons d'Arbois, Champagnole, Les Planches-en-Montagne, Nozeroy, Poligny, Salins-les-Bains et Villers-Farlay. (3)]"},{"type":"del","content":""},{"type":"del","content":""},{"type":"del","content":"[Dole"},{"type":"del","content":"Cantons de Chaumergy, Chaussin, Chemin, Dampierre, Dole-Nord Est, Dole-Sud-Ouest, Gendrey, Montbarrey, Montmirey-le-Château et Rochefort-sur-Nenon. (3)]"},{"type":"del","content":""},{"type":"del","content":""},{"type":"del","content":"[Dole"},{"type":"del","content":"Cantons d'Arbois, Champagnole, Chaumergy, Chaussin, Chemin, Dampierre, Dole-Nord-Est, Dole-Sud-Ouest, Gendrey, Les Planches-en-Montagne, Montbarrey, Montmirey-le-Château, Nozeroy, Poligny, Rochefort-sur-Nenon, Salins-les-Bains et Villers-Farlay. (4)]"},{"type":"del","content":""},{"type":"del","content":"[Dole (6)]"},{"type":"add","content":"Dole"},{"type":"del","content":"Cantons des-Bouchoux, Moirans-en-Montagne, Morez, Saint-Claude et Saint-Laurent-en-Grandvaux."},{"type":"add","content":"Cantons Les Bouchoux, Moirans-en-Montagne, Morez, Saint-Claude et Saint-Laurent-en-Grandvaux."},{"type":"add","content":""},{"type":"add","content":""},{"type":"add","content":""},{"type":"add","content":"Dont une chambre détachée à Dole"},{"type":"add","content":""},{"type":"add","content":""},{"type":"add","content":""},{"type":"add","content":""},{"type":"add","content":"Ressort de la chambre détachée à Dole : cantons d'Arbois,"},{"type":"add","content":"Champagnole, Chaumergy, Chaussin, Chemin, Dampierre,"},{"type":"add","content":"Dole-Nord-Est, Dole-Sud-Ouest, Gendrey, Les Planches-en-Montagne,"},{"type":"add","content":"Montbarrey, Montmirey-le-Château, Nozeroy, Poligny,"},{"type":"add","content":"          Rochefort-sur-Nenon, Salins-les-Bains et Villers-Farlay."},{"type":"add","content":""},{"type":"add","content":""},{"type":"del","content":"[Bordeaux"},{"type":"del","content":"Cantons d'Auros, Bazas, Bègles, Blanquefort, Bordeaux 1er canton, Bordeaux 2e canton, Bordeaux 3e canton, Bordeaux 4e canton, Bordeaux 5e canton, Bordeaux 6e canton, Bordeaux 7e canton, Bordeaux 8e canton, Cadillac, Captieux, Carbon-Blanc, Castelnau-de-Médoc, Cenon, Créon, Floirac, Gradignan, Grignols, La Brède, La Réole, Langon, Le Bouscat, Lesparre-Médoc, Lormont, Mérignac 1er canton, Mérignac 2e canton, Monségur, Pauillac, Pellegrue, Pessac 1er canton, Pessac 2e canton, Podensac, Saint-André-de-Cubzac, Saint-Laurent-Médoc, Saint-Macaire, Saint-Médard-en-Jalles, Saint-Symphorien, Saint-Vivien-de-Médoc, Sauveterre-de-Guyenne, Talence, Targon, Villandraut et Villenave-d'Ornon. (4)]"},{"type":"add","content":"[BordeauxCantons"},{"type":"add","content":"d'Auros, Bazas, Bègles, Blanquefort, Bordeaux 1er canton, Bordeaux 2e canton, Bordeaux 3e canton, Bordeaux 4e canton, Bordeaux 5e canton, Bordeaux 6e canton, Bordeaux 7e canton, Bordeaux 8e canton, Cadillac, Captieux, Carbon-Blanc, Castelnau-de-Médoc, Cenon, Créon, Floirac, Gradignan, Grignols, La Brède, La Réole, Langon, Le Bouscat, Lesparre-Médoc, Lormont, Mérignac 1er canton, Mérignac 2e canton, Monségur, Pauillac, Pellegrue, Pessac 1er canton, Pessac 2e canton, Podensac, Saint-André-de-Cubzac, Saint-Laurent-Médoc, Saint-Macaire, Saint-Médard-en-Jalles, Saint-Symphorien, Saint-Vivien-de-Médoc, Sauveterre-de-Guyenne, Talence, Targon, Villandraut et Villenave-d'Ornon. (4)]"},{"type":"del","content":"Cantons d'Approuague-Kaw, Cayenne 1er canton Nord-Ouest, Cayenne 2e canton Nord-Est, Cayenne 3e canton Sud-Ouest, Cayenne 4e canton Centre, Cayenne 5e canton Sud, Cayenne 6e canton Sud-Est, Iracoubo, Kourou, Macouria, Mana, Maripasoula, Matoury, Montsinéry-Tonnegrande, Remire-Montjoly, Roura, Saint-Georges-Oyapoc, Saint-Laurent-du-Maroni et Sinnamary."},{"type":"add","content":""},{"type":"add","content":"Cantons d'Approuague-Kaw, Cayenne 1er canton Nord-Ouest,"},{"type":"add","content":"Cayenne 2e canton Nord-Est, Cayenne 3e canton Sud-Ouest,"},{"type":"add","content":"Cayenne 4e canton Centre, Cayenne 5e canton Sud, Cayenne"},{"type":"add","content":"6e canton Sud-Est, Iracoubo, Kourou, Macouria, Mana, Maripasoula,"},{"type":"add","content":"Matoury, Montsinéry-Tonnegrande, Remire-Montjoly, Roura,"},{"type":"add","content":"          Saint-Georges-Oyapoc, Saint-Laurent-du-Maroni et Sinnamary."},{"type":"add","content":""},{"type":"del","content":"Dont une chambre détachée à Saint-Laurent-du-Maroni"},{"type":"del","content":""},{"type":"del","content":"Ressort de la chambre détachée à Saint-Laurent-du-Maroni : Mana, Maripasoula, Saint-Laurent-du-MaroniCour"},{"type":"add","content":""},{"type":"add","content":"Dont une chambre détachée à Saint-Laurent-du-Maroni"},{"type":"add","content":""},{"type":"add","content":""},{"type":"add","content":""},{"type":"add","content":""},{"type":"add","content":"Ressort de la chambre détachée à Saint-Laurent-du-Maroni :"},{"type":"add","content":"          cantons de Mana, Maripasoula, Saint-Laurent-du-Maroni."},{"type":"add","content":""},{"type":"add","content":""},{"type":"del","content":"d'appel de Chambéry"},{"type":"add","content":"Cour d'appel de Chambéry"},{"type":"del","content":"Bourgoin-JallieuBourgoin"},{"type":"del","content":"-Jallieu"},{"type":"add","content":"Bourgoin-Jallieu"},{"type":"add","content":"Bourgoin-Jallieu"},{"type":"del","content":"Grenoble"},{"type":"add","content":"Grenoble"},{"type":"del","content":""},{"type":"del","content":"Cantons d'Allevard, Clelles, Corps, Domène, Echirolles-Est, Echirolles-Ouest, Eybens, Fontaine-Sassenage, Fontaine-Seyssinet, Goncelin, Grenoble 1er canton, Grenoble 2e canton, Grenoble 3e canton, Grenoble 4e canton, Grenoble 5e canton, Grenoble 6e canton, La Mure, Le Bourg-d'Oisans, Le Touvet, Mens, Meylan, Monestier-de-Clermont, Pont-en-Royans, Rives, Roybon, Saint-Egrève, Saint-Etienne-de-Saint-Geoirs, Saint-Ismier, Saint-Laurent-du-Pont, Saint-Marcellin, Saint-Martin-d'Hères-Nord, Saint-Martin-d'Hères-Sud, Tullins, Valbonnais, Vif, Villard-de-Lans, Vinay, Vizille et Voiron."},{"type":"del","content":""},{"type":"del","content":""},{"type":"del","content":""},{"type":"del","content":""},{"type":"del","content":""},{"type":"add","content":"Cantons d'Allevard, Clelles, Corps, Domène, Echirolles-Est, Echirolles-Ouest, Eybens, Fontaine-Sassenage, Fontaine-Seyssinet, Goncelin, Grenoble 1er canton, Grenoble 2e canton, Grenoble 3e canton, Grenoble 4e canton, Grenoble 5e canton, Grenoble 6e canton, La Mure, Le Bourg-d'Oisans, Le Touvet, Mens, Meylan, Monestier-de-Clermont, Pont-en-Royans, Rives, Roybon, Saint-Egrève, Saint-Etienne-de-Saint-Geoirs, Saint-Ismier, Saint-Laurent-du-Pont, Saint-Marcellin, Saint-Martin-d'Hères-Nord, Saint-Martin-d'Hères-Sud, Tullins, Valbonnais, Vif, Villard-de-Lans, Vinay, Vizille et Voiron."},{"type":"del","content":"Brive-la-Gaillarde"},{"type":"add","content":"Brive-la-Gaillarde"},{"type":"del","content":"Cantons d'Ayen, Beaulieu-sur-Dordogne, Beynat, Brive-la-Gaillarde Centre, Brive-la-Gaillarde-Nord-Est, Brive-la-Gaillarde-Nord-Ouest, Brive-la-Gaillarde-Sud-Est, Brive-la-Gaillarde-Sud-Ouest, Donzenac, Juillac, Larche, Lubersac, Malemort-sur-Corrèze, Mevssac et Vigeois."},{"type":"del","content":""},{"type":"del","content":""},{"type":"del","content":"[Tulle (6)]"},{"type":"del","content":"Cantons d'Argentat, Bort-les-Orgues, Bugeat, Corrèze, Égletons, Eygurande, La Roche-Canillac, Lapleau, Mercoeur, Meymac, Neuvic, Saint-Privat, Seilhac, Sornac, Treignac, Tulle-Campagne-Nord, Tulle Campagne-Sud, Tulle-Urbain-Nord, Tulle-Urbain-Sud, Ussel-Est, Ussel-Ouest et Uzerche."},{"type":"del","content":""},{"type":"del","content":""},{"type":"del","content":"[Tulle (5)]"},{"type":"del","content":"[Tulle"},{"type":"del","content":"Cantons d'Argentat, Corrèze, Égletons, La Roche-Canillac, Lapleau, Mercoeur, Saint-Privat, Seilhac, Treignac, Tulle-Campagne-Nord, Tulle-Campagne-Sud, Tulle-Urbain-Nord, Tulle-Urbain-Sud et Uzerche. (3)]"},{"type":"add","content":"Cantons d'Ayen, Beaulieu-sur-Dordogne, Beynat, Brive-la-Gaillarde Centre, Brive-la-Gaillarde-Nord-Est, Brive-la-Gaillarde-Nord-Ouest, Brive-la-Gaillarde-Sud-Est, Brive-la-Gaillarde-Sud-Ouest, Donzenac, Juillac, Larche, Lubersac, Malemort-sur-Corrèze, Meyssac et Vigeois."},{"type":"del","content":"[Tulle"},{"type":"del","content":"Cantons d'Argentat, Bort-les-Orgues, Bugeat, Corrèze, Égletons, Eygurande, La Roche-Canillac, Lapleau, Mercoeur, Meymac, Neuvic, Saint-Privat, Seilhac, Sornac, Treignac, Tulle-Campagne-Nord, Tulle Campagne-Sud, Tulle-Urbain-Nord, Tulle-Urbain-Sud, Ussel-Est, Ussel-Ouest et Uzerche. (4)]"},{"type":"del","content":""},{"type":"del","content":""},{"type":"del","content":"[Ussel"},{"type":"del","content":"Cantons de Bort-les-Orgues, Bugcat, Eygurande, Mcymae, Ncuvic, Sornac, Ussel-Est et Ussel-Ouest. (3)]"},{"type":"add","content":"Tulle"},{"type":"add","content":"Tulle"},{"type":"add","content":"Cantons d'Argentat, Bort-les-Orgues, Bugeat, Corrèze, Egletons, Eygurande, La Roche-Canillac, Lapleau, Mercœur, Meymac, Neuvic, Saint-Privat, Seilhac, Sornac, Treignac, Tulle-Campagne-Nord, Tulle Campagne-Sud, Tulle-Urbain-Nord, Tulle-Urbain-Sud, Ussel-Est, Ussel-Ouest et Uzerche."},{"type":"del","content":"Bénévent-l'Abbaye, Bonnat, Bourganeuf, Boussac,"},{"type":"del","content":"Chambon-sur-Voueize, Châtelus-Malvaleix, Chénérailles, Crocq,"},{"type":"del","content":"Dun-le-Palestel, Évaux-les-Bains, Felletin, Gentioux-Pigerolles,"},{"type":"del","content":"Guéret-Nord, Guéret Sud-Est, Guéret-Sud-Ouest, Jarnages, La Courtine,"},{"type":"add","content":"Bénévent-l'Abbaye, Bonnat, Bourganeuf, Boussac, Chambon-sur-Voueize,"},{"type":"add","content":"Châtelus-Malvaleix, Chénérailles, Crocq, Dun-le-Palestel,"},{"type":"add","content":"Évaux-les-Bains, Felletin, Gentioux-Pigerolles, Guéret-Nord,"},{"type":"add","content":"Guéret Sud-Est, Guéret-Sud-Ouest, Jarnages, La Courtine,"},{"type":"del","content":"Cantons de Bclmont-de-la-Loire, Charlicu, La Pacaudière, Néronde, Perreux, Roanne-Nord, Roanne-Sud, Saint-Germain-Laval, Saint-Haon-le-Châtel, Saint-Just-en-Chevalet et Saint-Symphorien-de-Lay."},{"type":"add","content":"Cantons de Belmont-de-la-Loire, Charlicu, La Pacaudière, Néronde, Perreux, Roanne-Nord, Roanne-Sud, Saint-Germain-Laval, Saint-Haon-le-Châtel, Saint-Just-en-Chevalet et Saint-Symphorien-de-Lay."},{"type":"del","content":"Rodez"},{"type":"add","content":"Rodez"},{"type":"del","content":"[Millau (10)]"},{"type":"add","content":"Millau"},{"type":"del","content":"[Rodez"},{"type":"del","content":"Cantons de Baraqueville-Sauveterre, Bozouls, Cassagnes-Bégonhès, Conques, La Salvetat-Peyralès, Laissac, Marcillac-Vallon, Naucelle, Pont-de-Salars, Réquista, Rignac, Rodez-Est, Rodez-Nord et Rodez Ouest. (9)]"},{"type":"add","content":"Rodez"},{"type":"add","content":"Cantons d'Aubin, Baraqueville-Sauveterre, Bozouls, Capdenac-Gare, Cassagnes-Bégonhès, Conques, Decazeville, Entraygues-sur-Truyère, Espalion, Estaing, Laguiole, Laissac, La Salvetat-Peyralès, Marcillac-Vallon, Montbazens, Mur-de-Barrez, Najac, Naucelle, Pont-de-Salars, Réquista, Rieupeyroux, Rignac, Rodez-Est, Rodez-Nord, Rodez-Ouest, Saint-Amans-des-Cots, Saint-Chély-d'Aubrac, Sainte-Geneviève-sur-Argence, Saint-Geniez-d'Olt, Villefranche-de-Rouergue et Villeneuve."},{"type":"del","content":"[Rodez"},{"type":"del","content":"Cantons d'Aubin, Baraqueville-Sauveterre, Bozouls, Capdenac-Gare, Cassagnes-Bégonhès, Conques, Decazeville, Entraygues-sur-Truyère, Espalion, Estaing, Laguiole, Laissac, La Salvetat-Peyralès, Marcillac-Vallon, Montbazens, Mur-de-Barrez, Najac, Naucelle, Pont-de-Salars, Réquista, Rieupeyroux, Rignac, Rodez-Est, Rodez-Nord, Rodez Ouest, Saint-Amans-des-Cots, Saint-Chély-d'Aubrac, Sainte-Geneviève-sur-Argence, Saint-Geniez-d'Olt, Villefranche-de-Rouergue et Villeneuve. (10)]"},{"type":"add","content":""},{"type":"add","content":"Dont une chambre détachée à Millau"},{"type":"add","content":""},{"type":"add","content":""},{"type":"add","content":""},{"type":"add","content":""},{"type":"add","content":"Ressort de la chambre détachée à Millau : Cantons de"},{"type":"add","content":"Belmont-sur-Rance, Camarès, Campagnac, Cornus, Millau-Est,"},{"type":"add","content":"Millau-Ouest, Nant, Peyreleau, Saint-Affrique, Saint-Beauzély,"},{"type":"add","content":"Saint-Rome-de-Tarn, Saint-Sernin-sur-Rance, Salles-Curan,"},{"type":"add","content":"          Sévérac-le-Château et Vézins-de-Lévézou."},{"type":"add","content":""},{"type":"add","content":""},{"type":"del","content":"[Villefranche-de-Rouergue"},{"type":"del","content":"Cantons d'Aubin, Capdenac-Gare, Decazeville, Montbazens, Najac, Rieupeyroux, Villefranche-de-Rouergue et Villeneuve. (9)]"},{"type":"add","content":""},{"type":"add","content":"[Villefranche-de-Rouergue"},{"type":"add","content":"Cantons d'Aubin, Capdenac-Gare, Decazeville, Montbazens, Najac, Rieupeyroux, Villefranche-de-Rouergue et Villeneuve. (9)]"},{"type":"del","content":"Epinal"},{"type":"del","content":"[Epinal"},{"type":"del","content":"Cantons de Bains-les-Bains, Bruyères, Bulgnéville, Châtel-sur-Moselle, Châtenois, Coussey, Épinal-Est, Épinal-Ouest, Lamarche, Neufchâteau, Rambervillers et Xertigny. (11)]"},{"type":"add","content":""},{"type":"add","content":"Epinal"},{"type":"add","content":""},{"type":"add","content":""},{"type":"add","content":"[Epinal"},{"type":"add","content":""},{"type":"add","content":""},{"type":"add","content":"Cantons de Bains-les-Bains, Bruyères, Bulgnéville, Châtel-sur-Moselle, Châtenois, Coussey, Épinal-Est, Épinal-Ouest, Lamarche, Neufchâteau, Rambervillers et Xertigny. (11)]"},{"type":"add","content":""},{"type":"del","content":"[Epinal"},{"type":"del","content":""},{"type":"del","content":"Cantons de Bains-les-Bains, Bruyères, Bulgnéville,"},{"type":"del","content":"Châtel-sur-Moselle, Châtenois, Coussey, Épinal-Est,"},{"type":"del","content":"Épinal-Ouest, Lamarche, Le Thillot, Neufchâteau,"},{"type":"del","content":"Plombière-les-Bains, Rambervillers, Remiremont,"},{"type":"del","content":"Saulxures-sur-Moselotte et Xertigny. (12 et 3)]"},{"type":"add","content":""},{"type":"add","content":"[Epinal"},{"type":"add","content":""},{"type":"add","content":""},{"type":"add","content":""},{"type":"add","content":"Cantons de Bains-les-Bains, Bruyères, Bulgnéville,"},{"type":"add","content":"Châtel-sur-Moselle, Châtenois, Coussey, Épinal-Est,"},{"type":"add","content":"Épinal-Ouest, Lamarche, Le Thillot, Neufchâteau,"},{"type":"add","content":"Plombière-les-Bains, Rambervillers, Remiremont,"},{"type":"add","content":"          Saulxures-sur-Moselotte et Xertigny. (12 et 3)]"},{"type":"add","content":""},{"type":"del","content":"[Mirecourt"},{"type":"del","content":"Cantons de Charmes, Darney, Dompaire, Mirecourt, Monthureux-sur-Saône et Vittel. (3)]"},{"type":"add","content":""},{"type":"add","content":"[Mirecourt"},{"type":"add","content":""},{"type":"add","content":""},{"type":"add","content":"Cantons de Charmes, Darney, Dompaire, Mirecourt, Monthureux-sur-Saône et Vittel. (3)]"},{"type":"add","content":""},{"type":"del","content":"[Remiremont"},{"type":"del","content":"Cantons de Le Thillot, Plombières-les-Bains, Remiremont et Saulxures-sur-Moselotte. (11)]"},{"type":"add","content":""},{"type":"add","content":"[Remiremont"},{"type":"add","content":""},{"type":"add","content":""},{"type":"add","content":"Cantons de Le Thillot, Plombières-les-Bains, Remiremont et Saulxures-sur-Moselotte. (11)]"},{"type":"add","content":""},{"type":"del","content":"[Saint-Dié-des-Vosges (6)]"},{"type":"del","content":"Cantons de Brouvelieures, Corcieux, Fraize, Gérardmer, Provenchères-sur-Fave, Raon-l'Étape, Saint-Dié-des-Vosges-Est, Saint-Dié-des-Vosges-Ouest et Senones."},{"type":"add","content":""},{"type":"add","content":"[Saint-Dié-des-Vosges (6)]"},{"type":"add","content":""},{"type":"add","content":""},{"type":"add","content":"Cantons de Brouvelieures, Corcieux, Fraize, Gérardmer, Provenchères-sur-Fave, Raon-l'Étape, Saint-Dié-des-Vosges-Est, Saint-Dié-des-Vosges-Ouest et Senones."},{"type":"add","content":""},{"type":"del","content":"[Saint-Dié-des-Vosges (5)]"},{"type":"del","content":"Saint-Dié-des-Vosges"},{"type":"del","content":"Cantons de Brouvelieures, Corcieux, Fraize, Gérardmer, Provenchères-sur-Fave, Raon-l'Étape, Saint-Dié-des-Vosges-Est, Saint-Dié-des-Vosges-Ouest et Senones."},{"type":"add","content":""},{"type":"add","content":"[Saint-Dié-des-Vosges (5)]"},{"type":"add","content":""},{"type":"add","content":""},{"type":"add","content":"Saint-Dié-des-Vosges"},{"type":"add","content":""},{"type":"add","content":""},{"type":"add","content":"Cantons de Brouvelieures, Corcieux, Fraize, Gérardmer, Provenchères-sur-Fave, Raon-l'Étape, Saint-Dié-des-Vosges-Est, Saint-Dié-des-Vosges-Ouest et Senones."},{"type":"add","content":""},{"type":"del","content":"Blois"},{"type":"del","content":"[Blois"},{"type":"del","content":"Cantons de Blois 1er canton, Blois 2e canton, Blois 3e canton, Blois 4e canton, Blois 5e canton, Bracieux, Contres, Herbault, Marchenoir, Mer, Montrichard, Ouzouer-le-Marché, Saint-Aignan et Vineuil. (3)]"},{"type":"add","content":""},{"type":"add","content":"Blois"},{"type":"add","content":""},{"type":"add","content":""},{"type":"add","content":"[Blois"},{"type":"add","content":""},{"type":"add","content":""},{"type":"add","content":"Cantons de Blois 1er canton, Blois 2e canton, Blois 3e canton, Blois 4e canton, Blois 5e canton, Bracieux, Contres, Herbault, Marchenoir, Mer, Montrichard, Ouzouer-le-Marché, Saint-Aignan et Vineuil. (3)]"},{"type":"add","content":""},{"type":"del","content":"[Blois"},{"type":"del","content":"Cantons de Blois 1er canton, Blois 2e canton, Blois 3e canton, Blois 4e canton, Blois 5e canton, Bracieux, Contres, Droué, Herbault, Lamotte Beuvron, Marchenoir, Mennetou-sur-Cher, Mer, Mondoubleau, Montoire-sur-le-Loir, Morée, Montrichard, Neung-sur-Beuvron, Ouzouer-le-Marché, Romorantin-Lanthenay-Nord, Romorantin Lanthenay-Sud, Saint-Aignan, Saint-Amand-Longpré, Salbris, Savigny-sur-Braye, Selles-sur-Cher, Selommes, Vendôme 1er canton, Vendôme 2e canton et Vineuil. (4)]"},{"type":"add","content":""},{"type":"add","content":"[Blois"},{"type":"add","content":""},{"type":"add","content":""},{"type":"add","content":"Cantons de Blois 1er canton, Blois 2e canton, Blois 3e canton, Blois 4e canton, Blois 5e canton, Bracieux, Contres, Droué, Herbault, Lamotte Beuvron, Marchenoir, Mennetou-sur-Cher, Mer, Mondoubleau, Montoire-sur-le-Loir, Morée, Montrichard, Neung-sur-Beuvron, Ouzouer-le-Marché, Romorantin-Lanthenay-Nord, Romorantin Lanthenay-Sud, Saint-Aignan, Saint-Amand-Longpré, Salbris, Savigny-sur-Braye, Selles-sur-Cher, Selommes, Vendôme 1er canton, Vendôme 2e canton et Vineuil. (4)]"},{"type":"add","content":""},{"type":"del","content":"[Romorantin-Lanthenay"},{"type":"del","content":"Cantons de Lamotte-Beuvron, Mennetou-sur-Cher, Neung-sur-Beuvron, Romorantin-Lanthenay-Nord, Romorantin-Lanthenay-Sud, Salbris et Selles-sur-Cher. (3)]"},{"type":"add","content":""},{"type":"add","content":"[Romorantin-Lanthenay"},{"type":"add","content":""},{"type":"add","content":""},{"type":"add","content":"Cantons de Lamotte-Beuvron, Mennetou-sur-Cher, Neung-sur-Beuvron, Romorantin-Lanthenay-Nord, Romorantin-Lanthenay-Sud, Salbris et Selles-sur-Cher. (3)]"},{"type":"add","content":""},{"type":"del","content":"[Vendôme"},{"type":"del","content":"Cantons de Droué, Mondoubleau, Montoire-sur-le-Loir, Morée, Saint-Amand-Longpré, Savigny-sur-Braye, Selommes, Vendôme 1 ` t canton et Vendôme 2e canton. (3)]"},{"type":"add","content":""},{"type":"add","content":"[Vendôme"},{"type":"add","content":""},{"type":"add","content":""},{"type":"add","content":"Cantons de Droué, Mondoubleau, Montoire-sur-le-Loir, Morée, Saint-Amand-Longpré, Savigny-sur-Braye, Selommes, Vendôme 1er canton et Vendôme 2e canton. (3)]"},{"type":"add","content":""},{"type":"del","content":"Evry"},{"type":"del","content":"Etampes"},{"type":"del","content":"Cantons de Dourdan, Étampes, Étréchy, La Ferté-Alais, Méréville et Saint-Chéron."},{"type":"add","content":""},{"type":"add","content":"Evry"},{"type":"add","content":""},{"type":"add","content":""},{"type":"add","content":"Etampes"},{"type":"add","content":""},{"type":"add","content":""},{"type":"add","content":"Cantons de Dourdan, Étampes, Étréchy, La Ferté-Alais, Méréville et Saint-Chéron."},{"type":"add","content":""},{"type":"del","content":"Evry"},{"type":"del","content":"Cantons de Corbeil-Essonnes-Est, Corbeil-Essonnes-Ouest, Évry Nord, Évry-Sud, Mennecy, Milly-la-Forêt, Ris-Orangis et Saint-Germain-lès-Corbeil."},{"type":"add","content":""},{"type":"add","content":"Evry"},{"type":"add","content":""},{"type":"add","content":""},{"type":"add","content":"Cantons de Corbeil-Essonnes-Est, Corbeil-Essonnes-Ouest, Évry Nord, Évry-Sud, Mennecy, Milly-la-Forêt, Ris-Orangis et Saint-Germain-lès-Corbeil."},{"type":"add","content":""},{"type":"del","content":"Juvisy-sur-Orge"},{"type":"del","content":"Cantons de Brunoy, Draveil, Epinay-sous-Sénart, Grigny, Juvisy-sur-Orge (uniquement la commune de Juvisy-sur-Orge), Montgeron, Morsang-sur-Orge, Vigneux-sur-Seine, Viry-Châtillon et Yerres."},{"type":"add","content":""},{"type":"add","content":"Juvisy-sur-Orge"},{"type":"add","content":""},{"type":"add","content":""},{"type":"add","content":"Cantons de Brunoy, Draveil, Epinay-sous-Sénart, Grigny, Juvisy-sur-Orge (uniquement la commune de Juvisy-sur-Orge), Montgeron, Morsang-sur-Orge, Vigneux-sur-Seine, Viry-Châtillon et Yerres."},{"type":"add","content":""},{"type":"del","content":"Longjumeau"},{"type":"del","content":"A l'exception de l'emprise de l'aérodrome de Paris-Orly, cantons d'Arpajon, Athis-Mons, Brétigny-sur-Orge, Chilly-Mazarin, Juvisy sur-Orge (uniquement la fraction de la commune de Savigny-sur-Orge), Longjumeau, Massy-Est, Massy-Ouest, Montlhéry, Sainte Geneviève-des-Bois, Saint-Michel-sur-Orge, Savigny-sur-Orge et Villebon-sur-Yvette (uniquement les communes de Ballainvilliers, de-Champlan et de Saulx-les-Chartreux)."},{"type":"add","content":""},{"type":"add","content":"Longjumeau"},{"type":"add","content":""},{"type":"add","content":""},{"type":"add","content":"A l'exception de l'emprise de l'aérodrome de Paris-Orly, cantons d'Arpajon, Athis-Mons, Brétigny-sur-Orge, Chilly-Mazarin, Juvisy sur-Orge (uniquement la fraction de la commune de Savigny-sur-Orge), Longjumeau, Massy-Est, Massy-Ouest, Montlhéry, Sainte Geneviève-des-Bois, Saint-Michel-sur-Orge, Savigny-sur-Orge et Villebon-sur-Yvette (uniquement les communes de Ballainvilliers, de-Champlan et de Saulx-les-Chartreux)."},{"type":"add","content":""},{"type":"del","content":"Palaiseau"},{"type":"del","content":"Cantons de Bièvres, Gif-sur-Yvette, Les Ulis, Limours, Orsay, Palaiseau et Villebon-sur-Yvette (uniquement les communes de Villebon-sur-Yvette et Villejust)."},{"type":"add","content":""},{"type":"add","content":"Palaiseau"},{"type":"add","content":""},{"type":"add","content":""},{"type":"add","content":"Cantons de Bièvres, Gif-sur-Yvette, Les Ulis, Limours, Orsay, Palaiseau et Villebon-sur-Yvette (uniquement les communes de Villebon-sur-Yvette et Villejust)."},{"type":"add","content":""},{"type":"del","content":"[Dinan (5)]"},{"type":"del","content":"Dinan"},{"type":"del","content":"Cantons de Broons, Caulnes, Dinan-Est, Dinan-Ouest, Évran, Jugon-les-Lacs, Matignon, Plancoët, Plélan-le-Petit et Ploubalay."},{"type":"del","content":""},{"type":"del","content":""},{"type":"del","content":"[Guingamp (5)]"},{"type":"del","content":"[Guingamp"},{"type":"del","content":"Cantons de Bégard, Belle-Isle-en-Terre, Bourbriac, Callac, Guingamp, Maël-Carhaix, Plouagat, Pontrieux, Rostrenen et Saint-Nicolas-du-Pélem. (3)]"},{"type":"del","content":""},{"type":"del","content":""},{"type":"del","content":"[Guingamp"},{"type":"del","content":"Cantons de Bégard, Belle-Isle-en-Terre, Bourbriac, Callac, Guingamp, Lannion, La Roche-Derrien, Lézardrieux, Maël-Carhaix, Perros-Guirec, Plestin-les-Grèves, Plouagat, Plouaret, Pontrieux, Rostrenen, Saint-Nicolas-du-Pélem et Tréguier. (4)]"},{"type":"del","content":""},{"type":"del","content":""},{"type":"del","content":"[Lannion"},{"type":"del","content":"Cantons de La Roche-Derrien, Lannion, Lézardrieux, Perros-Guirec, Plestin-les-Grèves, Plouaret et Tréguier. (3)]"},{"type":"del","content":""},{"type":"del","content":""},{"type":"del","content":"Saint-Brieuc"},{"type":"del","content":"[Loudéac"},{"type":"del","content":"Cantons de Collinée, Corlay, Gouarec, La Chèze, Loudéac, Merdrignac, Mûr-de-Bretagne, Plouguenast et Uzel. (3)]"},{"type":"del","content":""},{"type":"del","content":""},{"type":"del","content":"[Guingamp (6)]"},{"type":"add","content":"Saint-Brieuc"},{"type":"add","content":"Guingamp"},{"type":"del","content":"[Saint-Brieuc"},{"type":"del","content":"Cantons de Châtelaudren, Étables-sur-Mer, Lamballe, Langueux, Lanvollon, Moncontour, Paimpol, Pléneuf-Val-André, Plérin, Ploeuc-sur-Lié, Ploufragan, Plouha, Quintin, Saint-Brieuc-Nord, Saint-Brieuc-Ouest et Saint-Brieuc-Sud. (3)]"},{"type":"add","content":""},{"type":"add","content":"Saint-Brieuc"},{"type":"add","content":"Cantons de Châtelaudren, Collinée, Corlay, Etables-sur-Mer, Gouarec, La Chèze, Lamballe, Langueux, Lanvollon, Loudéac, Merdrignac, Moncontour, Mûr-de-Bretagne, Paimpol, Pléneuf-Val-André, Plérin, Plœuc-sur-Lié, Ploufragan, Plouguenast, Plouha, Quintin, Saint-Brieuc-Nord, Saint-Brieuc-Ouest, Saint-Brieuc-Sud et Uzel."},{"type":"del","content":"[Saint-Brieuc"},{"type":"del","content":"Cantons de Châtelaudren, Collinée, Corlay, Étables-sur-Mer, Gouaree, La Chèze, Lamballe, Langueux, Lanvollon, Loudéac, Merdrignac, Moncontour, Mûr-de-Bretagne, Paimpol, Pléneuf-Val-André, Plérin, Ploeuc-sur-Lié, Ploufragan, Plouguenast, Plouha, Quintin, Saint-Brieuc-Nord, Saint-Brieuc-Ouest, Saint-Brieuc-Sud et Uzel. (4)]"},{"type":"add","content":""},{"type":"add","content":"Dont une chambre détachée à Guingamp"},{"type":"add","content":""},{"type":"add","content":""},{"type":"add","content":""},{"type":"add","content":"Ressort de la chambre détachée à Guingamp : cantons de"},{"type":"add","content":"Bégard, Belle-Isle-en-Terre, Bourbriac, Callac, Guingamp,"},{"type":"add","content":"Lannion, La Roche-Derrien, Lézardrieux, Maël-Carhaix,"},{"type":"add","content":"Perros-Guirec, Plestin-les-Grèves, Plouagat, Plouaret,"},{"type":"add","content":"Pontrieux, Rostrenen, Saint-Nicolas-du-Pélem et Tréguier."},{"type":"add","content":""},{"type":"del","content":"[Rennes"},{"type":"del","content":"Cantons d'Antrain, Argentré-du-Plessis, Bécherel, Betton, Bruz, Cesson-Sévigné, Châteaubourg, Châteaugiron, Fougères-Nord, Fougères-Sud, Hédé, Janzé, La Guerche-de-Bretagne, Liffré, Louvigné-du-Désert, Montauban-de-Bretagne, Montfort-sur-Meu, Mordelles, Plélan-le-Grand, Rennes-Brequigny, Rennes-Centre, Rennes-Centre-Ouest, Rennes-Centre-Sud, Rennes-Est, Rennes-le-Blosne, Rennes-Nord, Rennes-Nord-Est, Rennes-Nord-Ouest, Rennes-Sud-Est, Rennes-Sud-Ouest, Retiers, Saint-Aubin-d'Aubigné, Saint-Aubin-du-Cormier, Saint-Brice-en-Coglès, Saint-Méen-le-Grand, Vitré-Est et Vitré-Ouest (21)]"},{"type":"add","content":""},{"type":"add","content":"[Rennes"},{"type":"add","content":""},{"type":"add","content":""},{"type":"add","content":"Cantons d'Antrain, Argentré-du-Plessis, Bécherel, Betton, Bruz, Cesson-Sévigné, Châteaubourg, Châteaugiron, Fougères-Nord, Fougères-Sud, Hédé, Janzé, La Guerche-de-Bretagne, Liffré, Louvigné-du-Désert, Montauban-de-Bretagne, Montfort-sur-Meu, Mordelles, Plélan-le-Grand, Rennes-Brequigny, Rennes-Centre, Rennes-Centre-Ouest, Rennes-Centre-Sud, Rennes-Est, Rennes-le-Blosne, Rennes-Nord, Rennes-Nord-Est, Rennes-Nord-Ouest, Rennes-Sud-Est, Rennes-Sud-Ouest, Retiers, Saint-Aubin-d'Aubigné, Saint-Aubin-du-Cormier, Saint-Brice-en-Coglès, Saint-Méen-le-Grand, Vitré-Est et Vitré-Ouest (21)]"},{"type":"add","content":""},{"type":"del","content":"[Vitré"},{"type":"del","content":"Cantons d'Argentré-du-Plessis, Châteaubourg, La Guerche-de-Bretagne, Retiers, Vitré-Est et Vitré-Ouest. (3)]"},{"type":"add","content":""},{"type":"add","content":"[Vitré"},{"type":"add","content":""},{"type":"add","content":""},{"type":"add","content":"Cantons d'Argentré-du-Plessis, Châteaubourg, La Guerche-de-Bretagne, Retiers, Vitré-Est et Vitré-Ouest. (3)]"},{"type":"add","content":""},{"type":"del","content":"[Saint-Gaudens (5)]"},{"type":"add","content":"Saint-Gaudens"},{"type":"del","content":"Toulouse"},{"type":"add","content":"Toulouse"},{"type":"del","content":"[Saint-Gaudens (6)]"},{"type":"del","content":"Cantons d'Aspet, Aurignac, Bagnères-de-Luchon, Barbazan, Boulogne-sur-Gesse, Cazères, Le Fousseret, L'Isle-en-Dodon, Montréjeau, Saint-Béat, Saint-Gaudens, Saint-Martory et Salies-du-Salat."},{"type":"del","content":""},{"type":"del","content":""},{"type":"del","content":"[Toulouse"},{"type":"del","content":"Cantons de Blagnac, Cadours, Castanet-Tolosan, Fronton, Grenade, Léguevin, Montastruc-la-Conseillère, Toulouse 1er canton, Toulouse 2e canton, Toulouse 3e canton, Toulouse 4e canton, Toulouse 5e canton, Toulouse 6e canton, Toulouse 7e canton, Toulouse 8e canton, Toulouse 9e canton, Toulouse 10e canton, Toulouse 11e canton, Toulouse 12e canton, Toulouse 13e canton, Toulouse 14e canton, Toulouse 15e canton, Tournefeuille, Verfeil et Villemur-sur-Tarn. (3)]"},{"type":"del","content":""},{"type":"del","content":""},{"type":"del","content":"[Toulouse"},{"type":"del","content":"Cantons de Blagnac, Cadours, Caraman, Castanet-Tolosan, Fronton, Grenade, Lanta, Léguevin, Montastruc-la-Conseillère, Montgiscard, Nailloux, Revel, Toulouse 1er canton, Toulouse 2e canton, Toulouse 3e canton, Toulouse 4e canton, Toulouse 5e canton, Toulouse 6e canton, Toulouse 7e canton, Toulouse 8e canton, Toulouse 9e canton, Toulouse 10e canton, Toulouse 11e canton, Toulouse 12e canton, Toulouse 13e canton, Toulouse 14e canton, Toulouse 15e canton, Tournefeuille, Verfeil, Villefranche-de-Lauragais et Villemur-sur-Tarn. (4)]"},{"type":"del","content":""},{"type":"del","content":""},{"type":"del","content":"[Villefranche-de-Lauragais"},{"type":"del","content":"Cantons de Caraman, Lanta, Montgiscard, Nailloux, Revel et Villefranche-de-Lauragais. (3)]"},{"type":"add","content":"Toulouse"},{"type":"add","content":"Cantons de Blagnac, Cadours, Caraman, Castanet-Tolosan, Fronton, Grenade, Lanta, Léguevin, Montastruc-la-Conseillère, Montgiscard, Nailloux, Revel, Toulouse 1er canton, Toulouse 2e canton, Toulouse 3e canton, Toulouse 4e canton, Toulouse 5e canton, Toulouse 6e canton, Toulouse 7e canton, Toulouse 8e canton, Toulouse 9e canton, Toulouse 10e canton, Toulouse 11e canton, Toulouse 12e canton, Toulouse 13e canton, Toulouse 14e canton, Toulouse 15e canton, Tournefeuille, Verfeil, Villefranche-de-Lauragais et Villemur-sur-Tarn."},{"type":"del","content":"Montauban 5e canton, Montauban 6e canton, Montpezat-de-Quercy, Nègrepelisse, Saint-Antonin-Noble-Val et Villebrumier."},{"type":"add","content":"Montauban 5e canton, Montauban 6e canton, Montpezat-"},{"type":"add","content":"de-Quercy, Nègrepelisse, Saint-Antonin-Noble-Val et Villebrumier."},{"type":"add","content":""},{"type":"add","content":""},{"type":"add","content":""},{"type":"del","content":"Siège du tribunal de première instance"},{"type":"del","content":"et de la juridiction de proximité"},{"type":"add","content":""},{"type":"add","content":"Siège du tribunal de première instance"},{"type":"add","content":"          et de la juridiction de proximité"},{"type":"add","content":""},{"type":"del","content":"Saint-Pierre"},{"type":"del","content":"Collectivité territoriale de Saint-Pierre-et-Miquelon"},{"type":"add","content":""},{"type":"add","content":"Saint-Pierre"},{"type":"add","content":""},{"type":"add","content":""},{"type":"add","content":"Collectivité territoriale de Saint-Pierre-et-Miquelon"},{"type":"add","content":""},{"type":"add","content":""},{"type":"add","content":""},{"type":"del","content":"(18) Applicable à compter du 6 septembre 2010."},{"type":"del","content":""},{"type":"del","content":"(21) Applicable jusqu'au 31 décembre 2011."},{"type":"del","content":""},{"type":"del","content":"(22) Applicable à compter du 1er janvier 2012."},{"type":"add","content":"(18) Applicable à compter du 6 septembre 2010."},{"type":"add","content":"(21) Applicable jusqu'au 31 décembre 2011."},{"type":"add","content":"(22) Applicable à compter du 1er janvier 2012."},{"type":"del","content":"Décret n° 2014-395 du 9 avril 2014 modifiant le siège et le ressort des tribunaux pour enfants et des tribunaux de grande instance de la cour d'appel de Grenoble - article 1 ENTIEREMENT_MODIF MODIFIE source"},{"type":"add","content":"Décret n° 2014-607 du 10 juin 2014 portant création d'une chambre détachée du tribunal de grande instance de Rodez à Millau - article 2 ENTIEREMENT_MODIF MODIFIE source"},{"type":"del","content":"2014-04-09 MODIFIE cible Décret n° 2014-395 du 9 avril 2014 modifiant le siège et le ressort des tribunaux pour enfants et des tribunaux de grande instance de la cour d'appel de Grenoble - article 1 ENTIEREMENT_MODIF"},{"type":"add","content":"2014-06-10 MODIFIE cible Décret n° 2014-607 du 10 juin 2014 portant création d'une chambre détachée du tribunal de grande instance de Rodez à Millau - article 2 ENTIEREMENT_MODIF"},{"type":"del","content":"* [JSON dans git](https://git.tricoteuses.fr/dila/donnees_juridiques/src/branch/main/LEGI/ARTI/00/00/28/84/30/LEGIARTI000028843089.json)"},{"type":"del","content":"* [Références JSON dans git](https://git.tricoteuses.fr/dila/references_donnees_juridiques/src/branch/main/LEGI/ARTI/00/00/28/84/30/LEGIARTI000028843089.json)"},{"type":"del","content":"* [Markdown dans git](https://git.tricoteuses.fr/dila/textes_juridiques/src/branch/main/LEGI/ARTI/00/00/28/84/30/LEGIARTI000028843089.md)"},{"type":"add","content":"* [JSON dans git](https://git.tricoteuses.fr/dila/donnees_juridiques/src/branch/main/LEGI/ARTI/00/00/29/06/80/LEGIARTI000029068057.json)"},{"type":"add","content":"* [Références JSON dans git](https://git.tricoteuses.fr/dila/references_donnees_juridiques/src/branch/main/LEGI/ARTI/00/00/29/06/80/LEGIARTI000029068057.json)"},{"type":"add","content":"* [Markdown dans git](https://git.tricoteuses.fr/dila/textes_juridiques/src/branch/main/LEGI/ARTI/00/00/29/06/80/LEGIARTI000029068057.md)"},{"type":"del","content":"* [Légifrance](https://www.legifrance.gouv.fr/codes/article_lc/LEGIARTI000028843089)"},{"type":"add","content":"* [Légifrance](https://www.legifrance.gouv.fr/codes/article_lc/LEGIARTI000029068057)"}],"status":"modified"}],"stats":{"additions":267,"deletions":211,"filesChanged":1}}