{"sha":"c665ce82c154","date":"2010-03-01","message":"Arrêté du 9 février 2010 portant création de maisons de justice et du droit et modifiant le tableau III annexé au code de l'organisation judiciaire","files":[{"filename":"partie_reglementaire/annexes/article_annexe_tableau_iii.md","articleName":"Article ANNEXE TABLEAU III","additions":461,"deletions":329,"diff":[{"type":"del","content":""},{"type":"add","content":""},{"type":"del","content":""},{"type":"del","content":"TRIBUNAUX DE GRANDE INSTANCE"},{"type":"del","content":""},{"type":"del","content":""},{"type":"del","content":"MAISONS DE JUSTICE ET DU DROIT"},{"type":"del","content":""},{"type":"add","content":""},{"type":"add","content":""},{"type":"add","content":"TRIBUNAUX DE GRANDE INSTANCE"},{"type":"add","content":""},{"type":"add","content":""},{"type":"add","content":""},{"type":"add","content":"MAISONS DE JUSTICE ET DU DROIT"},{"type":"add","content":""},{"type":"del","content":"Cour d'appel d'Aix-en-Provence"},{"type":"add","content":""},{"type":"add","content":"        Cour d'appel d'Aix-en-Provence"},{"type":"del","content":"Nice"},{"type":"add","content":""},{"type":"add","content":"Nice"},{"type":"del","content":"Menton, Nice (Ariane)."},{"type":"add","content":""},{"type":"add","content":"Menton, Nice (Ariane)."},{"type":"del","content":"Bouches-du-Rhône"},{"type":"add","content":""},{"type":"add","content":"Bouches-du-Rhône"},{"type":"del","content":"Aix-en-Provence"},{"type":"add","content":""},{"type":"add","content":"Aix-en-Provence"},{"type":"del","content":"Aix-en-Provence (Jas du Bouffan), Martigues, Salon-de-Provence."},{"type":"add","content":""},{"type":"add","content":"Aix-en-Provence (Jas du Bouffan), Martigues, Salon-de-Provence."},{"type":"del","content":"Marseille"},{"type":"add","content":""},{"type":"add","content":"Marseille"},{"type":"del","content":"Aubagne."},{"type":"add","content":""},{"type":"add","content":"Aubagne."},{"type":"del","content":"Var"},{"type":"add","content":""},{"type":"add","content":"Var"},{"type":"del","content":"Toulon"},{"type":"add","content":""},{"type":"add","content":"Toulon"},{"type":"del","content":"La Seyne-sur-Mer, Toulon."},{"type":"add","content":""},{"type":"add","content":"La Seyne-sur-Mer, Toulon."},{"type":"del","content":"Cour d'appel d'Amiens"},{"type":"add","content":""},{"type":"add","content":"Cour d'appel d'Amiens"},{"type":"del","content":"Oise"},{"type":"add","content":""},{"type":"add","content":"Oise"},{"type":"del","content":"Beauvais"},{"type":"add","content":""},{"type":"add","content":"Beauvais"},{"type":"del","content":"Méru/Vexin-Thelle-Sablons."},{"type":"add","content":""},{"type":"add","content":"Méru/Vexin-Thelle-Sablons."},{"type":"del","content":"Compiègne"},{"type":"add","content":""},{"type":"add","content":"Compiègne"},{"type":"del","content":"Noyon."},{"type":"add","content":""},{"type":"add","content":"Noyon."},{"type":"del","content":"Senlis"},{"type":"add","content":""},{"type":"add","content":"Senlis"},{"type":"del","content":"Creil."},{"type":"add","content":""},{"type":"add","content":"Creil."},{"type":"del","content":"Somme"},{"type":"add","content":""},{"type":"add","content":"Somme"},{"type":"del","content":"Amiens"},{"type":"add","content":""},{"type":"add","content":"Amiens"},{"type":"del","content":"Amiens."},{"type":"add","content":""},{"type":"add","content":"Amiens."},{"type":"del","content":"Cour d'appel d'Angers"},{"type":"del","content":"Maine-et-Loire"},{"type":"add","content":""},{"type":"add","content":"Cour d'appel d'Angers Maine-et-Loire"},{"type":"del","content":"Angers"},{"type":"add","content":""},{"type":"add","content":"Angers"},{"type":"del","content":"Angers."},{"type":"add","content":""},{"type":"add","content":"Angers."},{"type":"del","content":""},{"type":"del","content":""},{"type":"del","content":"Sarthe"},{"type":"del","content":""},{"type":"add","content":""},{"type":"add","content":"Sarthe"},{"type":"del","content":"Le Mans"},{"type":"add","content":""},{"type":"add","content":"Le Mans"},{"type":"del","content":"Allonnes."},{"type":"add","content":""},{"type":"add","content":"Allonnes."},{"type":"del","content":""},{"type":"del","content":""},{"type":"del","content":"          Cour d'appel de Bordeaux"},{"type":"del","content":""},{"type":"del","content":"Charente"},{"type":"add","content":""},{"type":"add","content":"Cour d'appel de Bordeaux Charente"},{"type":"del","content":"Angoulême"},{"type":"add","content":""},{"type":"add","content":"Angoulême"},{"type":"del","content":"Angoulême."},{"type":"add","content":""},{"type":"add","content":"Angoulême."},{"type":"del","content":""},{"type":"del","content":""},{"type":"del","content":"          Dordogne"},{"type":"del","content":""},{"type":"add","content":""},{"type":"add","content":"Dordogne"},{"type":"del","content":"Bergerac"},{"type":"add","content":""},{"type":"add","content":"Bergerac"},{"type":"del","content":"Bergerac."},{"type":"add","content":""},{"type":"add","content":"Bergerac."},{"type":"del","content":""},{"type":"del","content":""},{"type":"del","content":"Gironde"},{"type":"del","content":""},{"type":"add","content":""},{"type":"add","content":"Gironde"},{"type":"del","content":"Bordeaux"},{"type":"add","content":""},{"type":"add","content":"Bordeaux"},{"type":"del","content":"Bordeaux-Bastide, Bordeaux-Nord."},{"type":"add","content":""},{"type":"add","content":"Bordeaux-Bastide, Bordeaux-Nord."},{"type":"del","content":""},{"type":"del","content":""},{"type":"del","content":"          Cour d'appel de Bourges"},{"type":"del","content":""},{"type":"del","content":"Cher"},{"type":"add","content":""},{"type":"add","content":"Cour d'appel de Bourges Cher"},{"type":"del","content":"Bourges"},{"type":"add","content":""},{"type":"add","content":"Bourges"},{"type":"del","content":"Vierzon."},{"type":"add","content":""},{"type":"add","content":"Vierzon."},{"type":"del","content":""},{"type":"del","content":""},{"type":"del","content":"          Cour d'appel de Caen"},{"type":"del","content":""},{"type":"del","content":"Calvados"},{"type":"add","content":""},{"type":"add","content":"Cour d'appel de Caen Calvados"},{"type":"del","content":"Caen"},{"type":"add","content":""},{"type":"add","content":"Caen"},{"type":"del","content":"Hérouville-Saint-Clair."},{"type":"add","content":""},{"type":"add","content":"Hérouville-Saint-Clair."},{"type":"del","content":""},{"type":"del","content":""},{"type":"del","content":"          Cour d'appel de Chambéry"},{"type":"del","content":""},{"type":"del","content":"Haute-Savoie"},{"type":"add","content":""},{"type":"add","content":"Cour d'appel de Chambéry Haute-Savoie"},{"type":"del","content":"Thonon-les-Bains"},{"type":"add","content":""},{"type":"add","content":"Thonon-les-Bains"},{"type":"del","content":"Annemasse."},{"type":"add","content":""},{"type":"add","content":"Annemasse."},{"type":"del","content":""},{"type":"del","content":""},{"type":"del","content":"          Savoie"},{"type":"del","content":""},{"type":"add","content":""},{"type":"add","content":"Savoie"},{"type":"del","content":"Albertville"},{"type":"add","content":""},{"type":"add","content":"Albertville"},{"type":"del","content":"Albertville (La Tarentaise)."},{"type":"add","content":""},{"type":"add","content":"Albertville (La Tarentaise)."},{"type":"del","content":"Chambéry"},{"type":"add","content":""},{"type":"add","content":"Chambéry"},{"type":"del","content":"Aix-les-Bains, Chambéry."},{"type":"add","content":""},{"type":"add","content":"Aix-les-Bains, Chambéry."},{"type":"del","content":""},{"type":"del","content":""},{"type":"del","content":"          Cour d'appel de Colmar"},{"type":"del","content":""},{"type":"del","content":"Bas-Rhin"},{"type":"add","content":""},{"type":"add","content":"Cour d'appel de Colmar Bas-Rhin"},{"type":"del","content":"Strasbourg"},{"type":"add","content":""},{"type":"add","content":"Strasbourg"},{"type":"del","content":"Strasbourg."},{"type":"add","content":""},{"type":"add","content":"Strasbourg."},{"type":"del","content":"Haut-Rhin"},{"type":"add","content":""},{"type":"add","content":"Haut-Rhin"},{"type":"del","content":"Colmar"},{"type":"add","content":""},{"type":"add","content":"Colmar"},{"type":"del","content":"Colmar."},{"type":"add","content":""},{"type":"add","content":"Colmar."},{"type":"del","content":"Mulhouse"},{"type":"add","content":""},{"type":"add","content":"Mulhouse"},{"type":"del","content":"Mulhouse."},{"type":"add","content":""},{"type":"add","content":"Mulhouse."},{"type":"del","content":""},{"type":"del","content":""},{"type":"del","content":"          Cour d'appel de Dijon"},{"type":"del","content":""},{"type":"del","content":"Côte-d'Or"},{"type":"add","content":""},{"type":"add","content":"Cour d'appel de Dijon Côte-d'Or"},{"type":"del","content":"Dijon"},{"type":"add","content":""},{"type":"add","content":"Dijon"},{"type":"del","content":"Chenôve."},{"type":"add","content":""},{"type":"add","content":"Chenôve."},{"type":"del","content":""},{"type":"del","content":""},{"type":"del","content":"Saône-et-Loire"},{"type":"del","content":""},{"type":"add","content":""},{"type":"add","content":"Saône-et-Loire"},{"type":"del","content":"Chalon-sur-Saône"},{"type":"add","content":""},{"type":"add","content":"Chalon-sur-Saône"},{"type":"del","content":"Chalon-sur-Saône."},{"type":"add","content":""},{"type":"add","content":"Chalon-sur-Saône."},{"type":"del","content":"Mâcon"},{"type":"add","content":""},{"type":"add","content":"Mâcon"},{"type":"del","content":"Mâcon."},{"type":"add","content":""},{"type":"add","content":"Mâcon."},{"type":"del","content":""},{"type":"del","content":""},{"type":"del","content":"          Cour d'appel de Douai"},{"type":"del","content":""},{"type":"del","content":"Nord"},{"type":"add","content":""},{"type":"add","content":"Cour d'appel de Douai Nord"},{"type":"del","content":"Avesnes-sur-Helpe"},{"type":"add","content":""},{"type":"add","content":"Avesnes-sur-Helpe"},{"type":"del","content":"Aulnoy-Aymeries, Maubeuge."},{"type":"add","content":""},{"type":"add","content":"Aulnoy-Aymeries, Maubeuge."},{"type":"del","content":"Dunkerque"},{"type":"add","content":""},{"type":"add","content":"Dunkerque"},{"type":"del","content":"Dunkerque."},{"type":"add","content":""},{"type":"add","content":"Dunkerque."},{"type":"del","content":"Lille"},{"type":"add","content":""},{"type":"add","content":"Lille"},{"type":"del","content":"Roubaix, Tourcoing."},{"type":"add","content":""},{"type":"add","content":"Roubaix, Tourcoing."},{"type":"del","content":"Pas-de-Calais"},{"type":"add","content":""},{"type":"add","content":"Pas-de-Calais"},{"type":"del","content":"Valenciennes"},{"type":"add","content":""},{"type":"add","content":"Valenciennes"},{"type":"del","content":"Denain."},{"type":"add","content":""},{"type":"add","content":"Denain."},{"type":"del","content":"Béthune"},{"type":"add","content":""},{"type":"add","content":"Béthune"},{"type":"del","content":"Lens."},{"type":"add","content":""},{"type":"add","content":"Lens."},{"type":"del","content":"Boulogne-sur-Mer"},{"type":"add","content":""},{"type":"add","content":"Boulogne-sur-Mer"},{"type":"del","content":"Calais."},{"type":"add","content":""},{"type":"add","content":"Calais."},{"type":"del","content":""},{"type":"del","content":""},{"type":"del","content":"          Cour d'appel de Fort-de-France"},{"type":"del","content":""},{"type":"del","content":"Guyane"},{"type":"add","content":""},{"type":"add","content":"Cour d'appel de Fort-de-France Guyane"},{"type":"del","content":"Cayenne"},{"type":"add","content":""},{"type":"add","content":"Cayenne"},{"type":"del","content":"Saint-Laurent-du-Maroni."},{"type":"add","content":""},{"type":"add","content":"Saint-Laurent-du-Maroni."},{"type":"del","content":""},{"type":"del","content":""},{"type":"del","content":"          Martinique"},{"type":"del","content":""},{"type":"add","content":""},{"type":"add","content":"Martinique"},{"type":"del","content":"Fort-de-France"},{"type":"add","content":""},{"type":"add","content":"Fort-de-France"},{"type":"del","content":"Fort-de-France."},{"type":"add","content":""},{"type":"add","content":"Fort-de-France."},{"type":"del","content":""},{"type":"del","content":""},{"type":"del","content":"          Cour d'appel de Grenoble"},{"type":"del","content":""},{"type":"del","content":"Drôme"},{"type":"add","content":""},{"type":"add","content":"Cour d'appel de Grenoble Drôme"},{"type":"del","content":"Valence"},{"type":"add","content":""},{"type":"add","content":"Valence"},{"type":"del","content":"Romans-sur-Isère."},{"type":"add","content":""},{"type":"add","content":"Romans-sur-Isère."},{"type":"del","content":"Isère"},{"type":"add","content":""},{"type":"add","content":"Isère"},{"type":"del","content":"Grenoble"},{"type":"add","content":""},{"type":"add","content":"Grenoble"},{"type":"del","content":"Grenoble."},{"type":"add","content":""},{"type":"add","content":"Grenoble."},{"type":"del","content":"Vienne"},{"type":"add","content":""},{"type":"add","content":"Vienne"},{"type":"del","content":"Villefontaine."},{"type":"add","content":""},{"type":"add","content":"Villefontaine."},{"type":"del","content":""},{"type":"del","content":""},{"type":"del","content":"          Cour d'appel de Limoges"},{"type":"del","content":""},{"type":"del","content":"Corrèze"},{"type":"add","content":""},{"type":"add","content":"Cour d'appel de Limoges Corrèze"},{"type":"del","content":"Brive-la-Gaillarde"},{"type":"add","content":""},{"type":"add","content":"Brive-la-Gaillarde"},{"type":"del","content":"Brive-la-Gaillarde."},{"type":"add","content":""},{"type":"add","content":"Brive-la-Gaillarde."},{"type":"del","content":"Haute-Vienne"},{"type":"add","content":""},{"type":"add","content":"Haute-Vienne"},{"type":"del","content":"Limoges"},{"type":"add","content":""},{"type":"add","content":"Limoges"},{"type":"del","content":"Limoges."},{"type":"add","content":""},{"type":"add","content":"Limoges."},{"type":"del","content":""},{"type":"del","content":""},{"type":"del","content":"          Cour d'appel de Lyon"},{"type":"del","content":""},{"type":"del","content":"Loire"},{"type":"add","content":""},{"type":"add","content":"Cour d'appel de Lyon Loire"},{"type":"del","content":"Saint-Etienne"},{"type":"add","content":""},{"type":"add","content":"Saint-Etienne"},{"type":"del","content":"Saint-Etienne."},{"type":"add","content":""},{"type":"add","content":"Saint-Etienne."},{"type":"del","content":"Rhône"},{"type":"add","content":""},{"type":"add","content":"Rhône"},{"type":"del","content":"Lyon"},{"type":"add","content":""},{"type":"add","content":""},{"type":"add","content":"Lyon"},{"type":"add","content":""},{"type":"del","content":"Bron, Givors, Lyon-Sud, Vaulx-en-Velin, Villeurbanne, Vénissieux."},{"type":"add","content":""},{"type":"add","content":""},{"type":"add","content":"Bron, Givors, Lyon-Sud, Vaulx-en-Velin, Villeurbanne, Vénissieux."},{"type":"add","content":""},{"type":"del","content":""},{"type":"del","content":""},{"type":"del","content":"          Cour d'appel de Metz"},{"type":"del","content":""},{"type":"del","content":"Moselle"},{"type":"add","content":""},{"type":"add","content":"Cour d'appel de Metz Moselle"},{"type":"del","content":"Metz"},{"type":"add","content":""},{"type":"add","content":"Metz"},{"type":"del","content":"Woippy."},{"type":"add","content":""},{"type":"add","content":"Woippy."},{"type":"del","content":"Sarreguemines"},{"type":"add","content":""},{"type":"add","content":"Sarreguemines"},{"type":"del","content":"Forbach."},{"type":"add","content":""},{"type":"add","content":"Forbach."},{"type":"del","content":""},{"type":"del","content":""},{"type":"del","content":"          Cour d'appel de Montpellier"},{"type":"del","content":""},{"type":"del","content":"Aude"},{"type":"add","content":""},{"type":"add","content":"Cour d'appel de Montpellier Aude"},{"type":"del","content":"Narbonne"},{"type":"add","content":""},{"type":"add","content":"Narbonne"},{"type":"del","content":"Narbonne."},{"type":"add","content":""},{"type":"add","content":"Narbonne."},{"type":"del","content":"Hérault"},{"type":"add","content":""},{"type":"add","content":"Hérault"},{"type":"del","content":"Béziers"},{"type":"add","content":""},{"type":"add","content":"Béziers"},{"type":"del","content":"Agde."},{"type":"add","content":""},{"type":"add","content":"Agde."},{"type":"del","content":"Montpellier"},{"type":"add","content":""},{"type":"add","content":"Montpellier"},{"type":"del","content":"Lunel, Montpellier (La Paillade)."},{"type":"add","content":""},{"type":"add","content":"Lunel, Montpellier (La Paillade)."},{"type":"del","content":""},{"type":"del","content":""},{"type":"del","content":"          Cour d'appel de Nancy"},{"type":"del","content":""},{"type":"del","content":"Meurthe-et-Moselle"},{"type":"add","content":""},{"type":"add","content":"Cour d'appel de Nancy Meurthe-et-Moselle"},{"type":"del","content":"Nancy"},{"type":"add","content":""},{"type":"add","content":""},{"type":"add","content":"Nancy"},{"type":"add","content":""},{"type":"del","content":"Haut-du-Lièvre, Tomblaine, Vandœuvre-lès-Nancy."},{"type":"add","content":""},{"type":"add","content":""},{"type":"add","content":"Haut-du-Lièvre, Tomblaine, Vandœuvre-lès-Nancy."},{"type":"add","content":""},{"type":"del","content":""},{"type":"del","content":""},{"type":"del","content":"          Cour d'appel de Nîmes"},{"type":"del","content":""},{"type":"del","content":"Gard"},{"type":"add","content":""},{"type":"add","content":"Cour d'appel de Nîmes Gard"},{"type":"del","content":"Nîmes"},{"type":"add","content":""},{"type":"add","content":"Nîmes"},{"type":"del","content":"Bagnols-sur-Cèze, Nîmes."},{"type":"add","content":""},{"type":"add","content":"Bagnols-sur-Cèze, Nîmes."},{"type":"del","content":""},{"type":"del","content":""},{"type":"del","content":"          Cour d'appel d'Orléans"},{"type":"del","content":""},{"type":"del","content":"Indre-et-Loire"},{"type":"add","content":""},{"type":"add","content":"Cour d'appel d'Orléans Indre-et-Loire"},{"type":"del","content":"Tours"},{"type":"add","content":""},{"type":"add","content":"Tours"},{"type":"del","content":"Joué-lès-Tours."},{"type":"add","content":""},{"type":"add","content":"Joué-lès-Tours."},{"type":"del","content":"Loir-et-Cher"},{"type":"add","content":""},{"type":"add","content":"Loir-et-Cher"},{"type":"del","content":"Blois"},{"type":"add","content":""},{"type":"add","content":"Blois"},{"type":"del","content":"Blois."},{"type":"add","content":""},{"type":"add","content":"Blois."},{"type":"del","content":"Loiret"},{"type":"add","content":""},{"type":"add","content":"Loiret"},{"type":"del","content":"Orléans"},{"type":"add","content":""},{"type":"add","content":"Orléans"},{"type":"del","content":"Orléans."},{"type":"add","content":""},{"type":"add","content":"Orléans."},{"type":"del","content":""},{"type":"del","content":""},{"type":"del","content":"          Cour d'appel de Paris"},{"type":"del","content":""},{"type":"del","content":"Essonne"},{"type":"add","content":""},{"type":"add","content":"Cour d'appel de Paris Essonne"},{"type":"del","content":"Evry"},{"type":"add","content":""},{"type":"add","content":"Evry"},{"type":"del","content":"Athis-Mons, Les Ulis, Villemoisson-sur-Orge (val d'Orge)."},{"type":"add","content":""},{"type":"add","content":""},{"type":"add","content":"Athis-Mons, Les Ulis, Villemoisson-sur-Orge (val d'Orge)."},{"type":"add","content":""},{"type":"del","content":"Paris"},{"type":"add","content":""},{"type":"add","content":"Paris"},{"type":"del","content":"Paris"},{"type":"add","content":""},{"type":"add","content":"Paris"},{"type":"del","content":"Paris (10e), Paris (14e), Paris (17e)."},{"type":"add","content":""},{"type":"add","content":"Paris (10e), Paris (14e), Paris (17e)."},{"type":"del","content":"Seine-et-Marne"},{"type":"add","content":""},{"type":"add","content":"Seine-et-Marne"},{"type":"del","content":"Meaux"},{"type":"add","content":""},{"type":"add","content":"Meaux"},{"type":"del","content":"Chelles, Meaux, Val Maubuée."},{"type":"add","content":""},{"type":"add","content":"Chelles, Meaux, Val Maubuée."},{"type":"del","content":"Melun"},{"type":"add","content":""},{"type":"add","content":"Melun"},{"type":"del","content":"Pontault-Combault, Savigny-le-Temple."},{"type":"add","content":""},{"type":"add","content":"Pontault-Combault, Savigny-le-Temple."},{"type":"del","content":"Seine-Saint-Denis"},{"type":"add","content":""},{"type":"add","content":"Seine-Saint-Denis"},{"type":"del","content":"Bobigny"},{"type":"add","content":""},{"type":"add","content":"Bobigny"},{"type":"del","content":"Aubervilliers, Clichy-sous-Bois - Montfermeil, Epinay-sur-Seine, La Courneuve, Le Blanc-Mesnil, Pantin, Saint-Denis."},{"type":"add","content":""},{"type":"add","content":""},{"type":"add","content":"Aubervilliers, Clichy-sous-Bois - Montfermeil, Epinay-sur-Seine, La Courneuve, Le Blanc-Mesnil, Pantin, Saint-Denis."},{"type":"add","content":""},{"type":"del","content":"Val-de-Marne"},{"type":"add","content":""},{"type":"add","content":"Val-de-Marne"},{"type":"del","content":"Créteil"},{"type":"add","content":""},{"type":"add","content":"Créteil"},{"type":"del","content":"Champigny-sur-Marne."},{"type":"add","content":""},{"type":"add","content":"Champigny-sur-Marne."},{"type":"del","content":""},{"type":"del","content":""},{"type":"del","content":"          Cour d'appel de Poitiers"},{"type":"del","content":""},{"type":"del","content":"Charente-Maritime"},{"type":"add","content":""},{"type":"add","content":"Cour d'appel de Poitiers Charente-Maritime"},{"type":"del","content":"La Rochelle"},{"type":"add","content":""},{"type":"add","content":"La Rochelle"},{"type":"del","content":"La Rochelle."},{"type":"add","content":""},{"type":"add","content":"La Rochelle."},{"type":"del","content":""},{"type":"del","content":""},{"type":"del","content":"          Cour d'appel de Reims"},{"type":"del","content":""},{"type":"del","content":"Ardennes"},{"type":"add","content":""},{"type":"add","content":"Cour d'appel de Reims Ardennes"},{"type":"del","content":"Charleville-Mézières"},{"type":"add","content":""},{"type":"add","content":"Charleville-Mézières"},{"type":"del","content":"Charleville-Mézières, Sedan."},{"type":"add","content":""},{"type":"add","content":"Charleville-Mézières, Sedan."},{"type":"del","content":"Aube"},{"type":"add","content":""},{"type":"add","content":"Aube"},{"type":"del","content":"Troyes"},{"type":"add","content":""},{"type":"add","content":"Troyes"},{"type":"del","content":"Troyes."},{"type":"add","content":""},{"type":"add","content":"Troyes."},{"type":"del","content":"Marne"},{"type":"add","content":""},{"type":"add","content":"Marne"},{"type":"del","content":"Reims"},{"type":"add","content":""},{"type":"add","content":"Reims"},{"type":"del","content":"Reims."},{"type":"add","content":""},{"type":"add","content":"Reims."},{"type":"del","content":""},{"type":"del","content":""},{"type":"del","content":"          Cour d'appel de Rennes"},{"type":"del","content":""},{"type":"del","content":"Côtes-d'Armor"},{"type":"add","content":""},{"type":"add","content":"Cour d'appel de Rennes Côtes-d'Armor"},{"type":"del","content":"[Guingamp"},{"type":"add","content":""},{"type":"add","content":"[Guingamp"},{"type":"del","content":"Lannion (3).]"},{"type":"add","content":""},{"type":"add","content":"Lannion (3).]"},{"type":"del","content":"[Saint-Brieuc"},{"type":"add","content":""},{"type":"add","content":"[Saint-Brieuc"},{"type":"del","content":"Lannion (4).]"},{"type":"add","content":""},{"type":"add","content":"Lannion (4).]"},{"type":"del","content":"Loire-Atlantique"},{"type":"add","content":""},{"type":"add","content":"Loire-Atlantique"},{"type":"del","content":"Nantes"},{"type":"add","content":""},{"type":"add","content":"Nantes"},{"type":"del","content":"Nantes, Nantes-Rezé."},{"type":"add","content":""},{"type":"add","content":"Châteaubriant."},{"type":"del","content":""},{"type":"del","content":""},{"type":"del","content":"          Cour d'appel de Riom"},{"type":"del","content":""},{"type":"del","content":"Allier"},{"type":"add","content":""},{"type":"add","content":"Cour d'appel de Riom Allier"},{"type":"del","content":"Montluçon"},{"type":"add","content":""},{"type":"add","content":"Montluçon"},{"type":"del","content":"Montluçon."},{"type":"add","content":""},{"type":"add","content":"Montluçon."},{"type":"del","content":"Cour d'appel de Rouen"},{"type":"del","content":"Eure"},{"type":"add","content":""},{"type":"add","content":"Cour d'appel de Rouen Eure"},{"type":"del","content":"[Bernay"},{"type":"add","content":""},{"type":"add","content":"[Bernay"},{"type":"del","content":"Pont-Audemer (3).]"},{"type":"add","content":""},{"type":"add","content":"Pont-Audemer (3).]"},{"type":"del","content":"[Evreux"},{"type":"add","content":""},{"type":"add","content":"[Evreux"},{"type":"del","content":"Evreux, Louviers, Vernon (3).]"},{"type":"add","content":""},{"type":"add","content":"Evreux, Louviers, Vernon (3).]"},{"type":"del","content":"[Evreux"},{"type":"add","content":""},{"type":"add","content":"[Evreux"},{"type":"del","content":"Evreux, Louviers, Pont-Audemer, Vernon (4).]"},{"type":"add","content":""},{"type":"add","content":"Evreux, Louviers, Pont-Audemer, Vernon (4).]"},{"type":"del","content":"Seine-Maritime"},{"type":"add","content":""},{"type":"add","content":""},{"type":"add","content":"Seine-Maritime"},{"type":"add","content":""},{"type":"del","content":"Le Havre"},{"type":"add","content":""},{"type":"add","content":"Le Havre"},{"type":"del","content":"Fécamp, Le Havre."},{"type":"add","content":""},{"type":"add","content":"Fécamp, Le Havre."},{"type":"del","content":"Rouen"},{"type":"add","content":""},{"type":"add","content":"Rouen"},{"type":"del","content":"Elbeuf-sur-Seine, Canteleu, Rouen, Saint-Etienne-du-Rouvray."},{"type":"add","content":""},{"type":"add","content":""},{"type":"add","content":"Elbeuf-sur-Seine, Canteleu, Rouen, Saint-Etienne-du-Rouvray."},{"type":"add","content":""},{"type":"del","content":"Cour d'appel de Toulouse"},{"type":"del","content":"Haute-Garonne"},{"type":"add","content":""},{"type":"add","content":"Cour d'appel de Toulouse Haute-Garonne"},{"type":"del","content":"Toulouse"},{"type":"add","content":""},{"type":"add","content":"Toulouse"},{"type":"del","content":"Toulouse, Toulouse-Nord, Toulouse-Ouest."},{"type":"add","content":""},{"type":"add","content":"Toulouse, Toulouse-Nord, Toulouse-Ouest."},{"type":"del","content":"Tarn"},{"type":"add","content":""},{"type":"add","content":""},{"type":"add","content":"Tarn"},{"type":"add","content":""},{"type":"del","content":"Castres"},{"type":"add","content":""},{"type":"add","content":"Castres"},{"type":"del","content":"Mazamet."},{"type":"add","content":""},{"type":"add","content":"Mazamet."},{"type":"del","content":"Cour d'appel de Versailles"},{"type":"del","content":"Eure-et-Loir"},{"type":"add","content":""},{"type":"add","content":"Cour d'appel de Versailles Eure-et-Loir"},{"type":"del","content":"Chartres"},{"type":"add","content":""},{"type":"add","content":"Chartres"},{"type":"del","content":"Dreux."},{"type":"add","content":""},{"type":"add","content":"Dreux."},{"type":"del","content":"Hauts-de-Seine"},{"type":"add","content":""},{"type":"add","content":""},{"type":"add","content":"Hauts-de-Seine"},{"type":"add","content":""},{"type":"del","content":"Nanterre"},{"type":"add","content":""},{"type":"add","content":"Nanterre"},{"type":"del","content":"Bagneux, Châtenay-Malabry, Gennevilliers."},{"type":"add","content":""},{"type":"add","content":""},{"type":"add","content":"Bagneux, Châtenay-Malabry, Gennevilliers."},{"type":"add","content":""},{"type":"del","content":"Val-d'Oise"},{"type":"add","content":""},{"type":"add","content":""},{"type":"add","content":"Val-d'Oise"},{"type":"add","content":""},{"type":"del","content":"Pontoise"},{"type":"add","content":""},{"type":"add","content":"Pontoise"},{"type":"del","content":"Argenteuil, Cergy-Pontoise, Ermont, Garges-lès-Gonesse, Persan, Sarcelles, Villiers-le-Bel."},{"type":"add","content":""},{"type":"add","content":""},{"type":"add","content":"Argenteuil, Cergy-Pontoise, Ermont, Garges-lès-Gonesse, Persan, Sarcelles, Villiers-le-Bel."},{"type":"add","content":""},{"type":"del","content":"Yvelines"},{"type":"add","content":""},{"type":"add","content":""},{"type":"add","content":"Yvelines"},{"type":"add","content":""},{"type":"del","content":"Versailles"},{"type":"add","content":""},{"type":"add","content":"Versailles"},{"type":"del","content":"Les Mureaux, Saint-Quentin-en-Yvelines."},{"type":"add","content":""},{"type":"add","content":""},{"type":"add","content":"Les Mureaux, Saint-Quentin-en-Yvelines."},{"type":"add","content":""},{"type":"del","content":"(3) Applicable jusqu'au 31 décembre 2010."},{"type":"add","content":""},{"type":"add","content":""},{"type":"add","content":"          (3) Applicable jusqu'au 31 décembre 2010."},{"type":"add","content":""},{"type":"del","content":""},{"type":"del","content":""},{"type":"del","content":""},{"type":"del","content":""},{"type":"del","content":""},{"type":"del","content":"Code de l'organisation judiciaire - article R131-11 AUTONOME MODIFIE, en vigueur du 2008-06-05 au 2019-09-02 CITATION source"},{"type":"add","content":"Arrêté du 9 février 2010 portant création de maisons de justice et du droit et modifiant le tableau III annexé au code de l'organisation judiciaire - article ENTIEREMENT_MODIF MODIFIE source"},{"type":"add","content":""},{"type":"add","content":"2010-02-09 MODIFIE cible Arrêté du 9 février 2010 portant création de maisons de justice et du droit et modifiant le tableau III annexé au code de l'organisation judiciaire - article ENTIEREMENT_MODIF"},{"type":"add","content":""},{"type":"del","content":"* [JSON dans git](https://git.tricoteuses.fr/dila/donnees_juridiques/src/branch/main/LEGI/ARTI/00/00/18/92/56/LEGIARTI000018925657.json)"},{"type":"del","content":"* [Références JSON dans git](https://git.tricoteuses.fr/dila/references_donnees_juridiques/src/branch/main/LEGI/ARTI/00/00/18/92/56/LEGIARTI000018925657.json)"},{"type":"del","content":"* [Markdown dans git](https://git.tricoteuses.fr/dila/textes_juridiques/src/branch/main/LEGI/ARTI/00/00/18/92/56/LEGIARTI000018925657.md)"},{"type":"add","content":"* [JSON dans git](https://git.tricoteuses.fr/dila/donnees_juridiques/src/branch/main/LEGI/ARTI/00/00/21/85/14/LEGIARTI000021851420.json)"},{"type":"add","content":"* [Références JSON dans git](https://git.tricoteuses.fr/dila/references_donnees_juridiques/src/branch/main/LEGI/ARTI/00/00/21/85/14/LEGIARTI000021851420.json)"},{"type":"add","content":"* [Markdown dans git](https://git.tricoteuses.fr/dila/textes_juridiques/src/branch/main/LEGI/ARTI/00/00/21/85/14/LEGIARTI000021851420.md)"},{"type":"del","content":"* [Légifrance](https://www.legifrance.gouv.fr/codes/article_lc/LEGIARTI000018925657)"},{"type":"add","content":"* [Légifrance](https://www.legifrance.gouv.fr/codes/article_lc/LEGIARTI000021851420)"}],"status":"modified"}],"stats":{"additions":461,"deletions":329,"filesChanged":1}}