{"sha":"cf5a8050cd93","date":"2010-12-09","message":"Arrêté du 1er décembre 2010 portant création d'une maison de justice et du droit à Porto-Vecchio et modifiant le tableau III annexé au code de l'organisation judiciaire","files":[{"filename":"partie_reglementaire/annexes/article_annexe_tableau_iii.md","articleName":"Article ANNEXE TABLEAU III","additions":176,"deletions":374,"diff":[{"type":"del","content":"(annexe de l'article R. 131-11)"},{"type":"add","content":"(annexe de l'article R. 131-11)"},{"type":"del","content":""},{"type":"add","content":""},{"type":"del","content":""},{"type":"del","content":""},{"type":"del","content":"          Cour d'appel d'Aix-en-Provence"},{"type":"del","content":""},{"type":"add","content":"Cour d'appel d'Aix-en-Provence"},{"type":"del","content":""},{"type":"del","content":"Menton, Nice (Ariane)."},{"type":"add","content":"Menton, Nice (Ariane)."},{"type":"del","content":""},{"type":"del","content":"Aix-en-Provence (Jas du Bouffan), Martigues, Salon-de-Provence."},{"type":"add","content":"Aix-en-Provence (Jas du Bouffan), Martigues, Salon-de-Provence."},{"type":"del","content":""},{"type":"del","content":"Marseille"},{"type":"add","content":"Marseille"},{"type":"del","content":""},{"type":"del","content":"Aubagne."},{"type":"add","content":"Aubagne."},{"type":"add","content":"Tarascon"},{"type":"del","content":"Tarascon"},{"type":"add","content":"Arles"},{"type":"del","content":"Arles"},{"type":"del","content":""},{"type":"del","content":"Toulon"},{"type":"add","content":"Toulon"},{"type":"del","content":""},{"type":"del","content":"La Seyne-sur-Mer, Toulon."},{"type":"add","content":"La Seyne-sur-Mer, Toulon."},{"type":"del","content":""},{"type":"del","content":"Beauvais"},{"type":"add","content":"Beauvais"},{"type":"del","content":""},{"type":"del","content":"Méru/Vexin-Thelle-Sablons."},{"type":"add","content":"Méru/Vexin-Thelle-Sablons."},{"type":"del","content":""},{"type":"del","content":"Compiègne"},{"type":"add","content":"Compiègne"},{"type":"del","content":""},{"type":"del","content":"Noyon."},{"type":"add","content":"Noyon."},{"type":"del","content":""},{"type":"del","content":"Senlis"},{"type":"add","content":"Senlis"},{"type":"del","content":""},{"type":"del","content":"Creil."},{"type":"add","content":"Creil."},{"type":"del","content":""},{"type":"del","content":"Amiens"},{"type":"add","content":"Amiens"},{"type":"del","content":""},{"type":"del","content":"Amiens."},{"type":"add","content":"Amiens."},{"type":"del","content":""},{"type":"del","content":"Angers"},{"type":"add","content":"Angers"},{"type":"del","content":""},{"type":"del","content":"Angers."},{"type":"add","content":"Angers."},{"type":"del","content":""},{"type":"del","content":"Le Mans"},{"type":"add","content":"Le Mans"},{"type":"del","content":""},{"type":"del","content":"Allonnes."},{"type":"add","content":"Allonnes."},{"type":"add","content":""},{"type":"add","content":""},{"type":"add","content":""},{"type":"add","content":""},{"type":"add","content":""},{"type":"add","content":"Cour d'appel de Bastia"},{"type":"add","content":"          Corse-du-Sud"},{"type":"add","content":""},{"type":"add","content":""},{"type":"add","content":""},{"type":"add","content":""},{"type":"add","content":""},{"type":"add","content":"Ajaccio"},{"type":"add","content":""},{"type":"add","content":""},{"type":"add","content":"Porto-Vecchio."},{"type":"del","content":""},{"type":"del","content":"Angoulême"},{"type":"add","content":"Angoulême"},{"type":"del","content":""},{"type":"del","content":"Angoulême."},{"type":"add","content":"Angoulême."},{"type":"del","content":""},{"type":"del","content":"Bergerac"},{"type":"add","content":"Bergerac"},{"type":"del","content":""},{"type":"del","content":"Bergerac."},{"type":"add","content":"Bergerac."},{"type":"del","content":""},{"type":"del","content":"Bordeaux"},{"type":"add","content":"Bordeaux"},{"type":"del","content":""},{"type":"del","content":"Bordeaux-Bastide, Bordeaux-Nord."},{"type":"add","content":"Bordeaux-Bastide, Bordeaux-Nord."},{"type":"del","content":""},{"type":"del","content":"Bourges"},{"type":"add","content":"Bourges"},{"type":"del","content":""},{"type":"del","content":"Vierzon."},{"type":"add","content":"Vierzon."},{"type":"del","content":""},{"type":"del","content":"Caen"},{"type":"add","content":"Caen"},{"type":"del","content":""},{"type":"del","content":"Hérouville-Saint-Clair."},{"type":"add","content":"Hérouville-Saint-Clair."},{"type":"del","content":""},{"type":"del","content":"Thonon-les-Bains"},{"type":"add","content":"Thonon-les-Bains"},{"type":"del","content":""},{"type":"del","content":"Annemasse."},{"type":"add","content":"Annemasse."},{"type":"del","content":""},{"type":"del","content":"Albertville"},{"type":"add","content":"Albertville"},{"type":"del","content":""},{"type":"del","content":"Albertville (La Tarentaise)."},{"type":"add","content":"Albertville (La Tarentaise)."},{"type":"del","content":""},{"type":"del","content":"Chambéry"},{"type":"add","content":"Chambéry"},{"type":"del","content":""},{"type":"del","content":"Aix-les-Bains, Chambéry."},{"type":"add","content":"Aix-les-Bains, Chambéry."},{"type":"del","content":""},{"type":"del","content":"Strasbourg"},{"type":"add","content":"Strasbourg"},{"type":"del","content":""},{"type":"del","content":"Strasbourg."},{"type":"add","content":"Strasbourg."},{"type":"del","content":""},{"type":"del","content":"Colmar"},{"type":"add","content":"Colmar"},{"type":"del","content":""},{"type":"del","content":"Colmar."},{"type":"add","content":"Colmar."},{"type":"del","content":""},{"type":"del","content":"Mulhouse"},{"type":"add","content":"Mulhouse"},{"type":"del","content":""},{"type":"del","content":"Mulhouse."},{"type":"add","content":"Mulhouse."},{"type":"del","content":""},{"type":"del","content":"Dijon"},{"type":"add","content":"Dijon"},{"type":"del","content":""},{"type":"del","content":"Chenôve."},{"type":"add","content":"Chenôve."},{"type":"del","content":""},{"type":"del","content":"Chalon-sur-Saône"},{"type":"add","content":"Chalon-sur-Saône"},{"type":"del","content":""},{"type":"del","content":"Chalon-sur-Saône."},{"type":"add","content":"Chalon-sur-Saône."},{"type":"del","content":""},{"type":"del","content":"Mâcon"},{"type":"add","content":"Mâcon"},{"type":"del","content":""},{"type":"del","content":"Mâcon."},{"type":"add","content":"Mâcon."},{"type":"del","content":""},{"type":"del","content":"Avesnes-sur-Helpe"},{"type":"add","content":"Avesnes-sur-Helpe"},{"type":"del","content":""},{"type":"del","content":"Aulnoy-Aymeries, Maubeuge."},{"type":"add","content":"Aulnoy-Aymeries, Maubeuge."},{"type":"del","content":""},{"type":"del","content":"Dunkerque"},{"type":"add","content":"Dunkerque"},{"type":"del","content":""},{"type":"del","content":"Dunkerque."},{"type":"add","content":"Dunkerque."},{"type":"del","content":""},{"type":"del","content":"Lille"},{"type":"add","content":"Lille"},{"type":"del","content":""},{"type":"del","content":"Roubaix, Tourcoing."},{"type":"add","content":"Roubaix, Tourcoing."},{"type":"del","content":""},{"type":"del","content":"Valenciennes"},{"type":"add","content":"Valenciennes"},{"type":"del","content":""},{"type":"del","content":"Denain."},{"type":"add","content":"Denain."},{"type":"del","content":""},{"type":"del","content":"Béthune"},{"type":"add","content":"Béthune"},{"type":"del","content":""},{"type":"del","content":"Lens."},{"type":"add","content":"Lens."},{"type":"del","content":""},{"type":"del","content":"Boulogne-sur-Mer"},{"type":"add","content":"Boulogne-sur-Mer"},{"type":"del","content":""},{"type":"del","content":"Calais."},{"type":"add","content":"Calais."},{"type":"del","content":""},{"type":"del","content":"Cayenne"},{"type":"add","content":"Cayenne"},{"type":"del","content":""},{"type":"del","content":"Saint-Laurent-du-Maroni."},{"type":"add","content":"Saint-Laurent-du-Maroni."},{"type":"del","content":""},{"type":"del","content":"Fort-de-France"},{"type":"add","content":"Fort-de-France"},{"type":"del","content":""},{"type":"del","content":"Fort-de-France."},{"type":"add","content":"Fort-de-France."},{"type":"del","content":""},{"type":"del","content":"Valence"},{"type":"add","content":"Valence"},{"type":"del","content":""},{"type":"del","content":"Romans-sur-Isère."},{"type":"add","content":"Romans-sur-Isère."},{"type":"del","content":""},{"type":"del","content":"Grenoble"},{"type":"add","content":"Grenoble"},{"type":"del","content":""},{"type":"del","content":"Grenoble."},{"type":"add","content":"Grenoble."},{"type":"del","content":""},{"type":"del","content":"Vienne"},{"type":"add","content":"Vienne"},{"type":"del","content":""},{"type":"del","content":"Villefontaine."},{"type":"add","content":"Villefontaine."},{"type":"del","content":""},{"type":"del","content":"Brive-la-Gaillarde"},{"type":"add","content":"Brive-la-Gaillarde"},{"type":"del","content":""},{"type":"del","content":"Brive-la-Gaillarde."},{"type":"add","content":"Brive-la-Gaillarde."},{"type":"del","content":""},{"type":"del","content":"Limoges"},{"type":"add","content":"Limoges"},{"type":"del","content":""},{"type":"del","content":"Limoges."},{"type":"add","content":"Limoges."},{"type":"del","content":"Bourg-en-Bresse"},{"type":"add","content":"Bourg-en-Bresse."},{"type":"del","content":""},{"type":"del","content":"Saint-Etienne"},{"type":"add","content":"Saint-Etienne"},{"type":"del","content":""},{"type":"del","content":"Saint-Etienne."},{"type":"add","content":"Saint-Etienne."},{"type":"del","content":""},{"type":"del","content":"Lyon"},{"type":"add","content":"Lyon"},{"type":"del","content":""},{"type":"del","content":""},{"type":"del","content":"Bron, Givors, Lyon-Sud, Vaulx-en-Velin, Villeurbanne, Vénissieux."},{"type":"del","content":""},{"type":"add","content":"Bron, Givors, Lyon-Sud, Vaulx-en-Velin, Villeurbanne, Vénissieux."},{"type":"del","content":""},{"type":"del","content":"Metz"},{"type":"add","content":"Metz"},{"type":"del","content":""},{"type":"del","content":"Woippy."},{"type":"add","content":"Woippy."},{"type":"del","content":""},{"type":"del","content":"Sarreguemines"},{"type":"add","content":"Sarreguemines"},{"type":"del","content":""},{"type":"del","content":"Forbach."},{"type":"add","content":"Forbach."},{"type":"del","content":""},{"type":"del","content":"Narbonne"},{"type":"add","content":"Narbonne"},{"type":"del","content":""},{"type":"del","content":"Narbonne."},{"type":"add","content":"Narbonne."},{"type":"del","content":""},{"type":"del","content":"Béziers"},{"type":"add","content":"Béziers"},{"type":"del","content":""},{"type":"del","content":"Agde."},{"type":"add","content":"Agde."},{"type":"del","content":""},{"type":"del","content":"Montpellier"},{"type":"add","content":"Montpellier"},{"type":"del","content":""},{"type":"del","content":"Lodève, Lunel, Montpellier (La Paillade)."},{"type":"add","content":"Lodève, Lunel, Montpellier (La Paillade)."},{"type":"del","content":""},{"type":"del","content":"Nancy"},{"type":"add","content":"Nancy"},{"type":"del","content":""},{"type":"del","content":""},{"type":"del","content":"Haut du Lièvre, Tomblaine, Vandœuvre-lès-Nancy, Toul."},{"type":"del","content":""},{"type":"add","content":"Haut du Lièvre, Tomblaine, Vandœuvre-lès-Nancy, Toul."},{"type":"del","content":""},{"type":"del","content":"Nîmes"},{"type":"add","content":"Nîmes"},{"type":"del","content":""},{"type":"del","content":""},{"type":"del","content":"Bagnols-sur-Cèze, Nîmes, Vauvert."},{"type":"del","content":""},{"type":"add","content":"Bagnols-sur-Cèze, Nîmes, Vauvert."},{"type":"del","content":""},{"type":"del","content":"Tours"},{"type":"add","content":"Tours"},{"type":"del","content":""},{"type":"del","content":""},{"type":"del","content":"Joué-lès-Tours."},{"type":"del","content":""},{"type":"add","content":"Joué-lès-Tours."},{"type":"del","content":""},{"type":"del","content":"Blois"},{"type":"add","content":"Blois"},{"type":"del","content":""},{"type":"del","content":""},{"type":"del","content":"Blois."},{"type":"del","content":""},{"type":"add","content":"Blois."},{"type":"del","content":""},{"type":"del","content":"Orléans"},{"type":"add","content":"Orléans"},{"type":"del","content":""},{"type":"del","content":""},{"type":"del","content":"Orléans."},{"type":"del","content":""},{"type":"add","content":"Orléans."},{"type":"del","content":""},{"type":"del","content":"Evry"},{"type":"add","content":"Evry"},{"type":"del","content":""},{"type":"del","content":""},{"type":"del","content":"Athis-Mons, Les Ulis, Villemoisson-sur-Orge (val d'Orge)."},{"type":"del","content":""},{"type":"add","content":"Athis-Mons, Les Ulis, Villemoisson-sur-Orge (val d'Orge)."},{"type":"del","content":""},{"type":"del","content":"Paris"},{"type":"add","content":"Paris"},{"type":"del","content":""},{"type":"del","content":""},{"type":"del","content":"Paris (10e), Paris (14e), Paris (17e)."},{"type":"del","content":""},{"type":"add","content":"Paris (10e), Paris (14e), Paris (17e)."},{"type":"del","content":""},{"type":"del","content":"Meaux"},{"type":"add","content":"Meaux"},{"type":"del","content":""},{"type":"del","content":""},{"type":"del","content":"Chelles, Meaux, Val Maubuée."},{"type":"del","content":""},{"type":"add","content":"Chelles, Meaux, Val Maubuée."},{"type":"del","content":""},{"type":"del","content":"Melun"},{"type":"add","content":"Melun"},{"type":"del","content":""},{"type":"del","content":""},{"type":"del","content":"Pontault-Combault, Savigny-le-Temple."},{"type":"del","content":""},{"type":"add","content":"Pontault-Combault, Savigny-le-Temple."},{"type":"del","content":""},{"type":"del","content":"Bobigny"},{"type":"add","content":"Bobigny"},{"type":"del","content":""},{"type":"del","content":""},{"type":"del","content":"Aubervilliers, Clichy-sous-Bois - Montfermeil, Epinay-sur-Seine, La Courneuve, Le Blanc-Mesnil, Pantin, Saint-Denis."},{"type":"del","content":""},{"type":"add","content":"Aubervilliers, Clichy-sous-Bois - Montfermeil, Epinay-sur-Seine, La Courneuve, Le Blanc-Mesnil, Pantin, Saint-Denis."},{"type":"del","content":""},{"type":"del","content":"Créteil"},{"type":"add","content":"Créteil"},{"type":"del","content":""},{"type":"del","content":""},{"type":"del","content":"Champigny-sur-Marne."},{"type":"del","content":""},{"type":"add","content":"Champigny-sur-Marne."},{"type":"del","content":""},{"type":"del","content":"La Rochelle"},{"type":"add","content":"La Rochelle"},{"type":"del","content":""},{"type":"del","content":""},{"type":"del","content":"La Rochelle."},{"type":"del","content":""},{"type":"add","content":"La Rochelle."},{"type":"del","content":""},{"type":"del","content":"Charleville-Mézières"},{"type":"add","content":"Charleville-Mézières"},{"type":"del","content":""},{"type":"del","content":""},{"type":"del","content":"Charleville-Mézières, Sedan."},{"type":"del","content":""},{"type":"add","content":"Charleville-Mézières, Sedan."},{"type":"del","content":""},{"type":"del","content":"Troyes"},{"type":"add","content":"Troyes"},{"type":"del","content":""},{"type":"del","content":""},{"type":"del","content":"Troyes."},{"type":"del","content":""},{"type":"add","content":"Troyes."},{"type":"del","content":""},{"type":"del","content":"Reims"},{"type":"add","content":"Reims"},{"type":"del","content":""},{"type":"del","content":""},{"type":"del","content":"Reims."},{"type":"del","content":""},{"type":"add","content":"Reims."},{"type":"del","content":""},{"type":"del","content":"[Guingamp"},{"type":"add","content":"[Guingamp"},{"type":"del","content":""},{"type":"del","content":""},{"type":"del","content":"Lannion (3).]"},{"type":"del","content":""},{"type":"add","content":"Lannion (3).]"},{"type":"del","content":""},{"type":"del","content":"[Saint-Brieuc"},{"type":"add","content":"[Saint-Brieuc"},{"type":"del","content":""},{"type":"del","content":""},{"type":"del","content":"Lannion (4).]"},{"type":"del","content":""},{"type":"add","content":"Lannion (4).]"},{"type":"del","content":""},{"type":"del","content":"Nantes"},{"type":"add","content":"Nantes"},{"type":"del","content":""},{"type":"del","content":""},{"type":"del","content":"Châteaubriant."},{"type":"del","content":""},{"type":"add","content":"Châteaubriant."},{"type":"del","content":""},{"type":"del","content":"Montluçon"},{"type":"add","content":"Montluçon"},{"type":"del","content":""},{"type":"del","content":""},{"type":"del","content":"Montluçon."},{"type":"del","content":""},{"type":"add","content":"Montluçon."},{"type":"del","content":""},{"type":"del","content":"[Bernay"},{"type":"add","content":"[Bernay"},{"type":"del","content":""},{"type":"del","content":""},{"type":"del","content":"Pont-Audemer (3).]"},{"type":"del","content":""},{"type":"add","content":"Pont-Audemer (3).]"},{"type":"del","content":""},{"type":"del","content":"[Evreux"},{"type":"add","content":"[Evreux"},{"type":"del","content":""},{"type":"del","content":""},{"type":"del","content":"Evreux, Louviers, Vernon (3).]"},{"type":"del","content":""},{"type":"add","content":"Evreux, Louviers, Vernon (3).]"},{"type":"del","content":""},{"type":"del","content":"[Evreux"},{"type":"add","content":"[Evreux"},{"type":"del","content":""},{"type":"del","content":""},{"type":"del","content":"Evreux, Louviers, Pont-Audemer, Vernon (4).]"},{"type":"del","content":""},{"type":"add","content":"Evreux, Louviers, Pont-Audemer, Vernon (4).]"},{"type":"del","content":""},{"type":"del","content":"Le Havre"},{"type":"add","content":"Le Havre"},{"type":"del","content":""},{"type":"del","content":""},{"type":"del","content":"Fécamp, Le Havre."},{"type":"del","content":""},{"type":"add","content":"Fécamp, Le Havre."},{"type":"del","content":""},{"type":"del","content":"Rouen"},{"type":"add","content":"Rouen"},{"type":"del","content":""},{"type":"del","content":""},{"type":"del","content":"Elbeuf-sur-Seine, Canteleu, Rouen, Saint-Etienne-du-Rouvray."},{"type":"del","content":""},{"type":"add","content":"Elbeuf-sur-Seine, Canteleu, Rouen, Saint-Etienne-du-Rouvray."},{"type":"del","content":""},{"type":"del","content":""},{"type":"del","content":"          Cour d'appel de Toulouse"},{"type":"del","content":""},{"type":"del","content":"Haute-Garonne"},{"type":"add","content":""},{"type":"add","content":"Cour d'appel de Toulouse Haute-Garonne"},{"type":"del","content":""},{"type":"del","content":"Toulouse"},{"type":"add","content":"Toulouse"},{"type":"del","content":""},{"type":"del","content":""},{"type":"del","content":"Toulouse, Toulouse-Nord, Toulouse-Ouest."},{"type":"del","content":""},{"type":"add","content":"Toulouse, Toulouse-Nord, Toulouse-Ouest."},{"type":"del","content":""},{"type":"del","content":"Castres"},{"type":"add","content":"Castres"},{"type":"del","content":""},{"type":"del","content":""},{"type":"del","content":"Mazamet."},{"type":"del","content":""},{"type":"add","content":"Mazamet."},{"type":"del","content":""},{"type":"del","content":"Chartres"},{"type":"add","content":"Chartres"},{"type":"del","content":""},{"type":"del","content":""},{"type":"del","content":"          Dreux, Nogent-le-Rotrou."},{"type":"del","content":""},{"type":"add","content":"Dreux, Nogent-le-Rotrou."},{"type":"del","content":""},{"type":"del","content":"Nanterre"},{"type":"add","content":"Nanterre"},{"type":"del","content":""},{"type":"del","content":""},{"type":"del","content":"Bagneux, Châtenay-Malabry, Gennevilliers."},{"type":"del","content":""},{"type":"add","content":"Bagneux, Châtenay-Malabry, Gennevilliers."},{"type":"del","content":""},{"type":"del","content":"Pontoise"},{"type":"add","content":"Pontoise"},{"type":"del","content":""},{"type":"del","content":""},{"type":"del","content":"Argenteuil, Cergy-Pontoise, Ermont, Garges-lès-Gonesse, Persan, Sarcelles, Villiers-le-Bel."},{"type":"del","content":""},{"type":"add","content":"Argenteuil, Cergy-Pontoise, Ermont, Garges-lès-Gonesse, Persan, Sarcelles, Villiers-le-Bel."},{"type":"del","content":""},{"type":"del","content":"Versailles"},{"type":"add","content":"Versailles"},{"type":"del","content":""},{"type":"del","content":""},{"type":"del","content":"Les Mureaux, Saint-Quentin-en-Yvelines."},{"type":"del","content":""},{"type":"add","content":"Les Mureaux, Saint-Quentin-en-Yvelines."},{"type":"del","content":"Arrêté du 22 novembre 2010 portant création d'une maison de justice et du droit à Bourg-en-Bresse et modifiant le tableau III annexé au code de l'organisation judiciaire - article ENTIEREMENT_MODIF MODIFIE source"},{"type":"add","content":"Arrêté du 1er décembre 2010 portant création d'une maison de justice et du droit à Porto-Vecchio et modifiant le tableau III annexé au code de l'organisation judiciaire - article ENTIEREMENT_MODIF MODIFIE source"},{"type":"del","content":"2010-11-22 MODIFIE cible Arrêté du 22 novembre 2010 portant création d'une maison de justice et du droit à Bourg-en-Bresse et modifiant le tableau III annexé au code de l'organisation judiciaire - article ENTIEREMENT_MODIF"},{"type":"add","content":"2010-12-01 MODIFIE cible Arrêté du 1er décembre 2010 portant création d'une maison de justice et du droit à Porto-Vecchio et modifiant le tableau III annexé au code de l'organisation judiciaire - article ENTIEREMENT_MODIF"},{"type":"del","content":"* [JSON dans git](https://git.tricoteuses.fr/dila/donnees_juridiques/src/branch/main/LEGI/ARTI/00/00/23/14/91/LEGIARTI000023149158.json)"},{"type":"del","content":"* [Références JSON dans git](https://git.tricoteuses.fr/dila/references_donnees_juridiques/src/branch/main/LEGI/ARTI/00/00/23/14/91/LEGIARTI000023149158.json)"},{"type":"del","content":"* [Markdown dans git](https://git.tricoteuses.fr/dila/textes_juridiques/src/branch/main/LEGI/ARTI/00/00/23/14/91/LEGIARTI000023149158.md)"},{"type":"add","content":"* [JSON dans git](https://git.tricoteuses.fr/dila/donnees_juridiques/src/branch/main/LEGI/ARTI/00/00/23/17/87/LEGIARTI000023178709.json)"},{"type":"add","content":"* [Références JSON dans git](https://git.tricoteuses.fr/dila/references_donnees_juridiques/src/branch/main/LEGI/ARTI/00/00/23/17/87/LEGIARTI000023178709.json)"},{"type":"add","content":"* [Markdown dans git](https://git.tricoteuses.fr/dila/textes_juridiques/src/branch/main/LEGI/ARTI/00/00/23/17/87/LEGIARTI000023178709.md)"},{"type":"del","content":"* [Légifrance](https://www.legifrance.gouv.fr/codes/article_lc/LEGIARTI000023149158)"},{"type":"add","content":"* [Légifrance](https://www.legifrance.gouv.fr/codes/article_lc/LEGIARTI000023178709)"}],"status":"modified"}],"stats":{"additions":176,"deletions":374,"filesChanged":1}}