{"sha":"d9dbc717e990","date":"2011-06-18","message":"Arrêté du 9 juin 2011 portant création d'une maison de justice et du droit à Val de Bièvre","files":[{"filename":"partie_reglementaire/annexes/article_annexe_tableau_iii.md","articleName":"Article ANNEXE TABLEAU III","additions":49,"deletions":51,"diff":[{"type":"del","content":"(annexe de l'article R. 131-11)"},{"type":"del","content":""},{"type":"add","content":"(annexe de l'article R. 131-11)"},{"type":"add","content":""},{"type":"del","content":""},{"type":"add","content":""},{"type":"del","content":"Nice"},{"type":"add","content":"        Nice"},{"type":"del","content":"Menton, Nice (Ariane)."},{"type":"add","content":"Menton, Nice (Ariane)."},{"type":"del","content":"Bouches-du-Rhône"},{"type":"add","content":"        Bouches-du-Rhône"},{"type":"del","content":"Aix-en-Provence"},{"type":"add","content":"        Aix-en-Provence"},{"type":"del","content":"Aix-en-Provence (Jas du Bouffan), Martigues, Salon-de-Provence."},{"type":"add","content":"Aix-en-Provence (Jas du Bouffan), Martigues, Salon-de-Provence."},{"type":"del","content":"Var"},{"type":"add","content":"        Var"},{"type":"del","content":"Cour d'appel d'Amiens"},{"type":"add","content":"        Cour d'appel d'Amiens"},{"type":"del","content":"Oise"},{"type":"add","content":"        Oise"},{"type":"del","content":"Somme"},{"type":"add","content":"        Somme"},{"type":"del","content":"Sarthe"},{"type":"add","content":"        Sarthe"},{"type":"del","content":"Dordogne"},{"type":"add","content":"        Dordogne"},{"type":"del","content":"Gironde"},{"type":"add","content":"        Gironde"},{"type":"del","content":"Savoie"},{"type":"add","content":"        Savoie"},{"type":"del","content":"Haut-Rhin"},{"type":"add","content":"        Haut-Rhin"},{"type":"del","content":"Saône-et-Loire"},{"type":"add","content":"        Saône-et-Loire"},{"type":"del","content":"Pas-de-Calais"},{"type":"add","content":"        Pas-de-Calais"},{"type":"del","content":"Martinique"},{"type":"add","content":"        Martinique"},{"type":"del","content":""},{"type":"del","content":"Gap"},{"type":"del","content":""},{"type":"add","content":"Gap"},{"type":"del","content":"Isère"},{"type":"add","content":"        Isère"},{"type":"del","content":"Haute-Vienne"},{"type":"add","content":"        Haute-Vienne"},{"type":"del","content":"Rhône"},{"type":"add","content":"        Rhône"},{"type":"del","content":"Hérault"},{"type":"add","content":"        Hérault"},{"type":"del","content":"Loir-et-Cher"},{"type":"add","content":"        Loir-et-Cher"},{"type":"del","content":"Loiret"},{"type":"add","content":"        Loiret"},{"type":"del","content":"Athis-Mons, Les Ulis, Villemoisson-sur-Orge (val d'Orge)."},{"type":"add","content":"Athis-Mons, Les Ulis, Villemoisson-sur-Orge (Val d'Orge)."},{"type":"del","content":"Paris"},{"type":"add","content":"        Paris"},{"type":"del","content":"Seine-et-Marne"},{"type":"add","content":"        Seine-et-Marne"},{"type":"del","content":"Chelles, Meaux, Val Maubuée."},{"type":"add","content":"Chelles, Meaux, Val-Maubuée."},{"type":"del","content":"Seine-Saint-Denis"},{"type":"add","content":"        Seine-Saint-Denis"},{"type":"del","content":"Aubervilliers, Clichy-sous-Bois - Montfermeil, Epinay-sur-Seine, La Courneuve, Le Blanc-Mesnil, Pantin, Saint-Denis."},{"type":"add","content":"Aubervilliers, Clichy-sous-Bois-Montfermeil, Epinay-sur-Seine, La Courneuve, Le Blanc-Mesnil, Pantin, Saint-Denis."},{"type":"del","content":"Val-de-Marne"},{"type":"add","content":"        Val-de-Marne"},{"type":"del","content":"Champigny-sur-Marne."},{"type":"add","content":"Champigny-sur-Marne, Val de Bièvre."},{"type":"del","content":"Aube"},{"type":"add","content":"        Aube"},{"type":"del","content":"Marne"},{"type":"add","content":"        Marne"},{"type":"del","content":"Loire-Atlantique"},{"type":"add","content":"        Loire-Atlantique"},{"type":"del","content":"Seine-Maritime"},{"type":"add","content":"        Seine-Maritime"},{"type":"del","content":"Tarn"},{"type":"add","content":"        Tarn"},{"type":"del","content":"Hauts-de-Seine"},{"type":"add","content":"        Hauts-de-Seine"},{"type":"del","content":"Val-d'Oise"},{"type":"add","content":"        Val-d'Oise"},{"type":"del","content":"Yvelines"},{"type":"add","content":"        Yvelines"},{"type":"del","content":"Arrêté du 20 avril 2011 portant création d'une maison de justice et du droit à Saint-Julien-en-Genevois - article ENTIEREMENT_MODIF MODIFIE source"},{"type":"add","content":"Arrêté du 9 juin 2011 portant création d'une maison de justice et du droit à Val de Bièvre - article ENTIEREMENT_MODIF MODIFIE source"},{"type":"del","content":"2011-04-20 MODIFIE cible Arrêté du 20 avril 2011 portant création d'une maison de justice et du droit à Saint-Julien-en-Genevois - article ENTIEREMENT_MODIF"},{"type":"add","content":"2011-06-09 MODIFIE cible Arrêté du 9 juin 2011 portant création d'une maison de justice et du droit à Val de Bièvre - article ENTIEREMENT_MODIF"},{"type":"del","content":"* [JSON dans git](https://git.tricoteuses.fr/dila/donnees_juridiques/src/branch/main/LEGI/ARTI/00/00/23/90/79/LEGIARTI000023907940.json)"},{"type":"del","content":"* [Références JSON dans git](https://git.tricoteuses.fr/dila/references_donnees_juridiques/src/branch/main/LEGI/ARTI/00/00/23/90/79/LEGIARTI000023907940.json)"},{"type":"del","content":"* [Markdown dans git](https://git.tricoteuses.fr/dila/textes_juridiques/src/branch/main/LEGI/ARTI/00/00/23/90/79/LEGIARTI000023907940.md)"},{"type":"add","content":"* [JSON dans git](https://git.tricoteuses.fr/dila/donnees_juridiques/src/branch/main/LEGI/ARTI/00/00/24/21/47/LEGIARTI000024214719.json)"},{"type":"add","content":"* [Références JSON dans git](https://git.tricoteuses.fr/dila/references_donnees_juridiques/src/branch/main/LEGI/ARTI/00/00/24/21/47/LEGIARTI000024214719.json)"},{"type":"add","content":"* [Markdown dans git](https://git.tricoteuses.fr/dila/textes_juridiques/src/branch/main/LEGI/ARTI/00/00/24/21/47/LEGIARTI000024214719.md)"},{"type":"del","content":"* [Légifrance](https://www.legifrance.gouv.fr/codes/article_lc/LEGIARTI000023907940)"},{"type":"add","content":"* [Légifrance](https://www.legifrance.gouv.fr/codes/article_lc/LEGIARTI000024214719)"}],"status":"modified"}],"stats":{"additions":49,"deletions":51,"filesChanged":1}}