{"sha":"ead05a4942f4","date":"2015-10-01","message":"Décret n° 2015-936 du 30 juillet 2015 modifiant le ressort des tribunaux de grande instance et des tribunaux d'instance de Basse-Terre, Pointe-à-Pitre, Bourgoin-Jallieu et Vienne","files":[{"filename":"partie_reglementaire/annexes/article_annexe_tableau_iv.md","articleName":"Article ANNEXE TABLEAU IV","additions":13,"deletions":23,"diff":[{"type":"del","content":"Cantons de Basse-Terre 1er canton, Basse-Terre 2e canton, Bouillante, Capesterre-Belle-Eau 1er canton, Capesterre-Belle-Eau 2e canton, Gourbeyre, Goyave (uniquement la commune de Goyave), Les Saintes, Pointe-Noire, Saint-Claude, Sainte-Rose 1er canton, Sainte-Rose 2e canton (uniquement la commune de Deshaies), Trois-Rivières et Vieux-Habitants."},{"type":"add","content":"Cantons de Basse-Terre 1er canton, Basse-Terre 2e canton, Bouillante, Capesterre-Belle-Eau 1er canton, Capesterre-Belle-Eau 2e canton, Gourbeyre, Goyave (uniquement la commune de Goyave), Les Saintes, Pointe-Noire, Saint-Claude, Sainte-Rose 2e canton (uniquement la commune de Deshaies), Trois-Rivières et Vieux-Habitants."},{"type":"del","content":"[Marie-Galante"},{"type":"del","content":"Cantons de Capesterre-de-Marie-Galante, Grand-Bourg et Saint-Louis. (3)]"},{"type":"del","content":""},{"type":"del","content":""},{"type":"del","content":""},{"type":"del","content":"[Pointe-à-Pitre"},{"type":"del","content":"Cantons d'Anse-Bertrand, Baie-Mahault, Goyave (uniquement la fraction de la commune de Petit-Bourg), La Désirade, Lamentin, Le Gosier 1er canton, Le Gosier 2e canton, Le Moule 1er canton, Le Moule 2e canton, Les Abymes 1er canton, Les Abymes 2e canton, Les Abymes 3e canton, Les Abymes 4e canton, Les Abymes 5e canton, Morne-à-l'Eau 1er canton, Morne-à-l'Eau 2e canton, Petit-Bourg, Petit-Canal, Pointe-à-Pitre 1er canton, Pointe-à-Pitre 2e canton, Pointe-à-Pitre 3e canton, Sainte-Anne 1er canton, Sainte-Anne 2e canton, Sainte-Rose 2e canton (uniquement la fraction de la commune de Sainte-Rose) et Saint-François. (3)]"},{"type":"del","content":""},{"type":"del","content":""},{"type":"del","content":""},{"type":"del","content":"[Pointe-à-Pitre"},{"type":"del","content":"Cantons d'Anse-Bertrand, Baie-Mahault, Capesterre-de-Marie-Galante, Grand-Bourg, Goyave (uniquement la fraction de la commune de Petit-Bourg), La Désirade, Lamentin, Le Gosier 1er canton, Le Gosier 2e canton, Le Moule 1er canton, Le Moule 2e canton, Les Abymes 1er canton, Les Abymes 2e canton, Les Abymes 3e canton, Les Abymes 4e canton, Les Abymes 5e canton, Morne-à-l'Eau 1er canton, Morne-à-l'Eau 2e canton, Petit-Bourg, Petit-Canal, Pointe-à-Pitre 1er canton, Pointe-à-Pitre 2e canton, Pointe-à-Pitre 3e canton, Sainte-Anne 1er canton, Sainte-Anne 2e canton, Sainte-Rose 2e canton (uniquement la fraction de la commune de Sainte-Rose), Saint-François et Saint-Louis. (4)]"},{"type":"add","content":"Pointe-à-Pitre"},{"type":"add","content":"Cantons d'Anse-Bertrand, Baie-Mahault, Capesterre-de-Marie-Galante, Grand-Bourg, Goyave (uniquement la fraction de la commune de Petit-Bourg), La Désirade, Lamentin, Le Gosier 1er canton, Le Gosier 2e canton, Le Moule 1er canton, Le Moule 2e canton, Les Abymes 1er canton, Les Abymes 2e canton, Les Abymes 3e canton, Les Abymes 4e canton, Les Abymes 5e canton, Morne-à-l'Eau 1er canton, Morne-à-l'Eau 2e canton, Petit-Bourg, Petit-Canal, Pointe-à-Pitre 1er canton, Pointe-à-Pitre 2e canton, Pointe-à-Pitre 3e canton, Sainte-Anne 1er canton, Sainte-Anne 2e canton, Sainte-Rose 1er canton, Sainte-Rose 2e canton (uniquement la fraction de la commune de Sainte-Rose), Saint-François et Saint-Louis."},{"type":"del","content":"[BourgesCantons"},{"type":"del","content":"d'Argent-sur-Sauldre, Aubigny-sur-Nère, Baugy, Bourges 1er canton, Bourges 2e canton, Bourges 3e canton, Bourges 4e canton, Bourges 5e canton, Chârost, Graçay, Henrichemont, La Chapelle d'Angillon, Les Aix-d'Angillon, Léré, Levet, Lury-sur-Arnon, Mehun sur-Yèvre, Saint-Doulchard, Saint-Martin-d'Auxigny, Sancergues, Sancerre, Vailly-sur-Sauldre, Vierzon 1er canton et Vierzon 2e canton. (4)]"},{"type":"add","content":"[Bourges"},{"type":"add","content":"Cantons d'Argent-sur-Sauldre, Aubigny-sur-Nère, Baugy, Bourges 1er canton, Bourges 2e canton, Bourges 3e canton, Bourges 4e canton, Bourges 5e canton, Chârost, Graçay, Henrichemont, La Chapelle d'Angillon, Les Aix-d'Angillon, Léré, Levet, Lury-sur-Arnon, Mehun sur-Yèvre, Saint-Doulchard, Saint-Martin-d'Auxigny, Sancergues, Sancerre, Vailly-sur-Sauldre, Vierzon 1er canton et Vierzon 2e canton. (4)]"},{"type":"del","content":"Cantons de Bourgoin-Jallieu-Nord, Bourgoin-Jallieu-Sud, Crémieu, La Tour-du-Pin, Le Grand-Lemps, Le Pont-de-Beauvoisin, Morestel, Saint-Geoire-en-Valdaine et Virieu."},{"type":"add","content":"Cantons de Bourgoin-Jallieu-Nord, Bourgoin-Jallieu-Sud (comprenant la commune d'Eclose-Badinières), Crémieu, La Tour-du-Pin, Le Grand-Lemps, Le Pont-de-Beauvoisin, Morestel, Saint-Geoire-en-Valdaine et Virieu."},{"type":"del","content":"Cantons de Beaurepaire, Heyrieux, La Côte-Saint-André, La Verpillière, L'Isle-d'Abeau, Pont-de-Chéruy, Roussillon, Saint-Jean de-Bournay, Vienne-Nord et Vienne-Sud."},{"type":"add","content":"Cantons de Beaurepaire, Heyrieux, La Côte-Saint-André, La Verpillière, L'Isle-d'Abeau, Pont-de-Chéruy, Roussillon, Saint-Jean-de-Bournay (à l'exception de la fraction de la commune d'Eclose-Badinières), Vienne-Nord et Vienne-Sud."},{"type":"del","content":"Décret n° 2015-409 du 10 avril 2015 transférant le siège du tribunal d'instance de Boissy-Saint-Léger à Sucy-en-Brie - article 1 ENTIEREMENT_MODIF MODIFIE source"},{"type":"add","content":"Décret n° 2015-936 du 30 juillet 2015 modifiant le ressort des tribunaux de grande instance et des tribunaux d'instance de Basse-Terre, Pointe-à-Pitre, Bourgoin-Jallieu et Vienne - article ENTIEREMENT_MODIF MODIFIE source"},{"type":"del","content":"2015-04-10 MODIFIE cible Décret n° 2015-409 du 10 avril 2015 transférant le siège du tribunal d'instance de Boissy-Saint-Léger à Sucy-en-Brie - article 1 ENTIEREMENT_MODIF"},{"type":"add","content":"2015-07-30 MODIFIE cible Décret n° 2015-936 du 30 juillet 2015 modifiant le ressort des tribunaux de grande instance et des tribunaux d'instance de Basse-Terre, Pointe-à-Pitre, Bourgoin-Jallieu et Vienne - article ENTIEREMENT_MODIF"},{"type":"del","content":"* [JSON dans git](https://git.tricoteuses.fr/dila/donnees_juridiques/src/branch/main/LEGI/ARTI/00/00/30/46/89/LEGIARTI000030468966.json)"},{"type":"del","content":"* [Références JSON dans git](https://git.tricoteuses.fr/dila/references_donnees_juridiques/src/branch/main/LEGI/ARTI/00/00/30/46/89/LEGIARTI000030468966.json)"},{"type":"del","content":"* [Markdown dans git](https://git.tricoteuses.fr/dila/textes_juridiques/src/branch/main/LEGI/ARTI/00/00/30/46/89/LEGIARTI000030468966.md)"},{"type":"add","content":"* [JSON dans git](https://git.tricoteuses.fr/dila/donnees_juridiques/src/branch/main/LEGI/ARTI/00/00/30/96/63/LEGIARTI000030966323.json)"},{"type":"add","content":"* [Références JSON dans git](https://git.tricoteuses.fr/dila/references_donnees_juridiques/src/branch/main/LEGI/ARTI/00/00/30/96/63/LEGIARTI000030966323.json)"},{"type":"add","content":"* [Markdown dans git](https://git.tricoteuses.fr/dila/textes_juridiques/src/branch/main/LEGI/ARTI/00/00/30/96/63/LEGIARTI000030966323.md)"},{"type":"del","content":"* [Légifrance](https://www.legifrance.gouv.fr/codes/article_lc/LEGIARTI000030468966)"},{"type":"add","content":"* [Légifrance](https://www.legifrance.gouv.fr/codes/article_lc/LEGIARTI000030966323)"}],"status":"modified"}],"stats":{"additions":13,"deletions":23,"filesChanged":1}}