{"sha":"4c8c8046c438","date":"2012-11-29","message":"Décret n° 2012-1311 du 27 novembre 2012 relatif aux dates de début des périodes de soldes","files":[{"filename":"partie_reglementaire/livre_iii/titre_ier/section_3/article_annexe_art_d310-15-3.md","articleName":"Article ANNEXE ART D310-15-3","additions":130,"deletions":132,"diff":[{"type":"add","content":""},{"type":"del","content":""},{"type":"del","content":""},{"type":"del","content":"DÉPARTEMENTS"},{"type":"del","content":""},{"type":"add","content":"DÉPARTEMENT"},{"type":"del","content":"Alpes-de-Haute-Provence (04)"},{"type":"del","content":""},{"type":"del","content":""},{"type":"del","content":"Tout le département"},{"type":"del","content":""},{"type":"del","content":""},{"type":"del","content":"Soldes d'été : premier mercredi du mois de juillet"},{"type":"del","content":""},{"type":"del","content":""},{"type":"del","content":""},{"type":"del","content":""},{"type":"del","content":"Hautes-Alpes (05)"},{"type":"del","content":""},{"type":"del","content":""},{"type":"del","content":"Tout le département"},{"type":"del","content":""},{"type":"del","content":""},{"type":"del","content":"Soldes d'été : premier mercredi du mois de juillet"},{"type":"del","content":""},{"type":"del","content":""},{"type":"del","content":""},{"type":"del","content":""},{"type":"del","content":"Alpes-Maritimes (06)"},{"type":"add","content":""},{"type":"add","content":"Alpes-Maritimes (06)"},{"type":"del","content":"Tout le département"},{"type":"add","content":""},{"type":"add","content":"Tout le département"},{"type":"del","content":"Soldes d'été : premier mercredi du mois de juillet"},{"type":"add","content":""},{"type":"add","content":"Soldes d'été : premier mercredi du mois de juillet"},{"type":"del","content":"Bouches-du-Rhône (13)"},{"type":"add","content":""},{"type":"add","content":"Corse-du-Sud (2A)"},{"type":"del","content":"Tout le département"},{"type":"add","content":""},{"type":"add","content":"Tout le département"},{"type":"del","content":"Soldes d'été : premier mercredi du mois de juillet"},{"type":"add","content":""},{"type":"add","content":"Soldes d'été : deuxième mercredi du mois de juillet"},{"type":"del","content":"Corse-du-Sud (2A)"},{"type":"add","content":""},{"type":"add","content":"Haute-Corse (2B)"},{"type":"del","content":"Tout le département"},{"type":"add","content":""},{"type":"add","content":"Tout le département"},{"type":"del","content":"Soldes d'été : deuxième mercredi du mois de juillet"},{"type":"add","content":""},{"type":"add","content":"Soldes d'été : deuxième mercredi du mois de juillet"},{"type":"del","content":"Haute-Corse (2B)"},{"type":"add","content":""},{"type":"add","content":"Meurthe-et-Moselle (54)"},{"type":"del","content":"Tout le département"},{"type":"add","content":""},{"type":"add","content":"Tout le département"},{"type":"del","content":"Soldes d'été : deuxième mercredi du mois de juillet"},{"type":"add","content":""},{"type":"add","content":"Soldes d'hiver : premier jour ouvré du mois de janvier"},{"type":"del","content":"Landes (40)"},{"type":"add","content":""},{"type":"add","content":"Meuse (55)"},{"type":"del","content":"Tout le département"},{"type":"add","content":""},{"type":"add","content":"Tout le département"},{"type":"del","content":"Soldes d'hiver : premier mercredi du mois de janvier"},{"type":"add","content":""},{"type":"add","content":"Soldes d'hiver : premier jour ouvré du mois de janvier"},{"type":"del","content":"Meurthe-et-Moselle (54)"},{"type":"add","content":""},{"type":"add","content":"Moselle (57)"},{"type":"del","content":"Tout le département"},{"type":"add","content":""},{"type":"add","content":"Tout le département"},{"type":"del","content":"Soldes d'hiver : premier jour ouvré du mois de janvier"},{"type":"add","content":""},{"type":"add","content":"Soldes d'hiver : premier jour ouvré du mois de janvier"},{"type":"del","content":"Meuse (55)"},{"type":"add","content":""},{"type":"add","content":"Pyrénées-Orientales (66)"},{"type":"del","content":"Tout le département"},{"type":"add","content":""},{"type":"add","content":"Tout le département"},{"type":"del","content":"Soldes d'hiver : premier jour ouvré du mois de janvier"},{"type":"add","content":""},{"type":"add","content":"Soldes d'été : premier mercredi du mois de juillet"},{"type":"del","content":"Moselle (57)"},{"type":"add","content":""},{"type":"add","content":"Vosges (88)"},{"type":"del","content":"Tout le département"},{"type":"add","content":""},{"type":"add","content":"Tout le département"},{"type":"del","content":"Soldes d'hiver : premier jour ouvré du mois de janvier"},{"type":"add","content":""},{"type":"add","content":"Soldes d'hiver : premier jour ouvré du mois de janvier"},{"type":"del","content":"Pyrénées-Atlantiques (64)"},{"type":"del","content":""},{"type":"del","content":""},{"type":"del","content":"Tout le département"},{"type":"add","content":""},{"type":"add","content":"Guadeloupe (971)"},{"type":"add","content":""},{"type":"del","content":"Soldes d'hiver : premier mercredi du mois de janvier"},{"type":"add","content":""},{"type":"add","content":"Soldes d'hiver : premier samedi de janvier"},{"type":"add","content":"Soldes d'été : dernier samedi de septembre"},{"type":"del","content":"Var (83)"},{"type":"add","content":""},{"type":"add","content":"Martinique (972)"},{"type":"del","content":"Tout le département"},{"type":"add","content":""},{"type":"add","content":"Tout le département"},{"type":"del","content":"Soldes d'été : premier mercredi du mois de juillet"},{"type":"add","content":""},{"type":"add","content":"Soldes d'été : premier jeudi d'octobre"},{"type":"del","content":"Vaucluse (84)"},{"type":"add","content":""},{"type":"add","content":"Guyane (973)"},{"type":"del","content":"Tout le département"},{"type":"add","content":""},{"type":"add","content":"Tout le département"},{"type":"del","content":"Soldes d'été : premier mercredi du mois de juillet"},{"type":"add","content":""},{"type":"add","content":"Soldes d'hiver : premier mercredi du mois de janvier"},{"type":"add","content":"Soldes d'été : premier jeudi du mois d'octobre"},{"type":"del","content":"Vosges (88)"},{"type":"del","content":""},{"type":"del","content":""},{"type":"del","content":"Tout le département"},{"type":"del","content":""},{"type":"del","content":""},{"type":"del","content":"Soldes d'hiver : premier jour ouvré du mois de janvier"},{"type":"del","content":""},{"type":"del","content":""},{"type":"del","content":""},{"type":"del","content":""},{"type":"del","content":"Guadeloupe (971)"},{"type":"add","content":""},{"type":"add","content":"La Réunion (974)"},{"type":"del","content":""},{"type":"add","content":""},{"type":"add","content":"Tout le département"},{"type":"del","content":"Soldes d'hiver : premier samedi de janvier"},{"type":"del","content":"Soldes d'été : dernier samedi de septembre"},{"type":"add","content":""},{"type":"add","content":"Soldes d'hiver : premier samedi du mois de septembre"},{"type":"add","content":"Soldes d'été : premier samedi du mois de février."},{"type":"add","content":""},{"type":"add","content":""},{"type":"add","content":""},{"type":"add","content":""},{"type":"add","content":""},{"type":"del","content":""},{"type":"del","content":"Saint-Barthélemy et Saint-Martin"},{"type":"del","content":""},{"type":"del","content":""},{"type":"del","content":"Soldes d'hiver : premier samedi de mai"},{"type":"del","content":"Soldes d'été : deuxième samedi d'octobre"},{"type":"del","content":""},{"type":"add","content":""},{"type":"add","content":""},{"type":"add","content":"COLLECTIVITÉ"},{"type":"add","content":"d'outre-mer (COM)"},{"type":"add","content":""},{"type":"add","content":""},{"type":"add","content":""},{"type":"add","content":"APPLICATION TERRITORIALE"},{"type":"add","content":""},{"type":"add","content":""},{"type":"add","content":""},{"type":"add","content":"DATES DE DÉBUT DES PÉRIODES DE SOLDES"},{"type":"add","content":""},{"type":"del","content":"Martinique (972)"},{"type":"add","content":""},{"type":"add","content":"Saint-Pierre-et-Miquelon (975)"},{"type":"del","content":"Tout le département"},{"type":"add","content":""},{"type":"add","content":"Toute la collectivité"},{"type":"del","content":"Soldes d'été : premier jeudi d'octobre"},{"type":"add","content":""},{"type":"add","content":"Soldes d'été : premier mercredi après le 14 juillet"},{"type":"add","content":"Soldes d'hiver : premier mercredi après le 15 janvier"},{"type":"del","content":"Guyane (973)"},{"type":"add","content":""},{"type":"add","content":"Saint-Barthélemy (977)"},{"type":"del","content":"Tout le département"},{"type":"add","content":""},{"type":"add","content":"Toute la collectivité"},{"type":"del","content":"Soldes d'hiver : premier mercredi du mois de janvier"},{"type":"del","content":"Soldes d'été : premier jeudi du mois d'octobre"},{"type":"add","content":""},{"type":"add","content":"Soldes d'hiver : premier samedi de mai"},{"type":"add","content":"Soldes d'été : deuxième samedi d'octobre"},{"type":"del","content":"La Réunion (974)"},{"type":"del","content":""},{"type":"del","content":""},{"type":"del","content":"Tout le département"},{"type":"del","content":""},{"type":"del","content":""},{"type":"del","content":"Soldes d'hiver : premier samedi du mois de septembre"},{"type":"del","content":"Soldes d'été : premier samedi du mois de février."},{"type":"del","content":""},{"type":"del","content":""},{"type":"del","content":""},{"type":"del","content":""},{"type":"del","content":""},{"type":"del","content":""},{"type":"del","content":""},{"type":"del","content":""},{"type":"del","content":""},{"type":"del","content":""},{"type":"del","content":"COLLECTIVITÉ d'outre-mer"},{"type":"del","content":"(COM)"},{"type":"del","content":""},{"type":"del","content":""},{"type":"del","content":""},{"type":"del","content":"APPLICATION TERRITORIALE"},{"type":"del","content":""},{"type":"del","content":""},{"type":"del","content":"DATES DE DÉBUT DES PÉRIODES DE SOLDES"},{"type":"del","content":""},{"type":"del","content":""},{"type":"del","content":""},{"type":"del","content":""},{"type":"del","content":"Saint-Pierre-et-Miquelon (975)"},{"type":"add","content":"Saint-Martin (978)"},{"type":"del","content":"Tout le département"},{"type":"add","content":""},{"type":"add","content":"Toute la collectivité"},{"type":"del","content":"Soldes d'été : premier mercredi après le 14 juillet"},{"type":"del","content":"Soldes d'hiver : premier mercredi après le 15 janvier"},{"type":"add","content":""},{"type":"add","content":"Soldes d'hiver : premier samedi de mai"},{"type":"add","content":"Soldes d'été : deuxième samedi d'octobre"},{"type":"del","content":"Décret n° 2010-435 du 30 avril 2010 modifiant le décret n° 2008-1343 du 18 décembre 2008 modifié relatif aux soldes - article 1 ENTIEREMENT_MODIF MODIFIE source"},{"type":"add","content":"Décret n° 2019-530 du 27 mai 2019 abrogeant les articles D. 310-15-2 et D. 310-15-3 du code de commerce - article 1 ENTIEREMENT_MODIF ABROGE source"},{"type":"add","content":""},{"type":"add","content":""},{"type":"add","content":"Décret n° 2012-1311 du 27 novembre 2012 relatif aux dates de début des périodes de soldes - article 1 ENTIEREMENT_MODIF MODIFIE source"},{"type":"add","content":""},{"type":"add","content":""},{"type":"add","content":"Code de commerce - article D310-15-3 AUTONOME ABROGE, en vigueur du 2008-12-20 au 2020-01-01 CITATION cible"},{"type":"del","content":"2010-04-30 MODIFIE cible Décret n° 2010-435 du 30 avril 2010 modifiant le décret n° 2008-1343 du 18 décembre 2008 modifié relatif aux soldes - article 1 ENTIEREMENT_MODIF"},{"type":"add","content":"2012-11-27 MODIFIE cible Décret n° 2012-1311 du 27 novembre 2012 relatif aux dates de début des périodes de soldes - article 1 ENTIEREMENT_MODIF"},{"type":"add","content":""},{"type":"add","content":""},{"type":"add","content":"2019-05-27 ABROGE cible Décret n° 2019-530 du 27 mai 2019 abrogeant les articles D. 310-15-2 et D. 310-15-3 du code de commerce - article 1 ENTIEREMENT_MODIF"},{"type":"del","content":"      2999-01-01 CITATION source Code de commerce - art. D310-15-3"},{"type":"add","content":"2999-01-01 CITATION source Code de commerce - article D310-15-3 AUTONOME ABROGE, en vigueur du 2008-12-20 au 2020-01-01"},{"type":"del","content":"* [JSON dans git](https://git.tricoteuses.fr/dila/donnees_juridiques/src/branch/main/LEGI/ARTI/00/00/22/15/93/LEGIARTI000022159385.json)"},{"type":"del","content":"* [Références JSON dans git](https://git.tricoteuses.fr/dila/references_donnees_juridiques/src/branch/main/LEGI/ARTI/00/00/22/15/93/LEGIARTI000022159385.json)"},{"type":"del","content":"* [Markdown dans git](https://git.tricoteuses.fr/dila/textes_juridiques/src/branch/main/LEGI/ARTI/00/00/22/15/93/LEGIARTI000022159385.md)"},{"type":"add","content":"* [JSON dans git](https://git.tricoteuses.fr/dila/donnees_juridiques/src/branch/main/LEGI/ARTI/00/00/26/70/01/LEGIARTI000026700124.json)"},{"type":"add","content":"* [Références JSON dans git](https://git.tricoteuses.fr/dila/references_donnees_juridiques/src/branch/main/LEGI/ARTI/00/00/26/70/01/LEGIARTI000026700124.json)"},{"type":"add","content":"* [Markdown dans git](https://git.tricoteuses.fr/dila/textes_juridiques/src/branch/main/LEGI/ARTI/00/00/26/70/01/LEGIARTI000026700124.md)"},{"type":"del","content":"* [Légifrance](https://www.legifrance.gouv.fr/codes/article_lc/LEGIARTI000022159385)"},{"type":"add","content":"* [Légifrance](https://www.legifrance.gouv.fr/codes/article_lc/LEGIARTI000026700124)"}],"status":"modified"}],"stats":{"additions":130,"deletions":132,"filesChanged":1}}