{"sha":"7f3fd19856c9","date":"2017-01-01","message":"Décret n° 2016-1996 du 30 décembre 2016 modifiant le ressort de certaines juridictions à la suite de la création de communes nouvelles","files":[{"filename":"annexes_de_la_partie_reglementaire/article_annexe_6-1.md","articleName":"Article ANNEXE 6-1","additions":391,"deletions":386,"diff":[{"type":"del","content":"des procédures applicables aux commerçants et artisans"},{"type":"add","content":"  des procédures applicables aux commerçants et artisans"},{"type":"del","content":""},{"type":"add","content":""},{"type":"del","content":"Ain"},{"type":"add","content":"        Ain"},{"type":"del","content":"TC de Bourg-en-Bresse"},{"type":"add","content":"        TC de Bourg-en-Bresse"},{"type":"del","content":"Le département"},{"type":"add","content":"        Le département"},{"type":"del","content":"Aisne"},{"type":"add","content":"        Aisne"},{"type":"del","content":"TC de Saint-Quentin"},{"type":"add","content":"        TC de Saint-Quentin"},{"type":"del","content":"Ressort du TC"},{"type":"add","content":"        Ressort du TC"},{"type":"del","content":"TC de Soissons"},{"type":"add","content":"        TC de Soissons"},{"type":"del","content":"Ressort du TC"},{"type":"add","content":"        Ressort du TC"},{"type":"del","content":"Allier"},{"type":"add","content":"        Allier"},{"type":"del","content":"TC de Cusset"},{"type":"add","content":"        TC de Cusset"},{"type":"del","content":"Ressort du TC"},{"type":"add","content":"        Ressort du TC"},{"type":"del","content":"TC de Montluçon"},{"type":"add","content":"        TC de Montluçon"},{"type":"del","content":"Ressort du TC"},{"type":"add","content":"        Ressort du TC"},{"type":"del","content":"Alpes-de-Haute-Provence"},{"type":"add","content":"        Alpes-de-Haute-Provence"},{"type":"del","content":"TC de Manosque"},{"type":"add","content":"        TC de Manosque"},{"type":"del","content":"Le département"},{"type":"add","content":"        Le département"},{"type":"del","content":"Alpes (Hautes-)"},{"type":"add","content":"        Alpes (Hautes-)"},{"type":"del","content":"TC de Gap"},{"type":"add","content":"        TC de Gap"},{"type":"del","content":"Le département"},{"type":"add","content":"        Le département"},{"type":"del","content":"Alpes-Maritimes"},{"type":"add","content":"        Alpes-Maritimes"},{"type":"del","content":"TC d'Antibes"},{"type":"add","content":"        TC d'Antibes"},{"type":"del","content":"Ressort du TC"},{"type":"add","content":"        Ressort du TC"},{"type":"del","content":"TC de Cannes"},{"type":"add","content":"        TC de Cannes"},{"type":"del","content":"Ressort du TC"},{"type":"add","content":"        Ressort du TC"},{"type":"del","content":"TC de Grasse"},{"type":"add","content":"        TC de Grasse"},{"type":"del","content":"Ressort du TC"},{"type":"add","content":"        Ressort du TC"},{"type":"del","content":"TC de Nice"},{"type":"add","content":"        TC de Nice"},{"type":"del","content":"Ressort du TC"},{"type":"add","content":"        Ressort du TC"},{"type":"del","content":"Ardèche"},{"type":"add","content":"        Ardèche"},{"type":"del","content":"TC d'Aubenas"},{"type":"add","content":"        TC d'Aubenas"},{"type":"del","content":"Le département"},{"type":"add","content":"        Le département"},{"type":"del","content":"Ardennes"},{"type":"add","content":"        Ardennes"},{"type":"del","content":"TC de Sedan"},{"type":"add","content":"        TC de Sedan"},{"type":"del","content":"Le département"},{"type":"add","content":"        Le département"},{"type":"del","content":"Ariège"},{"type":"add","content":"        Ariège"},{"type":"del","content":"TC de Foix"},{"type":"add","content":"        TC de Foix"},{"type":"del","content":"Le département"},{"type":"add","content":"        Le département"},{"type":"del","content":"Aube"},{"type":"add","content":"        Aube"},{"type":"del","content":"TC de Troyes"},{"type":"add","content":"        TC de Troyes"},{"type":"del","content":"Le département"},{"type":"add","content":"        Le département"},{"type":"del","content":"Aude"},{"type":"add","content":"        Aude"},{"type":"del","content":"TC de Carcassonne"},{"type":"add","content":"        TC de Carcassonne"},{"type":"del","content":"Ressort du TC"},{"type":"add","content":"        Ressort du TC"},{"type":"del","content":"TC de Narbonne"},{"type":"add","content":"        TC de Narbonne"},{"type":"del","content":"Ressort du TC"},{"type":"add","content":"        Ressort du TC"},{"type":"del","content":"Aveyron"},{"type":"add","content":"        Aveyron"},{"type":"del","content":"TC de Rodez"},{"type":"add","content":"        TC de Rodez"},{"type":"del","content":"Le département"},{"type":"add","content":"        Le département"},{"type":"del","content":"Bouches-du-Rhône"},{"type":"add","content":"        Bouches-du-Rhône"},{"type":"del","content":"TC d'Aix-en-Provence"},{"type":"add","content":"        TC d'Aix-en-Provence"},{"type":"del","content":"Ressort du TC"},{"type":"add","content":"        Ressort du TC"},{"type":"del","content":"TC de Marseille"},{"type":"add","content":"        TC de Marseille"},{"type":"del","content":"Ressort du TC"},{"type":"add","content":"        Ressort du TC"},{"type":"del","content":"TC de Salon-de-Provence"},{"type":"add","content":"        TC de Salon-de-Provence"},{"type":"del","content":"Ressort du TC"},{"type":"add","content":"        Ressort du TC"},{"type":"del","content":"TC de Tarascon"},{"type":"add","content":"        TC de Tarascon"},{"type":"del","content":"Ressort du TC"},{"type":"add","content":"        Ressort du TC"},{"type":"del","content":"Calvados"},{"type":"add","content":"        Calvados"},{"type":"del","content":"TC de Caen"},{"type":"add","content":"        TC de Caen"},{"type":"del","content":"Ressort du TC"},{"type":"add","content":"        Ressort du TC"},{"type":"del","content":"TC de Lisieux"},{"type":"add","content":"        TC de Lisieux"},{"type":"del","content":"Ressort du TC"},{"type":"add","content":"        Ressort du TC"},{"type":"del","content":"Cantal"},{"type":"add","content":"        Cantal"},{"type":"del","content":"TC d'Aurillac"},{"type":"add","content":"        TC d'Aurillac"},{"type":"del","content":"Le département"},{"type":"add","content":"        Le département"},{"type":"del","content":"Charente"},{"type":"add","content":"        Charente"},{"type":"del","content":"TC d'Angoulême"},{"type":"add","content":"        TC d'Angoulême"},{"type":"del","content":"Le département"},{"type":"add","content":"        Le département"},{"type":"del","content":"Charente-Maritime"},{"type":"add","content":"        Charente-Maritime"},{"type":"del","content":"TC de La Rochelle"},{"type":"add","content":"        TC de La Rochelle"},{"type":"del","content":"Ressort du TC"},{"type":"add","content":"        Ressort du TC"},{"type":"del","content":"TC de Saintes"},{"type":"add","content":"        TC de Saintes"},{"type":"del","content":"Ressort du TC"},{"type":"add","content":"        Ressort du TC"},{"type":"del","content":"Cher"},{"type":"add","content":"        Cher"},{"type":"del","content":"TC de Bourges"},{"type":"add","content":"        TC de Bourges"},{"type":"del","content":"Le département"},{"type":"add","content":"        Le département"},{"type":"del","content":"Corrèze"},{"type":"add","content":"        Corrèze"},{"type":"del","content":"TC de Brive-la-Gaillarde"},{"type":"add","content":"        TC de Brive-la-Gaillarde"},{"type":"del","content":"Le département"},{"type":"add","content":"        Le département"},{"type":"del","content":"Corse-du-Sud"},{"type":"add","content":"        Corse-du-Sud"},{"type":"del","content":"TC d'Ajaccio"},{"type":"add","content":"        TC d'Ajaccio"},{"type":"del","content":"Le département"},{"type":"add","content":"        Le département"},{"type":"del","content":"Corse (Haute)"},{"type":"add","content":"        Corse (Haute)"},{"type":"del","content":"TC de Bastia"},{"type":"add","content":"        TC de Bastia"},{"type":"del","content":"Le département"},{"type":"add","content":"        Le département"},{"type":"del","content":"Côte-d'Or"},{"type":"add","content":"        Côte-d'Or"},{"type":"del","content":"TC de Dijon"},{"type":"add","content":"        TC de Dijon"},{"type":"del","content":"Le département"},{"type":"add","content":"        Le département"},{"type":"del","content":"Côtes-d'Armor"},{"type":"add","content":"        Côtes-d'Armor"},{"type":"del","content":"TC de Saint-Brieuc"},{"type":"add","content":"        TC de Saint-Brieuc"},{"type":"del","content":"Ressort du TC"},{"type":"add","content":"        Ressort du TC"},{"type":"del","content":"Creuse"},{"type":"add","content":"        Creuse"},{"type":"del","content":"TC de Guéret"},{"type":"add","content":"        TC de Guéret"},{"type":"del","content":"Le département"},{"type":"add","content":"        Le département"},{"type":"del","content":"Dordogne"},{"type":"add","content":"        Dordogne"},{"type":"del","content":"TC de Bergerac"},{"type":"add","content":"        TC de Bergerac"},{"type":"del","content":"Ressort du TC"},{"type":"add","content":"        Ressort du TC"},{"type":"del","content":"TC de Périgueux"},{"type":"add","content":"        TC de Périgueux"},{"type":"del","content":"Ressort du TC"},{"type":"add","content":"        Ressort du TC"},{"type":"del","content":"Doubs"},{"type":"add","content":"        Doubs"},{"type":"del","content":"TC de Besançon"},{"type":"add","content":"        TC de Besançon"},{"type":"del","content":"Ressort du TC"},{"type":"add","content":"        Ressort du TC"},{"type":"del","content":"Drôme"},{"type":"add","content":"        Drôme"},{"type":"del","content":"TC de Romans-sur-Isère"},{"type":"add","content":"        TC de Romans-sur-Isère"},{"type":"del","content":"Le département"},{"type":"add","content":"        Le département"},{"type":"del","content":"Essonne"},{"type":"add","content":"        Essonne"},{"type":"del","content":"TC d'Evry"},{"type":"add","content":"        TC d'Evry"},{"type":"del","content":"Le département, à l'exception de l'emprise de l'aérodrome de Paris-Orly"},{"type":"add","content":"        Le département, à l'exception de l'emprise de l'aérodrome de Paris-Orly"},{"type":"del","content":"Eure"},{"type":"add","content":"        Eure"},{"type":"del","content":"TC d'Evreux"},{"type":"add","content":"        TC d'Evreux"},{"type":"del","content":"Ressort du TC"},{"type":"add","content":"        Ressort du TC"},{"type":"del","content":"TC de Bernay"},{"type":"add","content":"        TC de Bernay"},{"type":"del","content":"Ressort du TC"},{"type":"add","content":"        Ressort du TC"},{"type":"del","content":"Eure-et-Loir"},{"type":"add","content":"        Eure-et-Loir"},{"type":"del","content":"TC de Chartres"},{"type":"add","content":"        TC de Chartres"},{"type":"del","content":"Le département"},{"type":"add","content":"        Le département"},{"type":"del","content":"Finistère"},{"type":"add","content":"        Finistère"},{"type":"del","content":"TC de Brest"},{"type":"add","content":"        TC de Brest"},{"type":"del","content":"Ressort du TC"},{"type":"add","content":"        Ressort du TC"},{"type":"del","content":"TC de Quimper"},{"type":"add","content":"        TC de Quimper"},{"type":"del","content":"Ressort du TC"},{"type":"add","content":"        Ressort du TC"},{"type":"del","content":"Gard"},{"type":"add","content":"        Gard"},{"type":"del","content":"TC de Nîmes"},{"type":"add","content":"        TC de Nîmes"},{"type":"del","content":"Le département"},{"type":"add","content":"        Le département"},{"type":"del","content":"Garonne (Haute-)"},{"type":"add","content":"        Garonne (Haute-)"},{"type":"del","content":"TC de Toulouse"},{"type":"add","content":"        TC de Toulouse"},{"type":"del","content":"Le département"},{"type":"add","content":"        Le département"},{"type":"del","content":"Gers"},{"type":"add","content":"        Gers"},{"type":"del","content":"TC d'Auch"},{"type":"add","content":"        TC d'Auch"},{"type":"del","content":"Le département, à l'exception de l'emprise de l'aérodrome d'Aire-sur-l'Adour"},{"type":"add","content":"        Le département, à l'exception de l'emprise de l'aérodrome d'Aire-sur-l'Adour"},{"type":"del","content":"Gironde"},{"type":"add","content":"        Gironde"},{"type":"del","content":"TC de Bordeaux"},{"type":"add","content":"        TC de Bordeaux"},{"type":"del","content":"Ressort du TC"},{"type":"add","content":"        Ressort du TC"},{"type":"del","content":"TC de Libourne"},{"type":"add","content":"        TC de Libourne"},{"type":"del","content":"Ressort du TC"},{"type":"add","content":"        Ressort du TC"},{"type":"del","content":"Hérault"},{"type":"add","content":"        Hérault"},{"type":"del","content":"TC de Béziers"},{"type":"add","content":"        TC de Béziers"},{"type":"del","content":"Ressort du TC"},{"type":"add","content":"        Ressort du TC"},{"type":"del","content":"TC de Montpellier"},{"type":"add","content":"        TC de Montpellier"},{"type":"del","content":"Ressort du TC"},{"type":"add","content":"        Ressort du TC"},{"type":"del","content":"Ille-et-Vilaine"},{"type":"add","content":"        Ille-et-Vilaine"},{"type":"del","content":"TC de Rennes"},{"type":"add","content":"        TC de Rennes"},{"type":"del","content":"Ressort du TC"},{"type":"add","content":"        Ressort du TC"},{"type":"del","content":"TC de Saint-Malo"},{"type":"add","content":"        TC de Saint-Malo"},{"type":"del","content":"Ressort du TC"},{"type":"add","content":"        Ressort du TC"},{"type":"del","content":"Indre"},{"type":"add","content":"        Indre"},{"type":"del","content":"TC de Châteauroux"},{"type":"add","content":"        TC de Châteauroux"},{"type":"del","content":"Le département"},{"type":"add","content":"        Le département"},{"type":"del","content":"Indre-et-Loire"},{"type":"add","content":"        Indre-et-Loire"},{"type":"del","content":"TC de Tours"},{"type":"add","content":"        TC de Tours"},{"type":"del","content":"Le département"},{"type":"add","content":"        Le département"},{"type":"del","content":"Isère"},{"type":"add","content":"        Isère"},{"type":"del","content":"TC de Grenoble"},{"type":"add","content":"        TC de Grenoble"},{"type":"del","content":"Ressort du TC"},{"type":"add","content":"        Ressort du TC"},{"type":"del","content":"TC de Vienne"},{"type":"add","content":"        TC de Vienne"},{"type":"del","content":"Ressort du TC"},{"type":"add","content":"        Ressort du TC"},{"type":"del","content":"Jura"},{"type":"add","content":"        Jura"},{"type":"del","content":"TC de Lons-le-Saunier"},{"type":"add","content":"        TC de Lons-le-Saunier"},{"type":"del","content":"Le département"},{"type":"add","content":"        Le département"},{"type":"del","content":"Landes"},{"type":"add","content":"        Landes"},{"type":"del","content":"TC de Dax"},{"type":"add","content":"        TC de Dax"},{"type":"del","content":"Ressort du TC"},{"type":"add","content":"        Ressort du TC"},{"type":"del","content":"TC de Mont-de-Marsan"},{"type":"add","content":"        TC de Mont-de-Marsan"},{"type":"del","content":"Ressort du TC et l'emprise de l'aérodrome d'Aire-sur-l'Adour"},{"type":"add","content":"        Ressort du TC et l'emprise de l'aérodrome d'Aire-sur-l'Adour"},{"type":"del","content":"Loir-et-Cher"},{"type":"add","content":"        Loir-et-Cher"},{"type":"del","content":"TC de Blois"},{"type":"add","content":"        TC de Blois"},{"type":"del","content":"Le département"},{"type":"add","content":"        Le département"},{"type":"del","content":"Loire"},{"type":"add","content":"        Loire"},{"type":"del","content":"TC de Roanne"},{"type":"add","content":"        TC de Roanne"},{"type":"del","content":"Ressort du TC"},{"type":"add","content":"        Ressort du TC"},{"type":"del","content":"TC de Saint-Etienne"},{"type":"add","content":"        TC de Saint-Etienne"},{"type":"del","content":"Ressort du TC"},{"type":"add","content":"        Ressort du TC"},{"type":"del","content":"Loire (Haute-)"},{"type":"add","content":"        Loire (Haute-)"},{"type":"del","content":"TC du Puy-en-Velay"},{"type":"add","content":"        TC du Puy-en-Velay"},{"type":"del","content":"Le département"},{"type":"add","content":"        Le département"},{"type":"del","content":"Loire-Atlantique"},{"type":"add","content":"        Loire-Atlantique"},{"type":"del","content":"TC de Nantes"},{"type":"add","content":"        TC de Nantes"},{"type":"del","content":"Ressort du TC"},{"type":"add","content":"        Ressort du TC"},{"type":"del","content":"TC de Saint-Nazaire"},{"type":"add","content":"        TC de Saint-Nazaire"},{"type":"del","content":"Ressort du TC"},{"type":"add","content":"        Ressort du TC"},{"type":"del","content":"Loiret"},{"type":"add","content":"        Loiret"},{"type":"del","content":"TC d'Orléans"},{"type":"add","content":"        TC d'Orléans"},{"type":"del","content":"Le département"},{"type":"add","content":"        Le département"},{"type":"del","content":"Lot"},{"type":"add","content":"        Lot"},{"type":"del","content":"TC de Cahors"},{"type":"add","content":"        TC de Cahors"},{"type":"del","content":"Le département"},{"type":"add","content":"        Le département"},{"type":"del","content":"Lot-et-Garonne"},{"type":"add","content":"        Lot-et-Garonne"},{"type":"del","content":"TC d'Agen"},{"type":"add","content":"        TC d'Agen"},{"type":"del","content":"Le département"},{"type":"add","content":"        Le département"},{"type":"del","content":"Lozère"},{"type":"add","content":"        Lozère"},{"type":"del","content":"TC de Mende"},{"type":"add","content":"        TC de Mende"},{"type":"del","content":"Le département"},{"type":"add","content":"        Le département"},{"type":"del","content":"Maine-et-Loire"},{"type":"add","content":"        Maine-et-Loire"},{"type":"del","content":"TC d'Angers"},{"type":"add","content":"        TC d'Angers"},{"type":"del","content":"Le département"},{"type":"add","content":"        Le département"},{"type":"del","content":"Manche"},{"type":"add","content":"        Manche"},{"type":"del","content":"TC de Cherbourg-Octeville"},{"type":"add","content":"        TC de Cherbourg-Octeville"},{"type":"del","content":"Ressort du TC"},{"type":"add","content":"        Ressort du TC"},{"type":"del","content":"TC de Coutances"},{"type":"add","content":"        TC de Coutances"},{"type":"del","content":"Ressort du TC"},{"type":"add","content":"        Ressort du TC"},{"type":"del","content":"Marne"},{"type":"add","content":"        Marne"},{"type":"del","content":"TC de Châlons-en-Champagne"},{"type":"add","content":"        TC de Châlons-en-Champagne"},{"type":"del","content":"Ressort du TC"},{"type":"add","content":"        Ressort du TC"},{"type":"del","content":"TC de Reims"},{"type":"add","content":"        TC de Reims"},{"type":"del","content":"Ressort du TC"},{"type":"add","content":"        Ressort du TC"},{"type":"del","content":"Haute-Marne"},{"type":"add","content":"        Haute-Marne"},{"type":"del","content":"TC de Chaumont"},{"type":"add","content":"        TC de Chaumont"},{"type":"del","content":"Le département"},{"type":"add","content":"        Le département"},{"type":"del","content":"Mayenne"},{"type":"add","content":"        Mayenne"},{"type":"del","content":"TC de Laval"},{"type":"add","content":"        TC de Laval"},{"type":"del","content":"Le département"},{"type":"add","content":"        Le département"},{"type":"del","content":"Meurthe-et-Moselle"},{"type":"add","content":"        Meurthe-et-Moselle"},{"type":"del","content":"TC de Briey"},{"type":"add","content":"        TC de Val de Briey"},{"type":"del","content":"Ressort du TC"},{"type":"add","content":"        Ressort du TC"},{"type":"del","content":"TC de Nancy"},{"type":"add","content":"        TC de Nancy"},{"type":"del","content":"Ressort du TC"},{"type":"add","content":"        Ressort du TC"},{"type":"del","content":"Meuse"},{"type":"add","content":"        Meuse"},{"type":"del","content":"TC de Bar-le-Duc"},{"type":"add","content":"        TC de Bar-le-Duc"},{"type":"del","content":"Le département"},{"type":"add","content":"        Le département"},{"type":"del","content":"Morbihan"},{"type":"add","content":"        Morbihan"},{"type":"del","content":"TC de Lorient"},{"type":"add","content":"        TC de Lorient"},{"type":"del","content":"Ressort du TC"},{"type":"add","content":"        Ressort du TC"},{"type":"del","content":"TC de Vannes"},{"type":"add","content":"        TC de Vannes"},{"type":"del","content":"Ressort du TC"},{"type":"add","content":"        Ressort du TC"},{"type":"del","content":"Moselle"},{"type":"add","content":"        Moselle"},{"type":"del","content":"TGI de Metz"},{"type":"add","content":"        TGI de Metz"},{"type":"del","content":"Ressort du TGI"},{"type":"add","content":"        Ressort du TGI"},{"type":"del","content":"TGI de Sarreguemines"},{"type":"add","content":"        TGI de Sarreguemines"},{"type":"del","content":"Ressort du TGI"},{"type":"add","content":"        Ressort du TGI"},{"type":"del","content":"TGI de Thionville"},{"type":"add","content":"        TGI de Thionville"},{"type":"del","content":"Ressort du TGI"},{"type":"add","content":"        Ressort du TGI"},{"type":"del","content":"Nièvre"},{"type":"add","content":"        Nièvre"},{"type":"del","content":"TC de Nevers"},{"type":"add","content":"        TC de Nevers"},{"type":"del","content":"Le département"},{"type":"add","content":"        Le département"},{"type":"del","content":"Nord"},{"type":"add","content":"        Nord"},{"type":"del","content":"TC de Douai"},{"type":"add","content":"        TC de Douai"},{"type":"del","content":"Ressort du TC"},{"type":"add","content":"        Ressort du TC"},{"type":"del","content":"TC de Dunkerque"},{"type":"add","content":"        TC de Dunkerque"},{"type":"del","content":"Ressort du TC"},{"type":"add","content":"        Ressort du TC"},{"type":"del","content":"TC de Lille Métropole"},{"type":"add","content":"        TC de Lille Métropole"},{"type":"del","content":"Ressort du TC"},{"type":"add","content":"        Ressort du TC"},{"type":"del","content":"TC de Valenciennes"},{"type":"add","content":"        TC de Valenciennes"},{"type":"del","content":"Ressort du TC"},{"type":"add","content":"        Ressort du TC"},{"type":"del","content":"Oise"},{"type":"add","content":"        Oise"},{"type":"del","content":"TC de Beauvais"},{"type":"add","content":"        TC de Beauvais"},{"type":"del","content":"Ressort du TC"},{"type":"add","content":"        Ressort du TC"},{"type":"del","content":"TC de Compiègne"},{"type":"add","content":"        TC de Compiègne"},{"type":"del","content":"Ressort du TC"},{"type":"add","content":"        Ressort du TC"},{"type":"del","content":"Orne"},{"type":"add","content":"        Orne"},{"type":"del","content":"TC d'Alençon"},{"type":"add","content":"        TC d'Alençon"},{"type":"del","content":"Le département"},{"type":"add","content":"        Le département"},{"type":"del","content":"Paris"},{"type":"add","content":"        Paris"},{"type":"del","content":"TC de Paris"},{"type":"add","content":"        TC de Paris"},{"type":"del","content":"Le département"},{"type":"add","content":"        Le département"},{"type":"del","content":"Pas-de-Calais"},{"type":"add","content":"        Pas-de-Calais"},{"type":"del","content":"TC d'Arras"},{"type":"add","content":"        TC d'Arras"},{"type":"del","content":"Ressort du TC"},{"type":"add","content":"        Ressort du TC"},{"type":"del","content":"TC de Boulogne-sur-Mer"},{"type":"add","content":"        TC de Boulogne-sur-Mer"},{"type":"del","content":"Ressort du TC"},{"type":"add","content":"        Ressort du TC"},{"type":"del","content":"Puy-de-Dôme"},{"type":"add","content":"        Puy-de-Dôme"},{"type":"del","content":"TC de Clermont-Ferrand"},{"type":"add","content":"        TC de Clermont-Ferrand"},{"type":"del","content":"Le département"},{"type":"add","content":"        Le département"},{"type":"del","content":"Pyrénées-Atlantiques"},{"type":"add","content":"        Pyrénées-Atlantiques"},{"type":"del","content":"TC de Bayonne"},{"type":"add","content":"        TC de Bayonne"},{"type":"del","content":"Ressort du TC"},{"type":"add","content":"        Ressort du TC"},{"type":"del","content":"TC de Pau"},{"type":"add","content":"        TC de Pau"},{"type":"del","content":"Ressort du TC"},{"type":"add","content":"        Ressort du TC"},{"type":"del","content":"Pyrénées (Hautes-)"},{"type":"add","content":"        Pyrénées (Hautes-)"},{"type":"del","content":"TC de Tarbes"},{"type":"add","content":"        TC de Tarbes"},{"type":"del","content":"Le département"},{"type":"add","content":"        Le département"},{"type":"del","content":"Pyrénées-Orientales"},{"type":"add","content":"        Pyrénées-Orientales"},{"type":"del","content":"TC de Perpignan"},{"type":"add","content":"        TC de Perpignan"},{"type":"del","content":"Le département"},{"type":"add","content":"        Le département"},{"type":"del","content":"Rhin (Bas-)"},{"type":"add","content":"        Rhin (Bas-)"},{"type":"del","content":"TGI de Saverne"},{"type":"add","content":"        TGI de Saverne"},{"type":"del","content":"Ressort du TGI"},{"type":"add","content":"        Ressort du TGI"},{"type":"del","content":"TGI de Strasbourg"},{"type":"add","content":"        TGI de Strasbourg"},{"type":"del","content":"Ressort du TGI"},{"type":"add","content":"        Ressort du TGI"},{"type":"del","content":"Rhin (Haut-)"},{"type":"add","content":"        Rhin (Haut-)"},{"type":"del","content":"TGI de Colmar"},{"type":"add","content":"        TGI de Colmar"},{"type":"del","content":"Ressort du TGI"},{"type":"add","content":"        Ressort du TGI"},{"type":"del","content":"TGI de Mulhouse"},{"type":"add","content":"        TGI de Mulhouse"},{"type":"del","content":"Ressort du TGI"},{"type":"add","content":"        Ressort du TGI"},{"type":"del","content":"Rhône"},{"type":"add","content":"        Rhône"},{"type":"del","content":"TC de Lyon"},{"type":"add","content":"        TC de Lyon"},{"type":"del","content":"Ressort du TC"},{"type":"add","content":"        Ressort du TC"},{"type":"del","content":"TC de Villefranche-sur-Saône"},{"type":"add","content":"        TC de Villefranche-sur-Saône"},{"type":"del","content":"Ressort du TC"},{"type":"add","content":"        Ressort du TC"},{"type":"del","content":"Saône (Haute-)"},{"type":"add","content":"        Saône (Haute-)"},{"type":"del","content":"TC de Vesoul"},{"type":"add","content":"        TC de Vesoul"},{"type":"del","content":"Le département"},{"type":"add","content":"        Le département"},{"type":"del","content":"Saône-et-Loire"},{"type":"add","content":"        Saône-et-Loire"},{"type":"del","content":"TC de Chalon-sur-Saône"},{"type":"add","content":"        TC de Chalon-sur-Saône"},{"type":"del","content":"Ressort du TC"},{"type":"add","content":"        Ressort du TC"},{"type":"del","content":"TC de Mâcon"},{"type":"add","content":"        TC de Mâcon"},{"type":"del","content":"Ressort du TC"},{"type":"add","content":"        Ressort du TC"},{"type":"del","content":"Sarthe"},{"type":"add","content":"        Sarthe"},{"type":"del","content":"TC du Mans"},{"type":"add","content":"        TC du Mans"},{"type":"del","content":"Le département"},{"type":"add","content":"        Le département"},{"type":"del","content":"Savoie"},{"type":"add","content":"        Savoie"},{"type":"del","content":"TC de Chambéry"},{"type":"add","content":"        TC de Chambéry"},{"type":"del","content":"Le département"},{"type":"add","content":"        Le département"},{"type":"del","content":"Savoie (Haute-)"},{"type":"add","content":"        Savoie (Haute-)"},{"type":"del","content":"TC d'Annecy"},{"type":"add","content":"        TC d'Annecy"},{"type":"del","content":"Ressort du TC"},{"type":"add","content":"        Ressort du TC"},{"type":"del","content":"TC de Thonon-les-Bains"},{"type":"add","content":"        TC de Thonon-les-Bains"},{"type":"del","content":"Ressort du TC"},{"type":"add","content":"        Ressort du TC"},{"type":"del","content":"Seine (Hauts-de-)"},{"type":"add","content":"        Seine (Hauts-de-)"},{"type":"del","content":"TC de Nanterre"},{"type":"add","content":"        TC de Nanterre"},{"type":"del","content":"Le département"},{"type":"add","content":"        Le département"},{"type":"del","content":"Seine-Maritime"},{"type":"add","content":"        Seine-Maritime"},{"type":"del","content":"TC de Dieppe"},{"type":"add","content":"        TC de Dieppe"},{"type":"del","content":"Ressort du TC"},{"type":"add","content":"        Ressort du TC"},{"type":"del","content":"TC du Havre"},{"type":"add","content":"        TC du Havre"},{"type":"del","content":"Ressort du TC"},{"type":"add","content":"        Ressort du TC"},{"type":"del","content":"TC de Rouen"},{"type":"add","content":"        TC de Rouen"},{"type":"del","content":"Ressort du TC"},{"type":"add","content":"        Ressort du TC"},{"type":"del","content":"Seine-et-Marne"},{"type":"add","content":"        Seine-et-Marne"},{"type":"del","content":"TC de Meaux"},{"type":"add","content":"        TC de Meaux"},{"type":"del","content":"Ressort du TC"},{"type":"add","content":"        Ressort du TC"},{"type":"del","content":"TC de Melun"},{"type":"add","content":"        TC de Melun"},{"type":"del","content":"Ressort du TC"},{"type":"add","content":"        Ressort du TC"},{"type":"del","content":"Seine-Saint-Denis"},{"type":"add","content":"        Seine-Saint-Denis"},{"type":"del","content":"TC de Bobigny"},{"type":"add","content":"        TC de Bobigny"},{"type":"del","content":"Le département et l'emprise des aérodromes de Paris-Le Bourget et de Roissy-Charles-de-Gaulle"},{"type":"add","content":"        Le département et l'emprise des aérodromes de Paris-Le Bourget et de Roissy-Charles-de-Gaulle"},{"type":"del","content":"Sèvres (Deux-)"},{"type":"add","content":"        Sèvres (Deux-)"},{"type":"del","content":"TC de Niort"},{"type":"add","content":"        TC de Niort"},{"type":"del","content":"Le département"},{"type":"add","content":"        Le département"},{"type":"del","content":"Somme"},{"type":"add","content":"        Somme"},{"type":"del","content":"TC d'Amiens"},{"type":"add","content":"        TC d'Amiens"},{"type":"del","content":"Le département"},{"type":"add","content":"        Le département"},{"type":"del","content":"Tarn"},{"type":"add","content":"        Tarn"},{"type":"del","content":"TC d'Albi"},{"type":"add","content":"        TC d'Albi"},{"type":"del","content":"Ressort du TC"},{"type":"add","content":"        Ressort du TC"},{"type":"del","content":"TC de Castres"},{"type":"add","content":"        TC de Castres"},{"type":"del","content":"Ressort du TC"},{"type":"add","content":"        Ressort du TC"},{"type":"del","content":"Tarn-et-Garonne"},{"type":"add","content":"        Tarn-et-Garonne"},{"type":"del","content":"TC de Montauban"},{"type":"add","content":"        TC de Montauban"},{"type":"del","content":"Le département"},{"type":"add","content":"        Le département"},{"type":"del","content":"Territoire de Belfort"},{"type":"add","content":"        Territoire de Belfort"},{"type":"del","content":"TC de Belfort"},{"type":"add","content":"        TC de Belfort"},{"type":"del","content":"Ressort du TC"},{"type":"add","content":"        Ressort du TC"},{"type":"del","content":"Val-de-Marne"},{"type":"add","content":"        Val-de-Marne"},{"type":"del","content":"TC de Créteil"},{"type":"add","content":"        TC de Créteil"},{"type":"del","content":"Le département et l'emprise de l'aérodrome de Paris-Orly"},{"type":"add","content":"        Le département et l'emprise de l'aérodrome de Paris-Orly"},{"type":"del","content":"Val-d'Oise"},{"type":"add","content":"        Val-d'Oise"},{"type":"del","content":"TC de Pontoise"},{"type":"add","content":"        TC de Pontoise"},{"type":"del","content":"Le département, à l'exception de l'emprise des aérodromes de Paris-Le Bourget et de Roissy-Charles-de-Gaulle"},{"type":"add","content":"        Le département, à l'exception de l'emprise des aérodromes de Paris-Le Bourget et de Roissy-Charles-de-Gaulle"},{"type":"del","content":"Var"},{"type":"add","content":"        Var"},{"type":"del","content":"TC de Draguignan"},{"type":"add","content":"        TC de Draguignan"},{"type":"del","content":"Ressort du TC"},{"type":"add","content":"        Ressort du TC"},{"type":"del","content":"TC de Fréjus"},{"type":"add","content":"        TC de Fréjus"},{"type":"del","content":"Ressort du TC"},{"type":"add","content":"        Ressort du TC"},{"type":"del","content":"TC de Toulon"},{"type":"add","content":"        TC de Toulon"},{"type":"del","content":"Ressort du TC"},{"type":"add","content":"        Ressort du TC"},{"type":"del","content":"Vaucluse"},{"type":"add","content":"        Vaucluse"},{"type":"del","content":"TC d'Avignon"},{"type":"add","content":"        TC d'Avignon"},{"type":"del","content":"Le département"},{"type":"add","content":"        Le département"},{"type":"del","content":"Vendée"},{"type":"add","content":"        Vendée"},{"type":"del","content":"TC de La Roche-sur-Yon"},{"type":"add","content":"        TC de La Roche-sur-Yon"},{"type":"del","content":"Le département"},{"type":"add","content":"        Le département"},{"type":"del","content":"Vienne"},{"type":"add","content":"        Vienne"},{"type":"del","content":"TC de Poitiers"},{"type":"add","content":"        TC de Poitiers"},{"type":"del","content":"Le département"},{"type":"add","content":"        Le département"},{"type":"del","content":"Vienne (Haute-)"},{"type":"add","content":"        Vienne (Haute-)"},{"type":"del","content":"TC de Limoges"},{"type":"add","content":"        TC de Limoges"},{"type":"del","content":"Le département"},{"type":"add","content":"        Le département"},{"type":"del","content":"Vosges"},{"type":"add","content":"        Vosges"},{"type":"del","content":"TC d'Epinal"},{"type":"add","content":"        TC d'Epinal"},{"type":"del","content":"Le département"},{"type":"add","content":"        Le département"},{"type":"del","content":"Yonne"},{"type":"add","content":"        Yonne"},{"type":"del","content":"TC d'Auxerre"},{"type":"add","content":"        TC d'Auxerre"},{"type":"del","content":"Ressort du TC"},{"type":"add","content":"        Ressort du TC"},{"type":"del","content":"TC de Sens"},{"type":"add","content":"        TC de Sens"},{"type":"del","content":"Ressort du TC"},{"type":"add","content":"        Ressort du TC"},{"type":"del","content":"Yvelines"},{"type":"add","content":"        Yvelines"},{"type":"del","content":"TC de Versailles"},{"type":"add","content":"        TC de Versailles"},{"type":"del","content":"Le département"},{"type":"add","content":"        Le département"},{"type":"add","content":"### Nota"},{"type":"add","content":""},{"type":"add","content":"Conformément à l'article 5 du décret n° 2016-1996 du 30 décembre 2016, les présentes dispositions sont applicables aux instances introduites après le 1er janvier 2017."},{"type":"add","content":""},{"type":"add","content":""},{"type":"del","content":"Décret n° 2012-1047 du 13 septembre 2012 portant suppression des tribunaux de commerce de Lille et de Roubaix-Tourcoing et création du tribunal de commerce de Lille Métropole - article ENTIEREMENT_MODIF MODIFIE source"},{"type":"add","content":"Décret n° 2016-1996 du 30 décembre 2016 modifiant le ressort de certaines juridictions à la suite de la création de communes nouvelles - article 1 ENTIEREMENT_MODIF MODIFIE source"},{"type":"del","content":"2012-09-13 MODIFIE cible Décret n° 2012-1047 du 13 septembre 2012 portant suppression des tribunaux de commerce de Lille et de Roubaix-Tourcoing et création du tribunal de commerce de Lille Métropole - article ENTIEREMENT_MODIF"},{"type":"add","content":"2016-12-30 MODIFIE cible Décret n° 2016-1996 du 30 décembre 2016 modifiant le ressort de certaines juridictions à la suite de la création de communes nouvelles - article 1 ENTIEREMENT_MODIF"},{"type":"del","content":"* [JSON dans git](https://git.tricoteuses.fr/dila/donnees_juridiques/src/branch/main/LEGI/ARTI/00/00/26/36/94/LEGIARTI000026369405.json)"},{"type":"del","content":"* [Références JSON dans git](https://git.tricoteuses.fr/dila/references_donnees_juridiques/src/branch/main/LEGI/ARTI/00/00/26/36/94/LEGIARTI000026369405.json)"},{"type":"del","content":"* [Markdown dans git](https://git.tricoteuses.fr/dila/textes_juridiques/src/branch/main/LEGI/ARTI/00/00/26/36/94/LEGIARTI000026369405.md)"},{"type":"add","content":"* [JSON dans git](https://git.tricoteuses.fr/dila/donnees_juridiques/src/branch/main/LEGI/ARTI/00/00/33/83/72/LEGIARTI000033837211.json)"},{"type":"add","content":"* [Références JSON dans git](https://git.tricoteuses.fr/dila/references_donnees_juridiques/src/branch/main/LEGI/ARTI/00/00/33/83/72/LEGIARTI000033837211.json)"},{"type":"add","content":"* [Markdown dans git](https://git.tricoteuses.fr/dila/textes_juridiques/src/branch/main/LEGI/ARTI/00/00/33/83/72/LEGIARTI000033837211.md)"},{"type":"del","content":"* [Légifrance](https://www.legifrance.gouv.fr/codes/article_lc/LEGIARTI000026369405)"},{"type":"add","content":"* [Légifrance](https://www.legifrance.gouv.fr/codes/article_lc/LEGIARTI000033837211)"}],"status":"modified"},{"filename":"annexes_de_la_partie_reglementaire/article_annexe_6-2.md","articleName":"Article ANNEXE 6-2","additions":9,"deletions":9,"diff":[{"type":"del","content":"TGI de Briey"},{"type":"add","content":"TGI de Val de Briey"},{"type":"del","content":"Yonne"},{"type":"add","content":"Yonne f"},{"type":"del","content":"Les modifications des compétences des tribunaux de Saint-Gaudens (Haute-Garonne), Saumur (Maine-et-Loire) et Tulle (Corrèze) résultant du décret n° 2016-1608 du 25 novembre 2016 entrent en vigueur le 27 décembre 2016."},{"type":"add","content":"Conformément à l'article 5 du décret n° 2016-1996 du 30 décembre 2016, les présentes dispositions sont applicables aux instances introduites après le 1er janvier 2017."},{"type":"del","content":"Décret n° 2016-1608 du 25 novembre 2016 attribuant compétence à des tribunaux de grande instance en matière de procédures prévues par le livre VI du code de commerce applicables aux personnes qui ne sont ni commerçants ni artisans - article ENTIEREMENT_MODIF MODIFIE source"},{"type":"add","content":"Décret n° 2016-1996 du 30 décembre 2016 modifiant le ressort de certaines juridictions à la suite de la création de communes nouvelles - article 1 ENTIEREMENT_MODIF MODIFIE source"},{"type":"del","content":"2016-11-25 MODIFIE cible Décret n° 2016-1608 du 25 novembre 2016 attribuant compétence à des tribunaux de grande instance en matière de procédures prévues par le livre VI du code de commerce applicables aux personnes qui ne sont ni commerçants ni artisans - article ENTIEREMENT_MODIF"},{"type":"add","content":"2016-12-30 MODIFIE cible Décret n° 2016-1996 du 30 décembre 2016 modifiant le ressort de certaines juridictions à la suite de la création de communes nouvelles - article 1 ENTIEREMENT_MODIF"},{"type":"del","content":"* [JSON dans git](https://git.tricoteuses.fr/dila/donnees_juridiques/src/branch/main/LEGI/ARTI/00/00/33/49/77/LEGIARTI000033497735.json)"},{"type":"del","content":"* [Références JSON dans git](https://git.tricoteuses.fr/dila/references_donnees_juridiques/src/branch/main/LEGI/ARTI/00/00/33/49/77/LEGIARTI000033497735.json)"},{"type":"del","content":"* [Markdown dans git](https://git.tricoteuses.fr/dila/textes_juridiques/src/branch/main/LEGI/ARTI/00/00/33/49/77/LEGIARTI000033497735.md)"},{"type":"add","content":"* [JSON dans git](https://git.tricoteuses.fr/dila/donnees_juridiques/src/branch/main/LEGI/ARTI/00/00/33/83/72/LEGIARTI000033837203.json)"},{"type":"add","content":"* [Références JSON dans git](https://git.tricoteuses.fr/dila/references_donnees_juridiques/src/branch/main/LEGI/ARTI/00/00/33/83/72/LEGIARTI000033837203.json)"},{"type":"add","content":"* [Markdown dans git](https://git.tricoteuses.fr/dila/textes_juridiques/src/branch/main/LEGI/ARTI/00/00/33/83/72/LEGIARTI000033837203.md)"},{"type":"del","content":"* [Légifrance](https://www.legifrance.gouv.fr/codes/article_lc/LEGIARTI000033497735)"},{"type":"add","content":"* [Légifrance](https://www.legifrance.gouv.fr/codes/article_lc/LEGIARTI000033837203)"}],"status":"modified"},{"filename":"annexes_de_la_partie_reglementaire/article_annexe_7-1-1.md","articleName":"Article ANNEXE 7-1-1","additions":29,"deletions":114,"diff":[{"type":"del","content":""},{"type":"del","content":""},{"type":"del","content":""},{"type":"del","content":"Tribunaux de commerce de Bobigny, de Créteil, de Meaux"},{"type":"del","content":""},{"type":"del","content":""},{"type":"add","content":"Tribunaux de commerce de Bobigny, de Créteil, de Meaux"},{"type":"del","content":""},{"type":"del","content":""},{"type":"del","content":""},{"type":"del","content":"Tribunaux de commerce d'Angoulême, de Bayonne, de Bergerac, de Bordeaux, de Dax, de Libourne, de Mont-de-Marsan, de Pau, de Périgueux, de Tarbes"},{"type":"del","content":""},{"type":"del","content":""},{"type":"add","content":"Tribunaux de commerce d'Angoulême, de Bayonne, de Bergerac, de Bordeaux, de Dax, de Libourne, de Mont-de-Marsan, de Pau, de Périgueux, de Tarbes"},{"type":"del","content":""},{"type":"del","content":""},{"type":"del","content":""},{"type":"del","content":"Tribunaux de commerce de Bar-le-Duc, de Belfort, de Besançon, de Briey, de Chalon-sur-Saône, de Chaumont, de Dijon, d'Epinal, de Lons-le-Saunier, de Mâcon, de Nancy, de Vesoul"},{"type":"del","content":""},{"type":"del","content":""},{"type":"add","content":"Tribunaux de commerce de Bar-le-Duc, de Belfort, de Besançon, de Val de Briey, de Chalon-sur-Saône, de Chaumont, de Dijon, d'Epinal, de Lons-le-Saunier, de Mâcon, de Nancy, de Vesoul"},{"type":"del","content":""},{"type":"del","content":""},{"type":"del","content":""},{"type":"del","content":"Tribunaux de commerce d'Auxerre, d'Evry, de Melun, de Sens"},{"type":"del","content":""},{"type":"del","content":""},{"type":"add","content":"Tribunaux de commerce d'Auxerre, d'Evry, de Melun, de Sens"},{"type":"del","content":""},{"type":"del","content":""},{"type":"del","content":""},{"type":"del","content":"Tribunaux de commerce d'Annecy, de Chambéry, de Gap, de Grenoble, de Romans-sur-Isère, de Thonon-les-Bains, de Vienne"},{"type":"del","content":""},{"type":"del","content":""},{"type":"add","content":"Tribunaux de commerce d'Annecy, de Chambéry, de Gap, de Grenoble, de Romans-sur-Isère, de Thonon-les-Bains, de Vienne"},{"type":"del","content":""},{"type":"del","content":""},{"type":"del","content":""},{"type":"del","content":"Tribunaux de commerce d'Aurillac, de Bourg-en-Bresse, de Clermont-Ferrand, de Cusset, de Lyon, de Montluçon, du Puy-en-Velay, de Roanne, de Saint-Etienne, de Villefranche-sur-Saône"},{"type":"del","content":""},{"type":"del","content":""},{"type":"add","content":"Tribunaux de commerce d'Aurillac, de Bourg-en-Bresse, de Clermont-Ferrand, de Cusset, de Lyon, de Montluçon, du Puy-en-Velay, de Roanne, de Saint-Etienne, de Villefranche-sur-Saône"},{"type":"del","content":""},{"type":"del","content":""},{"type":"del","content":""},{"type":"del","content":"Tribunaux de commerce d'Aix-en-Provence, de Draguignan, de Fréjus, de Manosque, de Marseille, de Salon-de-Provence, de Tarascon, de Toulon"},{"type":"del","content":""},{"type":"del","content":""},{"type":"add","content":"Tribunaux de commerce d'Aix-en-Provence, de Draguignan, de Fréjus, de Manosque, de Marseille, de Salon-de-Provence, de Tarascon, de Toulon"},{"type":"del","content":""},{"type":"del","content":""},{"type":"del","content":""},{"type":"del","content":"Tribunaux de commerce d'Aubenas, d'Avignon, de Béziers, de Carcassonne, de Mende, de Montpellier, de Narbonne, de Nîmes, de Perpignan, de Rodez"},{"type":"del","content":""},{"type":"del","content":""},{"type":"add","content":"Tribunaux de commerce d'Aubenas, d'Avignon, de Béziers, de Carcassonne, de Mende, de Montpellier, de Narbonne, de Nîmes, de Perpignan, de Rodez"},{"type":"del","content":""},{"type":"del","content":""},{"type":"del","content":""},{"type":"del","content":"Tribunaux de commerce de Chartres, de Nanterre, de Pontoise, de Versailles"},{"type":"del","content":""},{"type":"del","content":""},{"type":"add","content":"Tribunaux de commerce de Chartres, de Nanterre, de Pontoise, de Versailles"},{"type":"del","content":""},{"type":"del","content":""},{"type":"del","content":""},{"type":"del","content":"Tribunaux de commerce d'Angers, de Laval, du Mans, de Nantes, de Saint-Nazaire"},{"type":"del","content":""},{"type":"del","content":""},{"type":"add","content":"Tribunaux de commerce d'Angers, de Laval, du Mans, de Nantes, de Saint-Nazaire"},{"type":"del","content":""},{"type":"del","content":""},{"type":"del","content":""},{"type":"del","content":"Tribunaux de commerce d'Ajaccio, d'Antibes, de Bastia, de Cannes, de Grasse, de Nice"},{"type":"del","content":""},{"type":"del","content":""},{"type":"add","content":"Tribunaux de commerce d'Ajaccio, d'Antibes, de Bastia, de Cannes, de Grasse, de Nice"},{"type":"del","content":""},{"type":"del","content":""},{"type":"del","content":""},{"type":"del","content":"Tribunaux de commerce de Blois, de Bourges, de Châteauroux, de Nevers, d'Orléans, de Tours"},{"type":"del","content":""},{"type":"del","content":""},{"type":"add","content":"Tribunaux de commerce de Blois, de Bourges, de Châteauroux, de Nevers, d'Orléans, de Tours"},{"type":"del","content":""},{"type":"del","content":""},{"type":"del","content":""},{"type":"del","content":"Tribunal de commerce de Châlons-en-Champagne, de Paris, de Reims, de Sedan, de Troyes"},{"type":"del","content":""},{"type":"del","content":""},{"type":"add","content":"Tribunal de commerce de Châlons-en-Champagne, de Paris, de Reims, de Sedan, de Troyes"},{"type":"del","content":""},{"type":"del","content":""},{"type":"del","content":""},{"type":"del","content":"Tribunaux de commerce de Brive-la-Gaillarde, de Guéret, de La Roche-sur-Yon, de La Rochelle, de Limoges, de Niort, de Poitiers, de Saintes"},{"type":"del","content":""},{"type":"del","content":""},{"type":"add","content":"Tribunaux de commerce de Brive-la-Gaillarde, de Guéret, de La Roche-sur-Yon, de La Rochelle, de Limoges, de Niort, de Poitiers, de Saintes"},{"type":"del","content":""},{"type":"del","content":""},{"type":"del","content":""},{"type":"del","content":"Tribunaux de commerce de Brest, de Lorient, de Quimper, de Rennes, de Saint-Brieuc, de Saint-Malo, de Vannes"},{"type":"del","content":""},{"type":"del","content":""},{"type":"add","content":"Tribunaux de commerce de Brest, de Lorient, de Quimper, de Rennes, de Saint-Brieuc, de Saint-Malo, de Vannes"},{"type":"del","content":""},{"type":"del","content":""},{"type":"del","content":""},{"type":"del","content":"Tribunaux de commerce d'Alençon, de Bernay, de Caen, de Cherbourg-Octeville, de Coutances, de Dieppe, d'Evreux, du Havre, de Lisieux, de Rouen"},{"type":"del","content":""},{"type":"del","content":""},{"type":"add","content":"Tribunaux de commerce d'Alençon, de Bernay, de Caen, de Cherbourg-Octeville, de Coutances, de Dieppe, d'Evreux, du Havre, de Lisieux, de Rouen"},{"type":"del","content":""},{"type":"del","content":""},{"type":"del","content":""},{"type":"del","content":"Tribunaux de commerce d'Agen, d'Albi, d'Auch, de Cahors, de Castres, de Foix, de Montauban, de Toulouse"},{"type":"del","content":""},{"type":"del","content":""},{"type":"add","content":"Tribunaux de commerce d'Agen, d'Albi, d'Auch, de Cahors, de Castres, de Foix, de Montauban, de Toulouse"},{"type":"del","content":""},{"type":"del","content":""},{"type":"del","content":""},{"type":"del","content":"Tribunaux de commerce d'Amiens, d'Arras, de Beauvais, de Boulogne-sur-Mer, de Compiègne, de Douai, de Dunkerque, de Saint-Quentin, de Soissons, de Lille Métropole, de Valenciennes"},{"type":"del","content":""},{"type":"del","content":""},{"type":"add","content":"Tribunaux de commerce d'Amiens, d'Arras, de Beauvais, de Boulogne-sur-Mer, de Compiègne, de Douai, de Dunkerque, de Saint-Quentin, de Soissons, de Lille Métropole, de Valenciennes"},{"type":"add","content":"### Nota"},{"type":"add","content":""},{"type":"add","content":"Conformément à l'article 5 du décret n° 2016-1996 du 30 décembre 2016, les présentes dispositions sont applicables aux instances introduites après le 1er janvier 2017."},{"type":"add","content":""},{"type":"add","content":""},{"type":"del","content":"Décret n° 2016-217 du 26 février 2016 fixant la liste et le ressort des tribunaux de commerce spécialisés - article ENTIEREMENT_MODIF CREE source"},{"type":"add","content":"Décret n° 2016-1996 du 30 décembre 2016 modifiant le ressort de certaines juridictions à la suite de la création de communes nouvelles - article 1 ENTIEREMENT_MODIF MODIFIE source"},{"type":"del","content":"2016-02-26 CREE cible Décret n° 2016-217 du 26 février 2016 fixant la liste et le ressort des tribunaux de commerce spécialisés - article ENTIEREMENT_MODIF"},{"type":"add","content":"2016-12-30 MODIFIE cible Décret n° 2016-1996 du 30 décembre 2016 modifiant le ressort de certaines juridictions à la suite de la création de communes nouvelles - article 1 ENTIEREMENT_MODIF"},{"type":"del","content":"* [JSON dans git](https://git.tricoteuses.fr/dila/donnees_juridiques/src/branch/main/LEGI/ARTI/00/00/32/13/13/LEGIARTI000032131364.json)"},{"type":"del","content":"* [Références JSON dans git](https://git.tricoteuses.fr/dila/references_donnees_juridiques/src/branch/main/LEGI/ARTI/00/00/32/13/13/LEGIARTI000032131364.json)"},{"type":"del","content":"* [Markdown dans git](https://git.tricoteuses.fr/dila/textes_juridiques/src/branch/main/LEGI/ARTI/00/00/32/13/13/LEGIARTI000032131364.md)"},{"type":"add","content":"* [JSON dans git](https://git.tricoteuses.fr/dila/donnees_juridiques/src/branch/main/LEGI/ARTI/00/00/33/83/71/LEGIARTI000033837198.json)"},{"type":"add","content":"* [Références JSON dans git](https://git.tricoteuses.fr/dila/references_donnees_juridiques/src/branch/main/LEGI/ARTI/00/00/33/83/71/LEGIARTI000033837198.json)"},{"type":"add","content":"* [Markdown dans git](https://git.tricoteuses.fr/dila/textes_juridiques/src/branch/main/LEGI/ARTI/00/00/33/83/71/LEGIARTI000033837198.md)"},{"type":"del","content":"* [Légifrance](https://www.legifrance.gouv.fr/codes/article_lc/LEGIARTI000032131364)"},{"type":"add","content":"* [Légifrance](https://www.legifrance.gouv.fr/codes/article_lc/LEGIARTI000033837198)"}],"status":"modified"},{"filename":"annexes_de_la_partie_reglementaire/article_annexe_7-1.md","articleName":"Article ANNEXE 7-1","additions":15,"deletions":10,"diff":[{"type":"del","content":"Agen"},{"type":"add","content":"Agen f"},{"type":"del","content":"Briey"},{"type":"del","content":"Briey"},{"type":"del","content":"Ressort du tribunal de grande instance de Briey"},{"type":"add","content":"Val de Briey"},{"type":"add","content":"Val de Briey"},{"type":"add","content":"Ressort du tribunal de grande instance de Val de Briey"},{"type":"add","content":"### Nota"},{"type":"add","content":""},{"type":"add","content":"Conformément à l'article 5 du décret n° 2016-1996 du 30 décembre 2016, les présentes dispositions sont applicables aux instances introduites après le 1er janvier 2017."},{"type":"add","content":""},{"type":"add","content":""},{"type":"del","content":"Décret n° 2013-1258 du 27 décembre 2013 modifiant l'organisation judiciaire - article 5 ENTIEREMENT_MODIF MODIFIE source"},{"type":"add","content":"Décret n° 2016-1996 du 30 décembre 2016 modifiant le ressort de certaines juridictions à la suite de la création de communes nouvelles - article 1 ENTIEREMENT_MODIF MODIFIE source"},{"type":"del","content":"2013-12-27 MODIFIE cible Décret n° 2013-1258 du 27 décembre 2013 modifiant l'organisation judiciaire - article 5 ENTIEREMENT_MODIF"},{"type":"add","content":"2016-12-30 MODIFIE cible Décret n° 2016-1996 du 30 décembre 2016 modifiant le ressort de certaines juridictions à la suite de la création de communes nouvelles - article 1 ENTIEREMENT_MODIF"},{"type":"del","content":"* [JSON dans git](https://git.tricoteuses.fr/dila/donnees_juridiques/src/branch/main/LEGI/ARTI/00/00/28/42/35/LEGIARTI000028423587.json)"},{"type":"del","content":"* [Références JSON dans git](https://git.tricoteuses.fr/dila/references_donnees_juridiques/src/branch/main/LEGI/ARTI/00/00/28/42/35/LEGIARTI000028423587.json)"},{"type":"del","content":"* [Markdown dans git](https://git.tricoteuses.fr/dila/textes_juridiques/src/branch/main/LEGI/ARTI/00/00/28/42/35/LEGIARTI000028423587.md)"},{"type":"add","content":"* [JSON dans git](https://git.tricoteuses.fr/dila/donnees_juridiques/src/branch/main/LEGI/ARTI/00/00/33/83/72/LEGIARTI000033837201.json)"},{"type":"add","content":"* [Références JSON dans git](https://git.tricoteuses.fr/dila/references_donnees_juridiques/src/branch/main/LEGI/ARTI/00/00/33/83/72/LEGIARTI000033837201.json)"},{"type":"add","content":"* [Markdown dans git](https://git.tricoteuses.fr/dila/textes_juridiques/src/branch/main/LEGI/ARTI/00/00/33/83/72/LEGIARTI000033837201.md)"},{"type":"del","content":"* [Légifrance](https://www.legifrance.gouv.fr/codes/article_lc/LEGIARTI000028423587)"},{"type":"add","content":"* [Légifrance](https://www.legifrance.gouv.fr/codes/article_lc/LEGIARTI000033837201)"}],"status":"modified"},{"filename":"annexes_de_la_partie_reglementaire/article_annexe_7-2.md","articleName":"Article ANNEXE 7-2","additions":13,"deletions":7,"diff":[{"type":"add","content":""},{"type":"del","content":"Briey"},{"type":"add","content":"Val de Briey"},{"type":"add","content":"### Nota"},{"type":"add","content":""},{"type":"add","content":"Conformément à l'article 5 du décret n° 2016-1996 du 30 décembre 2016, les présentes dispositions sont applicables aux instances introduites après le 1er janvier 2017."},{"type":"add","content":""},{"type":"add","content":""},{"type":"del","content":"Décret n° 2016-1082 du 3 août 2016 modifiant l'annexe 7-2 du livre VII du code de commerce (partie réglementaire) fixant le nombre des juges et le nombre des chambres des tribunaux de commerce - article ENTIEREMENT_MODIF, en vigueur depuis le 2016-08-08 MODIFIE source"},{"type":"add","content":"Décret n° 2016-1996 du 30 décembre 2016 modifiant le ressort de certaines juridictions à la suite de la création de communes nouvelles - article 1 ENTIEREMENT_MODIF MODIFIE source"},{"type":"del","content":"2016-08-03 MODIFIE cible Décret n° 2016-1082 du 3 août 2016 modifiant l'annexe 7-2 du livre VII du code de commerce (partie réglementaire) fixant le nombre des juges et le nombre des chambres des tribunaux de commerce - article ENTIEREMENT_MODIF, en vigueur depuis le 2016-08-08"},{"type":"add","content":"2016-12-30 MODIFIE cible Décret n° 2016-1996 du 30 décembre 2016 modifiant le ressort de certaines juridictions à la suite de la création de communes nouvelles - article 1 ENTIEREMENT_MODIF"},{"type":"del","content":"* [JSON dans git](https://git.tricoteuses.fr/dila/donnees_juridiques/src/branch/main/LEGI/ARTI/00/00/39/35/95/LEGIARTI000039359511.json)"},{"type":"del","content":"* [Références JSON dans git](https://git.tricoteuses.fr/dila/references_donnees_juridiques/src/branch/main/LEGI/ARTI/00/00/39/35/95/LEGIARTI000039359511.json)"},{"type":"del","content":"* [Markdown dans git](https://git.tricoteuses.fr/dila/textes_juridiques/src/branch/main/LEGI/ARTI/00/00/39/35/95/LEGIARTI000039359511.md)"},{"type":"add","content":"* [JSON dans git](https://git.tricoteuses.fr/dila/donnees_juridiques/src/branch/main/LEGI/ARTI/00/00/33/83/71/LEGIARTI000033837195.json)"},{"type":"add","content":"* [Références JSON dans git](https://git.tricoteuses.fr/dila/references_donnees_juridiques/src/branch/main/LEGI/ARTI/00/00/33/83/71/LEGIARTI000033837195.json)"},{"type":"add","content":"* [Markdown dans git](https://git.tricoteuses.fr/dila/textes_juridiques/src/branch/main/LEGI/ARTI/00/00/33/83/71/LEGIARTI000033837195.md)"},{"type":"del","content":"* [Légifrance](https://www.legifrance.gouv.fr/codes/article_lc/LEGIARTI000039359511)"},{"type":"add","content":"* [Légifrance](https://www.legifrance.gouv.fr/codes/article_lc/LEGIARTI000033837195)"}],"status":"modified"}],"stats":{"additions":457,"deletions":526,"filesChanged":5}}