{"sha":"fd2dfd8edc6c","date":"2010-05-03","message":"Décret n° 2010-435 du 30 avril 2010 modifiant le décret n° 2008-1343 du 18 décembre 2008 modifié relatif aux soldes","files":[{"filename":"partie_reglementaire/livre_iii/titre_ier/section_3/article_annexe_art_d310-15-3.md","articleName":"Article ANNEXE ART D310-15-3","additions":114,"deletions":97,"diff":[{"type":"del","content":"DATES DE DÉBUT des périodes de soldes"},{"type":"add","content":"DATES DE DÉBUT DES PÉRIODES DE SOLDES"},{"type":"del","content":""},{"type":"del","content":"Alpes-Maritimes (06)"},{"type":"add","content":"Alpes-de-Haute-Provence (04)"},{"type":"del","content":""},{"type":"del","content":"Tout le département"},{"type":"add","content":"Tout le département"},{"type":"del","content":""},{"type":"del","content":"Soldes d'été : deuxième mercredi du mois de juillet"},{"type":"add","content":"Soldes d'été : premier mercredi du mois de juillet"},{"type":"del","content":""},{"type":"del","content":"Corse-du-Sud (2A)"},{"type":"add","content":"Hautes-Alpes (05)"},{"type":"del","content":""},{"type":"del","content":"Tout le département"},{"type":"add","content":"Tout le département"},{"type":"del","content":""},{"type":"del","content":"Soldes d'été : deuxième mercredi du mois de juillet"},{"type":"add","content":"Soldes d'été : premier mercredi du mois de juillet"},{"type":"del","content":""},{"type":"del","content":"Haute-Corse (2B)"},{"type":"add","content":"Alpes-Maritimes (06)"},{"type":"del","content":""},{"type":"del","content":"Tout le département"},{"type":"add","content":"Tout le département"},{"type":"del","content":""},{"type":"del","content":"Soldes d'été : deuxième mercredi du mois de juillet"},{"type":"add","content":"Soldes d'été : premier mercredi du mois de juillet"},{"type":"del","content":""},{"type":"del","content":"Landes (40)"},{"type":"add","content":"Bouches-du-Rhône (13)"},{"type":"del","content":""},{"type":"del","content":"Tout le département"},{"type":"add","content":"Tout le département"},{"type":"del","content":""},{"type":"del","content":"Soldes d'hiver : premier mercredi du mois de janvier"},{"type":"add","content":"Soldes d'été : premier mercredi du mois de juillet"},{"type":"del","content":""},{"type":"del","content":"Meurthe-et-Moselle (54)"},{"type":"add","content":"Corse-du-Sud (2A)"},{"type":"del","content":""},{"type":"del","content":"Tout le département"},{"type":"add","content":"Tout le département"},{"type":"del","content":""},{"type":"del","content":"Soldes d'hiver : premier jour ouvré du mois de janvier"},{"type":"add","content":"Soldes d'été : deuxième mercredi du mois de juillet"},{"type":"del","content":""},{"type":"del","content":"Meuse (55)"},{"type":"add","content":"Haute-Corse (2B)"},{"type":"del","content":""},{"type":"del","content":"Tout le département"},{"type":"add","content":"Tout le département"},{"type":"del","content":""},{"type":"del","content":"Soldes d'hiver : premier jour ouvré du mois de janvier"},{"type":"add","content":"Soldes d'été : deuxième mercredi du mois de juillet"},{"type":"del","content":""},{"type":"del","content":"Moselle (57)"},{"type":"add","content":"Landes (40)"},{"type":"del","content":""},{"type":"del","content":"Tout le département"},{"type":"add","content":"Tout le département"},{"type":"del","content":""},{"type":"del","content":"Soldes d'hiver : premier jour ouvré du mois de janvier"},{"type":"add","content":"Soldes d'hiver : premier mercredi du mois de janvier"},{"type":"del","content":""},{"type":"del","content":"Pyrénées-Atlantiques (64)"},{"type":"add","content":"Meurthe-et-Moselle (54)"},{"type":"del","content":""},{"type":"del","content":"Tout le département"},{"type":"add","content":"Tout le département"},{"type":"del","content":""},{"type":"del","content":"Soldes d'hiver : premier mercredi du mois de janvier"},{"type":"add","content":"Soldes d'hiver : premier jour ouvré du mois de janvier"},{"type":"del","content":""},{"type":"del","content":"Vosges (88)"},{"type":"add","content":"Meuse (55)"},{"type":"del","content":""},{"type":"del","content":"Tout le département"},{"type":"add","content":"Tout le département"},{"type":"del","content":""},{"type":"del","content":"Soldes d'hiver : premier jour ouvré du mois de janvier"},{"type":"add","content":"Soldes d'hiver : premier jour ouvré du mois de janvier"},{"type":"del","content":""},{"type":"del","content":"Guadeloupe (971)"},{"type":"add","content":"Moselle (57)"},{"type":"del","content":""},{"type":"del","content":""},{"type":"del","content":"Soldes d'hiver : premier samedi de janvier Soldes d'été : dernier samedi de septembre"},{"type":"add","content":"Tout le département"},{"type":"add","content":""},{"type":"add","content":""},{"type":"add","content":"Soldes d'hiver : premier jour ouvré du mois de janvier"},{"type":"del","content":""},{"type":"del","content":""},{"type":"del","content":"Saint-Barthélemy et Saint-Martin"},{"type":"add","content":"Pyrénées-Atlantiques (64)"},{"type":"del","content":""},{"type":"del","content":"Soldes d'hiver : premier samedi de mai Soldes d'été : deuxième samedi d'octobre"},{"type":"add","content":"Tout le département"},{"type":"add","content":""},{"type":"add","content":""},{"type":"add","content":"Soldes d'hiver : premier mercredi du mois de janvier"},{"type":"del","content":""},{"type":"del","content":"Martinique (972)"},{"type":"add","content":"Var (83)"},{"type":"del","content":""},{"type":"del","content":"Tout le département"},{"type":"add","content":"Tout le département"},{"type":"del","content":""},{"type":"del","content":"Soldes d'été : premier jeudi d'octobre"},{"type":"add","content":"Soldes d'été : premier mercredi du mois de juillet"},{"type":"del","content":""},{"type":"del","content":"Guyane (973)"},{"type":"add","content":"Vaucluse (84)"},{"type":"del","content":""},{"type":"del","content":"Tout le département"},{"type":"add","content":"Tout le département"},{"type":"del","content":""},{"type":"del","content":"Soldes d'hiver : premier mercredi du mois de janvier Soldes d'été : premier jeudi du mois d'octobre"},{"type":"add","content":"Soldes d'été : premier mercredi du mois de juillet"},{"type":"del","content":""},{"type":"del","content":"La Réunion (974)"},{"type":"add","content":"Vosges (88)"},{"type":"del","content":""},{"type":"del","content":"Tout le département"},{"type":"add","content":"Tout le département"},{"type":"del","content":""},{"type":"del","content":"Soldes d'hiver : premier jour ouvré du mois de février Soldes d'été : premier jour ouvré du mois de septembre"},{"type":"add","content":"Soldes d'hiver : premier jour ouvré du mois de janvier"},{"type":"add","content":""},{"type":"add","content":""},{"type":"add","content":""},{"type":"add","content":""},{"type":"add","content":"Guadeloupe (971)"},{"type":"add","content":""},{"type":"add","content":""},{"type":"add","content":""},{"type":"add","content":""},{"type":"add","content":""},{"type":"add","content":"Soldes d'hiver : premier samedi de janvier"},{"type":"add","content":"Soldes d'été : dernier samedi de septembre"},{"type":"add","content":""},{"type":"add","content":""},{"type":"add","content":""},{"type":"add","content":""},{"type":"add","content":"Saint-Barthélemy et Saint-Martin"},{"type":"add","content":""},{"type":"add","content":""},{"type":"add","content":"Soldes d'hiver : premier samedi de mai"},{"type":"add","content":"Soldes d'été : deuxième samedi d'octobre"},{"type":"add","content":""},{"type":"add","content":""},{"type":"add","content":""},{"type":"add","content":""},{"type":"add","content":"Martinique (972)"},{"type":"add","content":""},{"type":"add","content":""},{"type":"add","content":"Tout le département"},{"type":"add","content":""},{"type":"add","content":""},{"type":"add","content":"Soldes d'été : premier jeudi d'octobre"},{"type":"add","content":""},{"type":"add","content":""},{"type":"add","content":""},{"type":"add","content":""},{"type":"add","content":"Guyane (973)"},{"type":"add","content":""},{"type":"add","content":""},{"type":"add","content":"Tout le département"},{"type":"add","content":""},{"type":"add","content":""},{"type":"add","content":"Soldes d'hiver : premier mercredi du mois de janvier"},{"type":"add","content":"Soldes d'été : premier jeudi du mois d'octobre"},{"type":"add","content":""},{"type":"add","content":""},{"type":"add","content":""},{"type":"add","content":""},{"type":"add","content":"La Réunion (974)"},{"type":"add","content":""},{"type":"add","content":""},{"type":"add","content":"Tout le département"},{"type":"add","content":""},{"type":"add","content":""},{"type":"add","content":"Soldes d'hiver : premier samedi du mois de septembre"},{"type":"add","content":"Soldes d'été : premier samedi du mois de février."},{"type":"del","content":"DATES DE DÉBUT des périodes de soldes"},{"type":"add","content":"DATES DE DÉBUT DES PÉRIODES DE SOLDES"},{"type":"del","content":""},{"type":"del","content":"Saint-Pierre-et-Miquelon (975)"},{"type":"add","content":"Saint-Pierre-et-Miquelon (975)"},{"type":"del","content":""},{"type":"del","content":"Tout le département"},{"type":"add","content":"Tout le département"},{"type":"del","content":""},{"type":"del","content":"Soldes d'été : premier mercredi après le 14 juillet Soldes d'hiver : premier mercredi après le 15 janvier"},{"type":"add","content":"Soldes d'été : premier mercredi après le 14 juillet"},{"type":"add","content":"Soldes d'hiver : premier mercredi après le 15 janvier"},{"type":"del","content":""},{"type":"del","content":"Décret n° 2009-704 du 16 juin 2009 modifiant le décret n° 2008-1343 du 18 décembre 2008 relatif aux soldes - article 1 ENTIEREMENT_MODIF MODIFIE source"},{"type":"add","content":"Décret n° 2010-435 du 30 avril 2010 modifiant le décret n° 2008-1343 du 18 décembre 2008 modifié relatif aux soldes - article 1 ENTIEREMENT_MODIF MODIFIE source"},{"type":"del","content":"2009-06-16 MODIFIE cible Décret n° 2009-704 du 16 juin 2009 modifiant le décret n° 2008-1343 du 18 décembre 2008 relatif aux soldes - article 1 ENTIEREMENT_MODIF"},{"type":"add","content":"2010-04-30 MODIFIE cible Décret n° 2010-435 du 30 avril 2010 modifiant le décret n° 2008-1343 du 18 décembre 2008 modifié relatif aux soldes - article 1 ENTIEREMENT_MODIF"},{"type":"del","content":"* [JSON dans git](https://git.tricoteuses.fr/dila/donnees_juridiques/src/branch/main/LEGI/ARTI/00/00/20/75/46/LEGIARTI000020754694.json)"},{"type":"del","content":"* [Références JSON dans git](https://git.tricoteuses.fr/dila/references_donnees_juridiques/src/branch/main/LEGI/ARTI/00/00/20/75/46/LEGIARTI000020754694.json)"},{"type":"del","content":"* [Markdown dans git](https://git.tricoteuses.fr/dila/textes_juridiques/src/branch/main/LEGI/ARTI/00/00/20/75/46/LEGIARTI000020754694.md)"},{"type":"add","content":"* [JSON dans git](https://git.tricoteuses.fr/dila/donnees_juridiques/src/branch/main/LEGI/ARTI/00/00/22/15/93/LEGIARTI000022159385.json)"},{"type":"add","content":"* [Références JSON dans git](https://git.tricoteuses.fr/dila/references_donnees_juridiques/src/branch/main/LEGI/ARTI/00/00/22/15/93/LEGIARTI000022159385.json)"},{"type":"add","content":"* [Markdown dans git](https://git.tricoteuses.fr/dila/textes_juridiques/src/branch/main/LEGI/ARTI/00/00/22/15/93/LEGIARTI000022159385.md)"},{"type":"del","content":"* [Légifrance](https://www.legifrance.gouv.fr/codes/article_lc/LEGIARTI000020754694)"},{"type":"add","content":"* [Légifrance](https://www.legifrance.gouv.fr/codes/article_lc/LEGIARTI000022159385)"}],"status":"modified"}],"stats":{"additions":114,"deletions":97,"filesChanged":1}}