{"sha":"42750c7ca420","date":"2004-05-29","message":"Décret n° 2004-454 du 27 mai 2004 portant modification de la liste des communes où est autorisée l'utilisation de machines à voter annexée à la partie Réglementaire du code électoral","files":[{"filename":"annexes/liste_des_communes_ou_est_autorisee_l_utilisation_de_machines_a_voter/article_annexe.md","articleName":"Article ANNEXE","additions":59,"deletions":27,"diff":[{"type":"del","content":"Nice."},{"type":"add","content":"Cannes, Nice, Villeneuve-Loubet."},{"type":"del","content":"Marseille."},{"type":"add","content":"Gémenos, Marseille."},{"type":"del","content":"Deux-Sèvres"},{"type":"del","content":""},{"type":"del","content":"Niort."},{"type":"add","content":"Drôme"},{"type":"del","content":"Essonne"},{"type":"del","content":""},{"type":"del","content":"Bures-sur-Yvette, Orsay, Villebon-sur-Yvette."},{"type":"add","content":"Bourg-de-Péage."},{"type":"del","content":"Gironde"},{"type":"add","content":"Haute-Garonne"},{"type":"del","content":"Mérignac."},{"type":"add","content":"Castanet-Tolosan, Toulouse."},{"type":"del","content":"Haute-Garonne"},{"type":"add","content":"Gironde"},{"type":"del","content":"Toulouse."},{"type":"add","content":"Mérignac."},{"type":"del","content":"Hauts-de-Seine"},{"type":"add","content":"Hérault"},{"type":"del","content":"Boulogne-Billancourt, Issy-les-Moulineaux, Suresnes."},{"type":"add","content":"Juvignac."},{"type":"del","content":"Rennes."},{"type":"add","content":"Rennes, Saint-Malo."},{"type":"add","content":"Nord"},{"type":"add","content":""},{"type":"add","content":"Dunkerque."},{"type":"add","content":""},{"type":"del","content":"Seine-Maritime"},{"type":"add","content":"Pyrénées-Orientales"},{"type":"del","content":"Le Havre."},{"type":"add","content":"Perpignan."},{"type":"del","content":"Seine-Saint-Denis"},{"type":"add","content":"Haut-Rhin"},{"type":"del","content":"Rosny-sous-Bois."},{"type":"add","content":"Colmar, Mulhouse."},{"type":"del","content":"Val-de-Marne"},{"type":"add","content":"Rhône"},{"type":"add","content":""},{"type":"add","content":"Chazay-d'Azergues, Sainte-Foy-lès-Lyon."},{"type":"add","content":""},{"type":"add","content":"Seine-Maritime"},{"type":"del","content":"Marolles-en-Brie."},{"type":"add","content":"Le Havre."},{"type":"add","content":""},{"type":"add","content":"Deux-Sèvres"},{"type":"add","content":""},{"type":"add","content":"Niort."},{"type":"add","content":"Vaucluse"},{"type":"add","content":""},{"type":"add","content":"Orange."},{"type":"add","content":""},{"type":"add","content":"Vosges"},{"type":"add","content":""},{"type":"add","content":"Rambervillers."},{"type":"add","content":""},{"type":"add","content":"Essonne"},{"type":"add","content":""},{"type":"add","content":"Bures-sur-Yvette, Evry, Juvisy-sur-Orge, Linas, Orsay, Villebon-sur-Yvette."},{"type":"add","content":""},{"type":"add","content":"Hauts-de-Seine"},{"type":"add","content":""},{"type":"add","content":"Boulogne-Billancourt, Issy-les-Moulineaux, Suresnes."},{"type":"add","content":""},{"type":"add","content":"Seine-Saint-Denis"},{"type":"add","content":""},{"type":"add","content":"Aulnay-sous-Bois, Rosny-sous-Bois."},{"type":"add","content":""},{"type":"add","content":"Val-de-Marne"},{"type":"add","content":""},{"type":"add","content":"Marolles-en-Brie, Saint-Maur-des-Fossés."},{"type":"add","content":""},{"type":"del","content":"Décret n° 2004-238 du 18 mars 2004 fixant une liste des communes où est autorisée l'utilisation de machines à voter - article 2 ENTIEREMENT_MODIF CREATION cible"},{"type":"add","content":"Décret n° 2004-454 du 27 mai 2004 portant modification de la liste des communes où est autorisée l'utilisation de machines à voter annexée à la partie Réglementaire du code électoral - article 1 ENTIEREMENT_MODIF MODIFICATION cible"},{"type":"del","content":"2004-03-18 CREATION source Décret n° 2004-238 du 18 mars 2004 fixant une liste des communes où est autorisée l'utilisation de machines à voter - article 2 ENTIEREMENT_MODIF"},{"type":"add","content":"2004-05-27 MODIFICATION source Décret n° 2004-454 du 27 mai 2004 portant modification de la liste des communes où est autorisée l'utilisation de machines à voter annexée à la partie Réglementaire du code électoral - article 1 ENTIEREMENT_MODIF"},{"type":"del","content":"* [JSON dans git](https://git.tricoteuses.fr/dila/donnees_juridiques/src/branch/main/LEGI/ARTI/00/00/06/35/51/LEGIARTI000006355136.json)"},{"type":"del","content":"* [Références JSON dans git](https://git.tricoteuses.fr/dila/references_donnees_juridiques/src/branch/main/LEGI/ARTI/00/00/06/35/51/LEGIARTI000006355136.json)"},{"type":"del","content":"* [Markdown dans git](https://git.tricoteuses.fr/dila/textes_juridiques/src/branch/main/LEGI/ARTI/00/00/06/35/51/LEGIARTI000006355136.md)"},{"type":"add","content":"* [JSON dans git](https://git.tricoteuses.fr/dila/donnees_juridiques/src/branch/main/LEGI/ARTI/00/00/06/35/51/LEGIARTI000006355137.json)"},{"type":"add","content":"* [Références JSON dans git](https://git.tricoteuses.fr/dila/references_donnees_juridiques/src/branch/main/LEGI/ARTI/00/00/06/35/51/LEGIARTI000006355137.json)"},{"type":"add","content":"* [Markdown dans git](https://git.tricoteuses.fr/dila/textes_juridiques/src/branch/main/LEGI/ARTI/00/00/06/35/51/LEGIARTI000006355137.md)"},{"type":"del","content":"* [Légifrance](https://www.legifrance.gouv.fr/codes/article_lc/LEGIARTI000006355136)"},{"type":"add","content":"* [Légifrance](https://www.legifrance.gouv.fr/codes/article_lc/LEGIARTI000006355137)"}],"status":"modified"}],"stats":{"additions":59,"deletions":27,"filesChanged":1}}