{"sha":"c5bf2e0b8ee2","date":"2007-02-22","message":"Décret du 16 août 1989 PORTANT CHANGEMENT DE NOM DE COMMUNES","files":[{"filename":"annexes/tableau_des_circonscriptions_electorales_des_departements_election_des_deputes_1/article_annexe_tableau_n_1_suite.md","articleName":"Article ANNEXE TABLEAU N 1 SUITE","additions":1011,"deletions":693,"diff":[{"type":"del","content":"DEPARTEMENT : SEINE-ET-MARNE"},{"type":"del","content":""},{"type":"del","content":"1e circonscription"},{"type":"del","content":""},{"type":"del","content":"COMPOSITION"},{"type":"del","content":""},{"type":"del","content":"Cantons de : Melun Sud, Perthes, Savigny-le-Temple (par décret n° 91-219 du 27 février 1991 art. 2, le canton de Savigny-le-Temple a été divisé en deux cantons : Le Mée-sur-Seine et Savigny-le-Temple)."},{"type":"del","content":""},{"type":"del","content":"2e circonscription"},{"type":"del","content":""},{"type":"del","content":"Cantons de : La Chapelle-la-Reine, Château-Landon, Fontainebleau, Lorrez-le-Bocage-Préaux, Nemours."},{"type":"del","content":""},{"type":"del","content":"3e circonscription"},{"type":"del","content":""},{"type":"del","content":"Le Châtelet-en-Brie, Melun Nord, Montereau-Faut-Yonne, Moret-sur-Loing."},{"type":"del","content":""},{"type":"del","content":"4e circonscription"},{"type":"del","content":""},{"type":"del","content":"Cantons de : Bray-sur-Seine, Donnemarie-Dontilly, La Ferté-Gaucher, Nangis, Provins, Rebais, Rozay-en-Brie, Villiers-Saint-Georges."},{"type":"del","content":""},{"type":"del","content":"5e circonscription"},{"type":"del","content":""},{"type":"del","content":"Cantons de : Coulommiers, Crécy-la-Chapelle (le canton de Crécy-la-Chapelle a été remodelé par décret n° 93-260 du 26 février 1993. En conséquence, les communes de Bailly-Romainvilliers, Magny-le-Hongre et Serris en ont été détachées pour faire partie du canton créé de Thorigny-sur-Marne. Ces communes continuent néanmoins à être incluses dans la 5e circonscription), La Ferté-sous-Jouarre, Meaux Sud."},{"type":"del","content":""},{"type":"del","content":"6e circonscription"},{"type":"del","content":""},{"type":"del","content":"Cantons de : Dammartin-en-Goële, Lizy-sur-Ourcq, Meaux Nord, Mitry-Mory."},{"type":"del","content":""},{"type":"del","content":"7e circonscription"},{"type":"del","content":""},{"type":"del","content":"Cantons de : Chelles, Claye-Souilly, Lagny-sur-Marne pour les communes de Gouvernes, Lagny-sur-Marne, Pomponne, Saint-Thibault-des-Vignes (aux termes du décret n° 93-260 du 26 février 1993, les communes ici énumérées forment désormais l'intégralité du canton de Lagny-sur-Marne), Vaires-sur-Marne."},{"type":"del","content":""},{"type":"del","content":"8e circonscription"},{"type":"del","content":""},{"type":"del","content":"Cantons de : Champs-sur-Marne, Lagny-sur-Marne (pour les communes de Carnetin, Chalifert, Chanteloup, Chessy, Conches, Coupvray, Dampmart, Guermantes, Jossigny, Lesches, Montévrain, Thorigny-sur-Marne) (les communes énumérées ici constituent le canton de Thorigny-sur-Marne, créé par le décret n° 93-260 du 26 février 1993 art. 1er, avec trois communes supplémentaires détachées du canton de Crécy-la-Chapelle (cf. ci-dessus note 2). La 8e circonscription comprend donc désormais les cantons de Champs-sur-Marne, Noisiel, Roissy-en-Brie dont la dénomination a été modifiée par décret du 21 juin 1988), Thorigny-sur-Marne (moins les communes de Bailly-Romainvilliers, Magny-le-Hongre et Serris) et Torcy), Noisiel, Roissy, Torcy."},{"type":"del","content":""},{"type":"del","content":"9e circonscription"},{"type":"del","content":""},{"type":"del","content":"Cantons de : Brie-Comte-Robert (par décret n° 91-219 du 27 février 1991 art. 1er, le canton de Brie-Comte-Robert a été divisé en deux cantons : Brie-Comte-Robert et Combs-la-Ville), Mormant, Pontault-Combault, Tournan-en-Brie."},{"type":"del","content":""},{"type":"del","content":"DEPARTEMENT : YVELINES"},{"type":"del","content":""},{"type":"del","content":"1e circonscription"},{"type":"del","content":""},{"type":"del","content":"COMPOSITION"},{"type":"del","content":""},{"type":"del","content":"Cantons de : Versailles Nord, Versailles Nord-Ouest, Versailles Ouest (par décret n° 91-222 du 27 février 1991 art. 1er et 2, les cantons de Versailles Nord-Ouest et de Versailles Ouest ont été remplacés par les cantons de Montigny-le-Bretonneux et Versailles Nord-Ouest), Viroflay."},{"type":"del","content":""},{"type":"del","content":"2e circonscription"},{"type":"del","content":""},{"type":"del","content":"Cantons de : Chevreuse, Vélizy-Villacoublay, Versailles Sud."},{"type":"del","content":""},{"type":"del","content":"3e circonscription"},{"type":"del","content":""},{"type":"del","content":"Cantons de : La Celle-Saint-Cloud, Le Chesnay, Saint-Nom-la-Bretèche."},{"type":"del","content":""},{"type":"del","content":"4e circonscription"},{"type":"del","content":""},{"type":"del","content":"Cantons de : Chatou, Houilles, Marly-le-Roi."},{"type":"del","content":""},{"type":"del","content":"5e circonscription"},{"type":"del","content":""},{"type":"del","content":"Cantons de Maisons-Laffitte, Sartrouville, Le Vésinet."},{"type":"del","content":""},{"type":"del","content":"6e circonscription"},{"type":"del","content":""},{"type":"del","content":"Cantons de : Le Pecq, Saint-Germain-en-Laye Nord, Saint-Germain-en-Laye Sud."},{"type":"del","content":""},{"type":"del","content":"7e circonscription"},{"type":"del","content":""},{"type":"del","content":"Cantons de: Andrésy, Conflans-Sainte-Honorine, Meulan (moins les communes des Mureaux et de Chapet), Triel-sur-Seine."},{"type":"del","content":""},{"type":"del","content":"8e circonscription"},{"type":"del","content":""},{"type":"del","content":"Cantons de: Limay, Mantes-la-Jolie, Mantes-la-Ville."},{"type":"del","content":""},{"type":"del","content":"9e circonscription"},{"type":"del","content":""},{"type":"del","content":"Cantons de: Aubergenville, Bonnières-sur-Seine, Guerville, Houdan."},{"type":"del","content":""},{"type":"del","content":"Communes de : Les Mureaux, Chapet."},{"type":"del","content":""},{"type":"del","content":"10e circonscription"},{"type":"del","content":""},{"type":"del","content":"Cantons de : Monfort-l'Amaury, Rambouillet, Saint-Arnoult-en-Yvelines, Maurepas (moins les communes d'Elancourt et de La Verrière)."},{"type":"del","content":""},{"type":"del","content":"11e circonscription"},{"type":"del","content":""},{"type":"del","content":"Cantons de : Saint-Cyr-l'Ecole, Trappes."},{"type":"del","content":""},{"type":"del","content":"Communes de : Elancourt, La Verrière."},{"type":"del","content":""},{"type":"del","content":"12e circonscription"},{"type":"del","content":""},{"type":"del","content":"Cantons de : Plaisir, Poissy Nord, Poissy Sud."},{"type":"del","content":""},{"type":"del","content":"DEPARTEMENT : DEUX-SEVRES"},{"type":"del","content":""},{"type":"del","content":"1e circonscription"},{"type":"del","content":""},{"type":"del","content":"COMPOSITION"},{"type":"del","content":""},{"type":"del","content":"Cantons de : Niort Est, Niort Nord, Niort Ouest, Prahecq."},{"type":"del","content":""},{"type":"del","content":"2e circonscription"},{"type":"del","content":""},{"type":"del","content":"Cantons de : Beauvoir-sur-Niort, Brioux-sur-Boutonne, Celles-sur-Belle, Chef-Boutonne, Frontenay-Rohan-Rohan, Lezay, Mauzé-sur-le-Mignon, Melle, La Mothe-Saint-Héray, Saint-Maixent-l'Ecole I, Saint-Maixent-l'Ecole II, Sauzé-Vaussais."},{"type":"del","content":""},{"type":"del","content":"3e circonscription"},{"type":"del","content":""},{"type":"del","content":"Cantons de: Airvault, Champdeniers-Saint-Denis, Coulonges-sur-l'Autize, Mazières-en-Gâtine, Ménigoute, Moncoutant, Parthenay, Saint-Loup-Lamairé, Secondigny, Thénezay."},{"type":"del","content":""},{"type":"del","content":"4e circonscription"},{"type":"del","content":""},{"type":"del","content":"Cantons de : Argenton-Château, Bressuire, Cerizay, Mauléon, Saint-Varent, Thouars I, Thouars II."},{"type":"del","content":""},{"type":"del","content":"DEPARTEMENT : SOMME"},{"type":"del","content":""},{"type":"del","content":"1e circonscription"},{"type":"del","content":""},{"type":"del","content":"COMPOSITION"},{"type":"del","content":""},{"type":"del","content":"Cantons de : Amiens I Ouest, Amiens II Nord-Ouest, Amiens IV Est, Amiens VIII Nord, Picquigny."},{"type":"del","content":""},{"type":"del","content":"2e circonscription"},{"type":"del","content":""},{"type":"del","content":"Cantons de : Amiens III Nord-Est, Amiens V Sud-Est, Amiens VI Sud, Amiens VII Sud-Ouest, Boves."},{"type":"del","content":""},{"type":"del","content":"3e circonscription"},{"type":"del","content":""},{"type":"del","content":"Cantons de : Ault, Friville-Escarbotin, Gamaches, Hallencourt, Hornoy-le-Bourg, Molliens-Dreuil, Moyenneville, Oisemont, Saint-Valery-sur-Somme."},{"type":"del","content":""},{"type":"del","content":"4e circonscription"},{"type":"del","content":""},{"type":"del","content":"Cantons de: Abbeville Nord, Abbeville Sud, Ailly-le-Haut-Clocher, Bernaville, Crécy-en-Ponthieu, Domart-en-Ponthieu, Doullens, Nouvion, Rue."},{"type":"del","content":""},{"type":"del","content":"5e circonscription"},{"type":"del","content":""},{"type":"del","content":"Cantons de : Acheux-en-Amiénois, Albert, Bray-sur-Somme, Chaulnes, Combles, Ham, Nesle, Péronne, Roisel."},{"type":"del","content":""},{"type":"del","content":"6e circonscription"},{"type":"del","content":""},{"type":"del","content":"Cantons de : Ailly-sur-Noye, Conty, Corbie, Montdidier, Moreuil, Poix-de-Picardie, Rosières-en-Santerre, Roye, Villers-Bocage."},{"type":"del","content":""},{"type":"del","content":"DEPARTEMENT : TARN"},{"type":"del","content":""},{"type":"del","content":"1e circonscription"},{"type":"del","content":""},{"type":"del","content":"COMPOSITION"},{"type":"del","content":""},{"type":"del","content":"Cantons de : Albi Nord-Est, Albi Nord-Ouest, Carmaux Nord, Carmaux Sud, Cordes (le canton de Cordes est devenu le canton de Cordes-sur-Ciel par suite du changement de nom de sa commune chef-lieu par décret du 26 mars 1993), Monestiés, Pampelonne, Valderiès, Valence-d'Albigeois, Vaour, Villefranche-d'Albigeois."},{"type":"del","content":""},{"type":"del","content":"2e circonscription"},{"type":"del","content":""},{"type":"del","content":"Cantons de : Albi Centre, Albi Sud (par décret du 21 février 1997 art. 1er, les cantons d'Albi Centre et d'Albi Sud ont été remodélés en quatre cantons : Albi Centre, Albi Est, Albi Ouest et Albi Sud), Cadalen, Castelnau-de-Montmiral, Gaillac, Graulhet, Lisle-sur-Tarn, Rabastens, Salvagnac."},{"type":"del","content":""},{"type":"del","content":"3e circonscription"},{"type":"del","content":""},{"type":"del","content":"Cantons de : Alban, Brassac, Castres Est, Castres Nord, Castres Sud (par décret du 21 février 1997 art. 2, les cantons de Castres Nord et de Castres Sud ont été remodelés en trois cantons :"},{"type":"del","content":""},{"type":"del","content":"Castres Nord, Castres Ouest et Castres Sud), Castres, Lacaune, Montredon-Labessonnié, Murat-sur-Vèbre, Réalmont, Roquecourbe, Vabre."},{"type":"del","content":""},{"type":"del","content":"4e circonscription"},{"type":"del","content":""},{"type":"del","content":"Cantons de : Anglès, Cuq-Toulza, Dourgne, Labruguière, Lautrec, Lavaur, Mazamet Nord-Est, Mazamet Sud-Ouest, Puylaurens, Saint-Amans-Soult, Saint-Paul-Cap-de-Joux, Vielmur-sur-Agout."},{"type":"del","content":""},{"type":"del","content":"DEPARTEMENT : TARN-ET-GARONNE"},{"type":"del","content":""},{"type":"del","content":"1e circonscription"},{"type":"del","content":""},{"type":"del","content":"COMPOSITION"},{"type":"del","content":""},{"type":"del","content":"Cantons de : Caussade, Caylus, Lafrançaise, Molières, Monclar-de-Quercy, Montauban I, Montauban II, Montauban III, Montauban IV (par décret n° 91-220 du 27 février 1991 art. 1er, en remplacement des cantons de Montauban I à IV, ont été créés six cantons dénommés Montauban I à VI), Montpezat-de-Quercy, Nègrepelisse, Saint-Antonin-Noble-Val, Villebrumier."},{"type":"del","content":""},{"type":"del","content":"2e circonscription"},{"type":"del","content":""},{"type":"del","content":"Cantons de : Auvillar, Beaumont-de-Lomagne, Bourg-de-Visa, Castelsarrasin I, Castelsarrasin II, Grisolles, Lauzerte, Lavit, Moissac I, Moissac II, Montech, Montaigu-de-Quercy, Saint-Nicolas-de-la-Grave, Valence, Verdun-sur-Garonne."},{"type":"del","content":""},{"type":"del","content":"DEPARTEMENT : VAR"},{"type":"del","content":""},{"type":"del","content":"1e circonscription"},{"type":"del","content":""},{"type":"del","content":"COMPOSITION"},{"type":"del","content":""},{"type":"del","content":"Cantons de : Toulon I, Toulon V, Toulon VI, Toulon VIII."},{"type":"del","content":""},{"type":"del","content":"2e circonscription"},{"type":"del","content":""},{"type":"del","content":"Cantons de : Toulon II, Toulon III, Toulon IV, Toulon VII, Toulon IX."},{"type":"del","content":""},{"type":"del","content":"3e circonscription"},{"type":"del","content":""},{"type":"del","content":"Cantons de : La Crau, Hyères (par décret n° 97-21 du 13 janvier 1997 art. 2, le canton de Hyères a été divisé en deux cantons dénommés \"Hyères Est\" et \"Hyères Ouest\"), La Valette-du-Var (par décret n° 97-21 du 13 janvier 1997 art. 1er, le canton de La Vallette-du-Var a été divisé en deux cantons dénommés \"La Garde\" et \"La Vallette-du-Var\")."},{"type":"del","content":""},{"type":"del","content":"4e circonscription"},{"type":"del","content":""},{"type":"del","content":"Cantons de : Aups, Collobrières, Draguignan, Grimaud, Lorgues, Le Luc, Saint-Tropez."},{"type":"del","content":""},{"type":"del","content":"5e circonscription"},{"type":"del","content":""},{"type":"del","content":"Cantons de : Callas, Comps-sur-Artuby, Fayence, Fréjus, Le Muy, Saint-Raphaël."},{"type":"del","content":""},{"type":"del","content":"6e circonscription"},{"type":"del","content":""},{"type":"del","content":"Cantons de : Barjols, Le Beausset, Besse-sur-Issole, Brignoles, Cotignac, Cuers, Rians, La Roquebrussanne, Saint-Maximin-la-Sainte-Baume, Salernes, Solliès-Pont, Tavernes."},{"type":"del","content":""},{"type":"del","content":"7e circonscription"},{"type":"del","content":""},{"type":"del","content":"Cantons de: Ollioules, Saint-Mandrier-sur-Mer, La Seyne sur-Mer, Six-Fours-les-Plages."},{"type":"del","content":""},{"type":"del","content":"DEPARTEMENT : VAUCLUSE"},{"type":"del","content":""},{"type":"del","content":"1e circonscription"},{"type":"del","content":""},{"type":"del","content":"COMPOSITION"},{"type":"del","content":""},{"type":"del","content":"Cantons de : Avignon Est, Avignon Nord, Avignon Ouest, Avignon Sud."},{"type":"del","content":""},{"type":"del","content":"2e circonscription"},{"type":"del","content":""},{"type":"del","content":"Cantons de : Apt, Bonnieux, Cadenet, Cavaillon, Gordes, L'Isle-sur-la-Sorgue, Pertuis."},{"type":"del","content":""},{"type":"del","content":"3e circonscription"},{"type":"del","content":""},{"type":"del","content":"Cantons de : Bédarrides, Carpentras Nord, Carpentras Sud, Mormoiron, Pernes-les-Fontaines, Sault."},{"type":"del","content":""},{"type":"del","content":"4e circonscription"},{"type":"del","content":""},{"type":"del","content":"Cantons de : Beaumes-de-Venise, Bollène, Malaucène, Orange Est, Orange Ouest, Vaison-la-Romaine, Valréas."},{"type":"del","content":""},{"type":"del","content":"DEPARTEMENT : VENDEE"},{"type":"del","content":""},{"type":"del","content":"1e circonscription"},{"type":"del","content":""},{"type":"del","content":"COMPOSITION"},{"type":"del","content":""},{"type":"del","content":"Cantons de : Challans, Les Essarts, Palluau, Le Poiré-sur-Vie, Rocheservière, La Roche-sur-Yon Nord."},{"type":"del","content":""},{"type":"del","content":"2e circonscription"},{"type":"del","content":""},{"type":"del","content":"Cantons de : Chantonnay, Mareuil-sur-Lay-Dissais, La Mothe-Achard, Moutiers-les-Mauxfaits, La Roche-sur-Yon Sud, Talmont-Saint-Hilaire."},{"type":"del","content":""},{"type":"del","content":"3e circonscription"},{"type":"del","content":""},{"type":"del","content":"Cantons de : Beauvoir-sur-Mer, L'Ile-d'Yeu, Noirmoutier-en-l'Ile, Les Sables-d'Olonne, Saint-Gilles-Croix-de-Vie, Saint-Jean-de-Monts."},{"type":"del","content":""},{"type":"del","content":"4e circonscription"},{"type":"del","content":""},{"type":"del","content":"Cantons de : Les Herbiers, Montaigu, Mortagne-sur-Sèvre, Pouzauges, Saint-Fulgent."},{"type":"del","content":""},{"type":"del","content":"5e circonscription"},{"type":"del","content":""},{"type":"del","content":"Cantons de : Chaillé-les-Marais, La Châtaigneraie, Fontenay-le-Comte, L'Hermenault, Luçon, Maillezais, Sainte-Hermine, Saint-Hilaire-des-Loges."},{"type":"del","content":""},{"type":"del","content":"DEPARTEMENT : VIENNE"},{"type":"del","content":""},{"type":"del","content":"1e circonscription"},{"type":"del","content":""},{"type":"del","content":"COMPOSITION"},{"type":"del","content":""},{"type":"del","content":"Cantons de : Mirebeau, Neuville-de-Poitou, Poitiers I, Poitiers II, Poitiers VII, Saint-Georges-lès-Baillargeaux, Saint-Julien-l'Ars, Vouneuil-sur-Vienne."},{"type":"del","content":""},{"type":"del","content":"2e circonscription"},{"type":"del","content":""},{"type":"del","content":"Cantons de : Poitiers III, Poitiers IV, Poitiers V, Poitiers VI, La Villedieu-du-Clain, Vivonne, Vouillé."},{"type":"del","content":""},{"type":"del","content":"3e circonscription"},{"type":"del","content":""},{"type":"del","content":"Cantons de : Availles-Limouzine, Charroux, Chauvigny, Civray, Couhé, Gençay, L'Isle-Jourdain, Lusignan, Lussac-les-Châteaux, Montmorillon, Saint-Savin, La Trimouille."},{"type":"del","content":""},{"type":"del","content":"Commune de La Puye."},{"type":"del","content":""},{"type":"del","content":"4e circonscription"},{"type":"del","content":""},{"type":"del","content":"Cantons de : Châtellerault Nord, Châtellerault Ouest, Châtellerault Sud, Dangé-Saint-Romain, Lencloître, Loudun, Moncontour, Monts-sur-Guesnes, Pleumartin (moins la commune de La Puye), Saint-Gervais-les-Trois-Clochers, Les Trois-Moutiers."},{"type":"del","content":""},{"type":"del","content":"DEPARTEMENT : HAUTE-VIENNE"},{"type":"del","content":""},{"type":"del","content":"1e circonscription"},{"type":"del","content":""},{"type":"del","content":"Cantons de : Limoges-Beaupuy, Limoges-Carnot, Limoges Centre, Limoges-Cité, Limoges-Condat, Limoges-Couzeix, Limoges-Emailleurs, Limoges-Puy-las-Rodas."},{"type":"del","content":""},{"type":"del","content":"2e circonscription"},{"type":"del","content":""},{"type":"del","content":"Cantons de : Aixe-sur-Vienne, Châlus, Nexon, Oradour-sur-Vayres, Pierre-Buffière, Rochechouart, Saint-Germain-les-Belles, Saint-Junien Est, Saint-Junien Ouest, Saint-Laurent-sur-Gorre, Saint-Mathieu, Saint-Yrieix-la-Perche."},{"type":"del","content":""},{"type":"del","content":"3e circonscription"},{"type":"del","content":""},{"type":"del","content":"Cantons de : Bellac, Bessines-sur-Gartempe, Châteauponsac, Le Dorat, Laurière, Limoges-Corgnac, Limoges-Isle, Limoges-Landouge, Magnac-Laval, Mézières-sur-Issoire, Nantiat, Nieul, Saint-Sulpice-les-Feuilles."},{"type":"del","content":""},{"type":"del","content":"4e circonscription"},{"type":"del","content":""},{"type":"del","content":"Cantons de : Ambazac, Châteauneuf-la-Forêt, Eymoutiers, Limoges-La-Bastide, Limoges-Grand-Treuil, Limoges-Le-Palais, Limoges-Panazol, Limoges-Vigenal, Saint-Léonard-de-Noblat."},{"type":"del","content":""},{"type":"del","content":"DEPARTEMENT : VOSGES"},{"type":"del","content":""},{"type":"del","content":"1e circonscription"},{"type":"del","content":""},{"type":"del","content":"COMPOSITION"},{"type":"del","content":""},{"type":"del","content":"Cantons de : Châtel-sur-Moselle, Epinal Est, Epinal Ouest, RamberviIlers, Xertigny."},{"type":"del","content":""},{"type":"del","content":"2e circonscription"},{"type":"del","content":""},{"type":"del","content":"Cantons de : Brouvelieures, Bruyères, Corcieux, Fraize, Provenchères-sur-Fave, Raon-l'Etape, Saint-Dié Est, Saint-Dié Ouest, Senones."},{"type":"del","content":""},{"type":"del","content":"3e circonscription"},{"type":"del","content":""},{"type":"del","content":"Cantons de : Gérardmer, Plombières-les-Bains, Remiremont, Saulxures-sur-Moselotte, Le Thillot."},{"type":"del","content":""},{"type":"del","content":"4e circonscription"},{"type":"del","content":""},{"type":"del","content":"Cantons de : Bains-les-Bains, Bulgnéville, Charmes, Châtenois, Coussey, Darney, Dompaire, Lamarche, Mirecourt, Monthureux-sur-Saône, Neufchâteau, Vittel."},{"type":"del","content":""},{"type":"del","content":"DEPARTEMENT : YONNE"},{"type":"del","content":""},{"type":"del","content":"1e circonscription"},{"type":"del","content":""},{"type":"del","content":"COMPOSITION"},{"type":"del","content":""},{"type":"del","content":"Cantons de : Aillant-sur-Tholon, Auxerre Est, Auxerre Nord-Ouest (par décret n° 91-221 du 27 février 1991 art. 1er, le canton d'Auxerre Nord-Ouest a été divisé en deux cantons dénommés Auxerre Nord et Auxerre Nord-ouest), Auxerre Sud-Ouest (par décret n° 91-221 du 27 février 1991 art. 2, le canton d'Auxerre Sud-Ouest été divisé en deux cantons dénommés Auxerre Sud et Auxerre Sud-Ouest), Bléneau, Chamy, Coulanges-la-Vineuse, Courson-les-Carrières, Saint-Fargeau, Saint-Sauveur-en-Puisaye, Toucy."},{"type":"del","content":""},{"type":"del","content":"Communes de : Andryes, Etais-la-Sauvin."},{"type":"del","content":""},{"type":"del","content":"2e circonscription"},{"type":"del","content":""},{"type":"del","content":"Cantons de : Ancy-le-Franc, Avallon, Chablis, Coulanges-sur-Yonne (moins les communes d'Andryes et d'Etais-la-Savin), Cruzy-le-Châtel, Flogny-la-Chapelle, Guillon, L'Isle-sur-Serein, Ligny-le-Châtel, Migennes, Noyers, Quarré-les-Tombes, Saint-Florentin, Seignelay, Tonnerre, Vermenton, Vézelay."},{"type":"del","content":""},{"type":"del","content":"3e circonscription"},{"type":"del","content":""},{"type":"del","content":"Cantons de : Brienon-sur-Armançon, Cerisiers, Chéroy, Joigny, Pont-sur-Yonne, Saint-Julien-du-Sault, Sens Nord-Est, Sens Ouest, Sens Sud-Est, Sergines, Villeneuve-l'Archevêque, Villeneuve-sur-Yonne."},{"type":"del","content":""},{"type":"del","content":"DEPARTEMENT : TERRITOIRE DE BELFORT"},{"type":"del","content":""},{"type":"del","content":"1e circonscription"},{"type":"del","content":""},{"type":"del","content":"COMPOSITION"},{"type":"del","content":""},{"type":"del","content":"Cantons : Beaucourt, Belfort Centre, Belfort Est, Danjoutin, Delle, Fontaine, Grandvillars."},{"type":"del","content":""},{"type":"del","content":"2e circonscription"},{"type":"del","content":""},{"type":"del","content":"Cantons : Belfort Nord, Belfort Ouest, Belfort Sud, Châtenois-les-Forges, Giromagny, Offemont, Rougemont-le-Château, Valdoie."},{"type":"del","content":""},{"type":"del","content":"DEPARTEMENT : ESSONNE"},{"type":"del","content":""},{"type":"del","content":"1e circonscription"},{"type":"del","content":""},{"type":"del","content":"COMPOSITION"},{"type":"del","content":""},{"type":"del","content":"Cantons de : Corbeil-Essonnes Est, Corbeil-Essonnes Ouest, Evry Nord, Evry Sud."},{"type":"del","content":""},{"type":"del","content":"2e circonscription"},{"type":"del","content":""},{"type":"del","content":"Cantons de : Etampes, La Ferté-Alais, Mennecy, Méréville, Milly-la-Forêt."},{"type":"del","content":""},{"type":"del","content":"3e circonscription"},{"type":"del","content":""},{"type":"del","content":"Cantons de : Arpajon, Brétigny-sur-Orge, Dourdan, Etréchy, Saint-Chéron."},{"type":"del","content":""},{"type":"del","content":"4e circonscription"},{"type":"del","content":""},{"type":"del","content":"Cantons de : Limours, Longjumeau, Montlhéry, Villebon-sur-Yvette."},{"type":"del","content":""},{"type":"del","content":"5e circonscription"},{"type":"del","content":""},{"type":"del","content":"Cantons de : Bièvres, Gif-sur-Yvette, Orsay, Les Ulis."},{"type":"del","content":""},{"type":"del","content":"6e circonscription"},{"type":"del","content":""},{"type":"del","content":"Cantons de : Chilly-Mazarin, Massy Est, Massy Ouest, Palaiseau."},{"type":"del","content":""},{"type":"del","content":"7e circonscription"},{"type":"del","content":""},{"type":"del","content":"Cantons de : Athis-Mons, Juvisy-sur-Orge, Savigny-sur-Orge, Viry-Châtillon."},{"type":"del","content":""},{"type":"del","content":"8e circonscription"},{"type":"del","content":""},{"type":"del","content":"Cantons de : Brunoy, Montgeron, Vigneux-sur-Seine, Yerres."},{"type":"del","content":""},{"type":"del","content":"9e circonscription"},{"type":"del","content":""},{"type":"del","content":"Cantons de: Draveil, Epinay-sous-Sénart, Ris-Orangis, Saint-Germain-lès-Corbeil."},{"type":"del","content":""},{"type":"del","content":"10e circonscription"},{"type":"del","content":""},{"type":"del","content":"Cantons de: Grigny, Morsang-sur-Orge, Sainte-Geneviève-des-Bois, Saint-Michel-sur-Orge."},{"type":"del","content":""},{"type":"del","content":"DEPARTEMENT : HAUTS-DE-SEINE"},{"type":"del","content":""},{"type":"del","content":"1e circonscription"},{"type":"del","content":""},{"type":"del","content":"COMPOSITION"},{"type":"del","content":""},{"type":"del","content":"Cantons de : Colombes Nord-Est, Colombes Nord-Ouest, Gennevilliers Nord, Gennevilliers Sud, Villeneuve-la-Garenne."},{"type":"del","content":""},{"type":"del","content":"2e circonscription"},{"type":"del","content":""},{"type":"del","content":"Cantons de : Asnières-sur-Seine Nord, Asnières-sur-Seine Sud, Colombes Sud."},{"type":"del","content":""},{"type":"del","content":"3e circonscription"},{"type":"del","content":""},{"type":"del","content":"Cantons de: Bois-Colombes, Courbevoie Nord, Courbevoie Sud, La Garenne-Colombes."},{"type":"del","content":""},{"type":"del","content":"4e circonscription"},{"type":"del","content":""},{"type":"del","content":"Cantons de : Nanterre Nord, Nanterre Sud-Est, Nanterre Sud-Ouest, Suresnes."},{"type":"del","content":""},{"type":"del","content":"5e circonscription"},{"type":"del","content":""},{"type":"del","content":"Cantons de : Clichy, Levallois-Perret Nord, Levallois-Perret Sud."},{"type":"del","content":""},{"type":"del","content":"6e circonscription"},{"type":"del","content":""},{"type":"del","content":"Cantons de : Neuilly-sur-Seine Nord, Neuilly-sur-Seine Sud, Puteaux."},{"type":"del","content":""},{"type":"del","content":"7e circonscription"},{"type":"del","content":""},{"type":"del","content":"Cantons de : Garches, Rueil-Malmaison, Saint-Cloud."},{"type":"del","content":""},{"type":"del","content":"8e circonscription"},{"type":"del","content":""},{"type":"del","content":"Cantons de: Chaville, Meudon, Sèvres."},{"type":"del","content":""},{"type":"del","content":"9e circonscription"},{"type":"del","content":""},{"type":"del","content":"Cantons de : Boulogne-Billancourt Nord-Est, Boulogne-Billancourt Nord-Ouest, Boulogne-Billancourt Sud (partie située au nord d'une ligne définie par l'axe des voies ci-après : rue Yves-Kermen, avenue Pierre-Grenier, boulevard de la République jusqu'au pont d'Issy)."},{"type":"del","content":""},{"type":"del","content":"10e circonscription"},{"type":"del","content":""},{"type":"del","content":"Cantons de : Boulogne-Billancourt Sud (partie non comprise dans la 9, circonscription), Issy-les-Moulineaux Est, Issy-les-Moulineaux Ouest, Vanves."},{"type":"del","content":""},{"type":"del","content":"11e circonscription"},{"type":"del","content":""},{"type":"del","content":"Cantons de : Bagneux, Malakoff, Montrouge."},{"type":"del","content":""},{"type":"del","content":"12e circonscription"},{"type":"del","content":""},{"type":"del","content":"Cantons de : Châtillon, Clamart, Fontenay-aux-Roses, Le Plessis-Robinson."},{"type":"del","content":""},{"type":"del","content":"13e circonscription"},{"type":"del","content":""},{"type":"del","content":"Cantons de : Antony, Bourg-la-Reine, Châtenay-Malabry, Sceaux."},{"type":"del","content":""},{"type":"del","content":"DEPARTEMENT : SEINE-SAINT-DENIS"},{"type":"del","content":""},{"type":"del","content":"1e circonscription"},{"type":"del","content":""},{"type":"del","content":"COMPOSITION :"},{"type":"del","content":""},{"type":"del","content":"Cantons de : Epinay-sur-Seine, Saint-Denis Sud, Saint Ouen."},{"type":"del","content":""},{"type":"del","content":"2e circonscription"},{"type":"del","content":""},{"type":"del","content":"Cantons de : Pierrefitte-sur-Seine, Saint-Denis Nord-Est, Saint-Denis Nord-Ouest."},{"type":"del","content":""},{"type":"del","content":"3e circonscription"},{"type":"del","content":""},{"type":"del","content":"Cantons de : Aubervilliers Est, Aubervilliers Ouest, La Courneuve."},{"type":"del","content":""},{"type":"del","content":"Commune du Bourget."},{"type":"del","content":""},{"type":"del","content":"4e circonscription"},{"type":"del","content":""},{"type":"del","content":"Cantons de : Le Blanc-Mesnil, Stains."},{"type":"del","content":""},{"type":"del","content":"Commune de Dugny."},{"type":"del","content":""},{"type":"del","content":"5e circonscription"},{"type":"del","content":""},{"type":"del","content":"Canton de Bobigny."},{"type":"del","content":""},{"type":"del","content":"Commune de Drancy."},{"type":"del","content":""},{"type":"del","content":"6e circonscription"},{"type":"del","content":""},{"type":"del","content":"Cantons de : Bagnolet, Les Lilas, Pantin Est, Pantin Ouest."},{"type":"del","content":""},{"type":"del","content":"7e circonscription"},{"type":"del","content":""},{"type":"del","content":"Cantons de : Montreuil Est, Montreuil Nord, Montreuil Ouest."},{"type":"del","content":""},{"type":"del","content":"8e circonscription"},{"type":"del","content":""},{"type":"del","content":"Cantons de : Gagny, Rosny-sous-Bois, Villemomble."},{"type":"del","content":""},{"type":"del","content":"9e circonscription"},{"type":"del","content":""},{"type":"del","content":"Cantons de : Bondy Nord-Ouest, Bondy Sud-Est, Noisy-le-Sec, Romainville."},{"type":"del","content":""},{"type":"del","content":"10e circonscription"},{"type":"del","content":""},{"type":"del","content":"Cantons de : Aulnay-sous-Bois Nord, Aulnay-sous-Bois Sud, Les Pavillons-sous-Bois."},{"type":"del","content":""},{"type":"del","content":"11e circonscription"},{"type":"del","content":""},{"type":"del","content":"Cantons de : Sevran, Tremblay-lès-Gonesse, Villepinte."},{"type":"del","content":""},{"type":"del","content":"12e circonscription"},{"type":"del","content":""},{"type":"del","content":"Cantons de : Livry-Gargan, Montfermeil, Le Raincy."},{"type":"del","content":""},{"type":"del","content":"13e circonscription"},{"type":"del","content":""},{"type":"del","content":"Cantons de : Neuilly-Plaisance, Neuilly-sur-Marne, Noisy-le-Grand."},{"type":"del","content":""},{"type":"del","content":"DEPARTEMENT : VAL-DE-MARNE"},{"type":"del","content":""},{"type":"del","content":"1e circonscription"},{"type":"del","content":""},{"type":"del","content":"COMPOSITION"},{"type":"del","content":""},{"type":"del","content":"Cantons de : Bonneuil-sur-Marne, Créteil Nord, Saint-Maur-des-Fossés Centre, Saint-Maur-La-Varenne."},{"type":"del","content":""},{"type":"del","content":"2e circonscription"},{"type":"del","content":""},{"type":"del","content":"Cantons de : Choisy-le-Roi, Créteil Ouest, Créteil Sud, Orly."},{"type":"del","content":""},{"type":"del","content":"3e circonscription"},{"type":"del","content":""},{"type":"del","content":"Cantons de : Boissy-Saint-Léger, Valenton, Villecresnes, Villeneuve-le-Roi, Villeneuve-Saint-Georges."},{"type":"del","content":""},{"type":"del","content":"4e circonscription"},{"type":"del","content":""},{"type":"del","content":"Cantons de : Chennevières-sur-Marne, Ormesson-sur-Marne, Sucy-en-Brie, Villiers-sur-Marne."},{"type":"del","content":""},{"type":"del","content":"5e circonscription"},{"type":"del","content":""},{"type":"del","content":"Cantons de : Bry-sur-Marne, Champigny-sur-Marne Centre, Champigny-sur-Marne Est, Le Perreux-sur-Marne."},{"type":"del","content":""},{"type":"del","content":"6e circonscription"},{"type":"del","content":""},{"type":"del","content":"Cantons de : Fontenay-sous-Bois Est, Fontenay-sous-Bois Ouest, Saint-Mandé, Vincennes Est, Vincennes Ouest."},{"type":"del","content":""},{"type":"del","content":"7e circonscription"},{"type":"del","content":""},{"type":"del","content":"Cantons de : Champigny-sur-Marne Ouest, Joinville-le-Pont, Nogent-sur-Marne, Saint-Maur-des-Fossés Ouest."},{"type":"del","content":""},{"type":"del","content":"8e circonscription"},{"type":"del","content":""},{"type":"del","content":"Cantons de : Charenton-le-Pont, Maisons-Alfort Nord, Maisons-Alfort Sud."},{"type":"del","content":""},{"type":"del","content":"9e circonscription"},{"type":"del","content":""},{"type":"del","content":"Cantons de : Alfortville Nord, Alfortville Sud, Vitry-sur-Seine Est, Vitry-sur-Seine Ouest."},{"type":"del","content":""},{"type":"del","content":"10e circonscription"},{"type":"del","content":""},{"type":"del","content":"Cantons de : Ivry-sur-Seine Est, Ivry-sur-Seine Ouest, Le Kremlin-Bicêtre, Vitry-sur-Seine Nord."},{"type":"del","content":""},{"type":"del","content":"11e circonscription"},{"type":"del","content":""},{"type":"del","content":"Composition"},{"type":"del","content":""},{"type":"del","content":"Cantons de : Arcueil, Cachan, Villejuif Est, Villejuif Ouest."},{"type":"del","content":""},{"type":"del","content":"12e circonscription"},{"type":"del","content":""},{"type":"del","content":"Composition"},{"type":"del","content":""},{"type":"del","content":"Cantons de : Chevilly-Larue, Fresnes, L'Hay-les-Roses, Thiais."},{"type":"del","content":""},{"type":"del","content":"DEPARTEMENT : VAL-D'OISE"},{"type":"del","content":""},{"type":"del","content":"1e circonscription"},{"type":"del","content":""},{"type":"del","content":"Cantons de : Beaumont-sur-Oise, Magny-en-Vexin, Marines, Pontoise, La Vallée-du-Sausseron, Vigny."},{"type":"del","content":""},{"type":"del","content":"2e circonscription"},{"type":"del","content":""},{"type":"del","content":"Cantons de : Cergy Nord, Cergy Sud, L'Hautil, L'Isle-Adam, Saint-Ouen-l'Aumône."},{"type":"del","content":""},{"type":"del","content":"3e circonscription"},{"type":"del","content":""},{"type":"del","content":"Cantons de : Beauchamp, Cormeilles-en-Parisis, Herblay, Taverny."},{"type":"del","content":""},{"type":"del","content":"4e circonscription"},{"type":"del","content":""},{"type":"del","content":"Cantons de : Eaubonne, Ermont, Franconville, Saint-Leu-la-Forêt."},{"type":"del","content":""},{"type":"del","content":"5e circonscription"},{"type":"del","content":""},{"type":"del","content":"Cantons de : Argenteuil Est, Argenteuil Nord, Argenteuil Ouest, Bezons."},{"type":"del","content":""},{"type":"del","content":"6e circonscription"},{"type":"del","content":""},{"type":"del","content":"Cantons de : Enghien-les-Bains, Saint-Gratien, Sannois, Soisy-sous-Montmorency."},{"type":"del","content":""},{"type":"del","content":"7e circonscription"},{"type":"del","content":""},{"type":"del","content":"Cantons de : Domont, Ecouen, Montmorency, Sarcelles Sud-Ouest, Viarmes."},{"type":"del","content":""},{"type":"del","content":"8e circonscription"},{"type":"del","content":""},{"type":"del","content":"Cantons de : Garges-lès-Gonesse Est, Garges-lès-Gonesse Ouest, Sarcelles Nord-Est, Villiers-le-Bel."},{"type":"del","content":""},{"type":"del","content":"9e circonscription"},{"type":"del","content":""},{"type":"del","content":"Cantons de : Gonesse, Goussainville, Luzarches."},{"type":"del","content":""},{"type":"del","content":"DEPARTEMENT : GUADELOUPE"},{"type":"del","content":""},{"type":"del","content":"1e circonscription"},{"type":"del","content":""},{"type":"del","content":"COMPOSITION"},{"type":"del","content":""},{"type":"del","content":"Cantons de : Les Abymes I, Les Abymes II, Les Abymes III, Les Abymes IV, Les Abymes V, Capesterre-de-Marie-Galante, Grand-Bourg, Pointe-à-Pitre I, Pointe-à-Pitre II, Pointe-à-Pitre III, Saint-Louis."},{"type":"del","content":""},{"type":"del","content":"2e circonscription"},{"type":"del","content":""},{"type":"del","content":"Cantons de : La Désirade, Le Gosier I, Le Gosier II, Morne-à-l'Eau I, Morne-à-l'Eau II, Le Moule I, Le Moule II, Petit-Canal, Port-Louis, Saint-François, Sainte-Anne I, Sainte-Anne II."},{"type":"del","content":""},{"type":"del","content":"3e circonscription"},{"type":"del","content":""},{"type":"del","content":"Cantons de : Baie-Mahault, Capesterre-Belle-Eau I, Capesterre-Belle-Eau II, Goyave, Lamentin, Petit-Bourg, Pointe-Noire, Sainte-Rose I, Sainte-Rose II."},{"type":"del","content":""},{"type":"del","content":"4e circonscription"},{"type":"del","content":""},{"type":"del","content":"Cantons de : Basse-Terre I, Basse-Terre II, Bouillante, Gourbeyre, Saint-Barthélemy, Saint-Claude, Saint-Martin, (par décret n° 91-232 du 28 février 1991 (art. 1er), le canton de Saint-Martin a été divisé en deux cantons dénommés Saint-Martin I et Saint-Martin II)."},{"type":"del","content":""},{"type":"del","content":"Les Saintes, Trois-Rivières, Vieux-Habitants."},{"type":"del","content":""},{"type":"del","content":"DEPARTEMENT : GUYANE"},{"type":"del","content":""},{"type":"del","content":"1e circonscription"},{"type":"del","content":""},{"type":"del","content":"COMPOSITION"},{"type":"del","content":""},{"type":"del","content":"Cantons de : Cayenne I, Cayenne II, Cayenne III, Cayenne IV, Cayenne V, Cayenne VI, Macouria."},{"type":"del","content":""},{"type":"del","content":"2e circonscription"},{"type":"del","content":""},{"type":"del","content":"Cantons de : Approuague-Kaw, Iracoubo, Kourou, Mana, Maripasoula, Matoury, Montsinéry-Tonnégrande, L'Oyapok, Rémire-Montjoly, Roura, Saint-Laurent-du-Maroni, Sinnamary."},{"type":"del","content":""},{"type":"del","content":"DEPARTEMENT : MARTINIQUE"},{"type":"del","content":""},{"type":"del","content":"1e circonscription"},{"type":"del","content":""},{"type":"del","content":"COMPOSITION"},{"type":"del","content":""},{"type":"del","content":"Cantons de : L'Ajoupa-Bouillon, Basse-Pointe, Macouba, Gros-Morne, Le Lorrain, Le Marigot, Saint-Joseph, Sainte-Marie I, Sainte-Marie II, La Trinité."},{"type":"del","content":""},{"type":"del","content":"2e circonscription"},{"type":"del","content":""},{"type":"del","content":"Cantons de : Case-Pilote, Le Carbet, Fort-de-France I, Fort-de-France II, Fort-de-France III, Fort-de-France IX, Fort-de-France X, Le Morne-Rouge, Le Prêcheur, Saint-Pierre, Schoelcher I, Schoelcher II."},{"type":"del","content":""},{"type":"del","content":"3e circonscription"},{"type":"del","content":""},{"type":"del","content":"Cantons de : Fort-de-France IV, Fort-de-France V, Fort-de-France VI, Fort-de-France VII, Fort-de-France VIII, Le Lamentin I, Le Lamentin II, Le Lamentin III."},{"type":"del","content":""},{"type":"del","content":"4e circonscription"},{"type":"del","content":""},{"type":"del","content":"Cantons de : Les Anses-d'Arlets, Le Diamant, Ducos, Le François I, Le François II, Le Marin, Rivière-Pilote, Rivière-Salée, Le Robert I, Le Robert II, Saint-Esprit, Sainte-Anne, Sainte-Luce, Les Trois-Ilets, Le Vauclin."},{"type":"del","content":""},{"type":"del","content":"DEPARTEMENT : REUNION"},{"type":"del","content":""},{"type":"del","content":"1e circonscription"},{"type":"del","content":""},{"type":"del","content":"COMPOSITION"},{"type":"del","content":""},{"type":"del","content":"Cantons de : Saint-Denis I, Saint-Denis II, Saint-Denis III, Saint-Denis IV (par décret n° 88-400 du 21 avril 1988 art. 4, en remplacement des cantons de Saint-Denis I à IV, ont été créés neuf cantons dénommés Saint-Denis I à IX)."},{"type":"del","content":""},{"type":"del","content":"2e circonscription"},{"type":"del","content":""},{"type":"del","content":"Cantons de : La Possession, Le Port (par décret n° 88-400 du 21 avril 1988 art. 1er, le canton du Port a été divisé en deux cantons dénommés Le Port I et Le Port II), Saint-Paul I, Saint-Paul II, Saint-Paul III (Par décret n° 91-231 du 28 février 1991 art. 3, en remplacement des cantons de Saint-Paul I à III, ont été créés cinq cantons dénommés Saint-Paul I à V), Les Trois-Bassins."},{"type":"del","content":""},{"type":"del","content":"3e circonscription"},{"type":"del","content":""},{"type":"del","content":"Cantons de : Les Avirons, Cilaos, Entre-Deux, L'Etang-Salé, Saint-Leu I, Saint-Leu II, Saint-Louis I, Saint-Louis II, Le Tampon I, Le Tampon II (par décret n° 88-400 du 21 avril 1988 art. 2, en remplacement des cantons du Tampon I et du Tampon II, ont été créés trois cantons dénommés Le Tampon I à III. Par décret du 27 février 1997 art. 3, les cantons du Tampon I et du Tampon III ont été remodelés en trois cantons dénommés \"Le Tampon I\", \"Le Tampon III\" et \"Le Tampon IV\")."},{"type":"del","content":""},{"type":"del","content":"4e circonscription"},{"type":"del","content":""},{"type":"del","content":"Cantons de: Petite-Ile, Saint-Joseph I, Saint-Joseph II, Saint-Philippe, Saint-Pierre I, Saint-Pierre II, Saint-Pierre III (par décret n° 88-400 du 21 avril 1988 art. 3, le canton de Saint-Pierre III a été divisé en deux cantons dénommés Saint-Pierre III et Saint-Pierre IV), Sainte-Rose)."},{"type":"del","content":""},{"type":"del","content":"5e circonscription"},{"type":"del","content":""},{"type":"del","content":"Cantons de : Bras-Panon, La Plaine-des-Palmistes, Saint-André (par décret du 27 février 1997 art. 1er, le canton de Saint-André I a été divisé en deux cantons dénommés \"Saint-André I\" et \"Saint-André III\"), Saint-André II, Saint-Benoît (par décret n° 91-231 du 28 février 1991 art. 1, le canton de Saint-Benoît a été divisé en deux cantons dénommés Saint-Benoît I et Saint-Benoît II), Sainte-Marie, Sainte-Suzanne, Salazie."},{"type":"add","content":""},{"type":"add","content":""},{"type":"add","content":""},{"type":"add","content":""},{"type":"add","content":"Seine-et-Marne"},{"type":"add","content":""},{"type":"add","content":""},{"type":"add","content":""},{"type":"add","content":""},{"type":"add","content":"1re circonscription"},{"type":"add","content":""},{"type":"add","content":"Cantons de : Melun Sud, Perthes, Savigny-le-Temple (par décret n° 91-219 du 27 février 1991 art. 2, le canton de Savigny-le-Temple a été divisé en deux cantons : Le Mée-sur-Seine et Savigny-le-Temple)."},{"type":"add","content":""},{"type":"add","content":""},{"type":"add","content":""},{"type":"add","content":"2e circonscription"},{"type":"add","content":""},{"type":"add","content":"Cantons de : La Chapelle-la-Reine, Château-Landon, Fontainebleau, Lorrez-le-Bocage-Préaux, Nemours."},{"type":"add","content":""},{"type":"add","content":""},{"type":"add","content":""},{"type":"add","content":"3e circonscription"},{"type":"add","content":""},{"type":"add","content":"Le Châtelet-en-Brie, Melun Nord, Montereau-Faut-Yonne, Moret-sur-Loing."},{"type":"add","content":""},{"type":"add","content":""},{"type":"add","content":""},{"type":"add","content":"4e circonscription"},{"type":"add","content":""},{"type":"add","content":"Cantons de : Bray-sur-Seine, Donnemarie-Dontilly, La Ferté-Gaucher, Nangis, Provins, Rebais, Rozay-en-Brie, Villiers-Saint-Georges."},{"type":"add","content":""},{"type":"add","content":""},{"type":"add","content":""},{"type":"add","content":"5e circonscription"},{"type":"add","content":""},{"type":"add","content":"Cantons de : Coulommiers, Crécy-la-Chapelle (le canton de Crécy-la-Chapelle a été remodelé par décret n° 93-260 du 26 février 1993. En conséquence, les communes de Bailly-Romainvilliers, Magny-le-Hongre et Serris en ont été détachées pour faire partie du canton créé de Thorigny-sur-Marne. Ces communes continuent néanmoins à être incluses dans la 5e circonscription), La Ferté-sous-Jouarre, Meaux Sud."},{"type":"add","content":""},{"type":"add","content":""},{"type":"add","content":""},{"type":"add","content":"6e circonscription"},{"type":"add","content":""},{"type":"add","content":"Cantons de : Dammartin-en-Goële, Lizy-sur-Ourcq, Meaux Nord, Mitry-Mory."},{"type":"add","content":""},{"type":"add","content":""},{"type":"add","content":""},{"type":"add","content":"7e circonscription"},{"type":"add","content":""},{"type":"add","content":"Cantons de : Chelles, Claye-Souilly, Lagny-sur-Marne pour les communes de Gouvernes, Lagny-sur-Marne, Pomponne, Saint-Thibault-des-Vignes (aux termes du décret n° 93-260 du 26 février 1993, les communes ici énumérées forment désormais l'intégralité du canton de Lagny-sur-Marne), Vaires-sur-Marne."},{"type":"add","content":""},{"type":"add","content":""},{"type":"add","content":""},{"type":"add","content":"8e circonscription"},{"type":"add","content":""},{"type":"add","content":"Cantons de : Champs-sur-Marne, Lagny-sur-Marne (pour les communes de Carnetin, Chalifert, Chanteloup, Chessy, Conches, Coupvray, Dampmart, Guermantes, Jossigny, Lesches, Montévrain, Thorigny-sur-Marne) (les communes énumérées ici constituent le canton de Thorigny-sur-Marne, créé par le décret n° 93-260 du 26 février 1993 art. 1er, avec trois communes supplémentaires détachées du canton de Crécy-la-Chapelle (cf. ci-dessus note 2). La 8e circonscription comprend donc désormais les cantons de Champs-sur-Marne, Noisiel, Roissy-en-Brie dont la dénomination a été modifiée par décret du 21 juin 1988), Thorigny-sur-Marne (moins les communes de Bailly-Romainvilliers, Magny-le-Hongre et Serris) et Torcy), Noisiel, Roissy, Torcy."},{"type":"add","content":""},{"type":"add","content":""},{"type":"add","content":""},{"type":"add","content":"9e circonscription"},{"type":"add","content":""},{"type":"add","content":"Cantons de : Brie-Comte-Robert (par décret n° 91-219 du 27 février 1991 art. 1er, le canton de Brie-Comte-Robert a été divisé en deux cantons : Brie-Comte-Robert et Combs-la-Ville), Mormant, Pontault-Combault, Tournan-en-Brie."},{"type":"add","content":""},{"type":"add","content":""},{"type":"add","content":""},{"type":"add","content":"Yvelines"},{"type":"add","content":""},{"type":"add","content":""},{"type":"add","content":""},{"type":"add","content":""},{"type":"add","content":"1re circonscription"},{"type":"add","content":""},{"type":"add","content":"Cantons de : Versailles Nord, Versailles Nord-Ouest, Versailles Ouest (par décret n° 91-222 du 27 février 1991 art. 1er et 2, les cantons de Versailles Nord-Ouest et de Versailles Ouest ont été remplacés par les cantons de Montigny-le-Bretonneux et Versailles Nord-Ouest), Viroflay."},{"type":"add","content":""},{"type":"add","content":""},{"type":"add","content":""},{"type":"add","content":"2e circonscription"},{"type":"add","content":""},{"type":"add","content":"Cantons de : Chevreuse, Vélizy-Villacoublay, Versailles Sud."},{"type":"add","content":""},{"type":"add","content":""},{"type":"add","content":""},{"type":"add","content":"3e circonscription"},{"type":"add","content":""},{"type":"add","content":"Cantons de : La Celle-Saint-Cloud, Le Chesnay, Saint-Nom-la-Bretèche."},{"type":"add","content":""},{"type":"add","content":""},{"type":"add","content":""},{"type":"add","content":"4e circonscription"},{"type":"add","content":""},{"type":"add","content":"Cantons de : Chatou, Houilles, Marly-le-Roi."},{"type":"add","content":""},{"type":"add","content":""},{"type":"add","content":""},{"type":"add","content":"5e circonscription"},{"type":"add","content":""},{"type":"add","content":"Cantons de Maisons-Laffitte, Sartrouville, Le Vésinet."},{"type":"add","content":""},{"type":"add","content":""},{"type":"add","content":""},{"type":"add","content":"6e circonscription"},{"type":"add","content":""},{"type":"add","content":"Cantons de : Le Pecq, Saint-Germain-en-Laye Nord, Saint-Germain-en-Laye Sud."},{"type":"add","content":""},{"type":"add","content":""},{"type":"add","content":""},{"type":"add","content":"7e circonscription"},{"type":"add","content":""},{"type":"add","content":"Cantons de: Andrésy, Conflans-Sainte-Honorine, Meulan (moins les communes des Mureaux et de Chapet), Triel-sur-Seine."},{"type":"add","content":""},{"type":"add","content":""},{"type":"add","content":""},{"type":"add","content":"8e circonscription"},{"type":"add","content":""},{"type":"add","content":"Cantons de: Limay, Mantes-la-Jolie, Mantes-la-Ville."},{"type":"add","content":""},{"type":"add","content":""},{"type":"add","content":""},{"type":"add","content":"9e circonscription"},{"type":"add","content":""},{"type":"add","content":""},{"type":"add","content":"Cantons de: Aubergenville, Bonnières-sur-Seine, Guerville, Houdan."},{"type":"add","content":"Communes de : Les Mureaux, Chapet."},{"type":"add","content":""},{"type":"add","content":""},{"type":"add","content":""},{"type":"add","content":""},{"type":"add","content":"10e circonscription"},{"type":"add","content":""},{"type":"add","content":"Cantons de : Monfort-l'Amaury, Rambouillet, Saint-Arnoult-en-Yvelines, Maurepas (moins les communes d'Elancourt et de La Verrière)."},{"type":"add","content":""},{"type":"add","content":""},{"type":"add","content":""},{"type":"add","content":"11e circonscription"},{"type":"add","content":""},{"type":"add","content":""},{"type":"add","content":"Cantons de : Saint-Cyr-l'Ecole, Trappes."},{"type":"add","content":"Communes de : Elancourt, La Verrière."},{"type":"add","content":""},{"type":"add","content":""},{"type":"add","content":""},{"type":"add","content":""},{"type":"add","content":"12e circonscription"},{"type":"add","content":""},{"type":"add","content":"Cantons de : Plaisir, Poissy Nord, Poissy Sud."},{"type":"add","content":""},{"type":"add","content":""},{"type":"add","content":""},{"type":"add","content":"Deux-Sèvres"},{"type":"add","content":""},{"type":"add","content":""},{"type":"add","content":""},{"type":"add","content":""},{"type":"add","content":"1re circonscription"},{"type":"add","content":""},{"type":"add","content":"Cantons de : Niort Est, Niort Nord, Niort Ouest, Prahecq."},{"type":"add","content":""},{"type":"add","content":""},{"type":"add","content":""},{"type":"add","content":"2e circonscription"},{"type":"add","content":""},{"type":"add","content":"Cantons de : Beauvoir-sur-Niort, Brioux-sur-Boutonne, Celles-sur-Belle, Chef-Boutonne, Frontenay-Rohan-Rohan, Lezay, Mauzé-sur-le-Mignon, Melle, La Mothe-Saint-Héray, Saint-Maixent-l'Ecole I, Saint-Maixent-l'Ecole II, Sauzé-Vaussais."},{"type":"add","content":""},{"type":"add","content":""},{"type":"add","content":""},{"type":"add","content":"3e circonscription"},{"type":"add","content":""},{"type":"add","content":"Cantons de: Airvault, Champdeniers-Saint-Denis, Coulonges-sur-l'Autize, Mazières-en-Gâtine, Ménigoute, Moncoutant, Parthenay, Saint-Loup-Lamairé, Secondigny, Thénezay."},{"type":"add","content":""},{"type":"add","content":""},{"type":"add","content":""},{"type":"add","content":"4e circonscription"},{"type":"add","content":""},{"type":"add","content":"Cantons de : Argenton-Château, Bressuire, Cerizay, Mauléon, Saint-Varent, Thouars I, Thouars II."},{"type":"add","content":""},{"type":"add","content":""},{"type":"add","content":""},{"type":"add","content":"Somme"},{"type":"add","content":""},{"type":"add","content":""},{"type":"add","content":""},{"type":"add","content":""},{"type":"add","content":"1re circonscription"},{"type":"add","content":""},{"type":"add","content":"Cantons de : Amiens I Ouest, Amiens II Nord-Ouest, Amiens IV Est, Amiens VIII Nord, Picquigny."},{"type":"add","content":""},{"type":"add","content":""},{"type":"add","content":""},{"type":"add","content":"2e circonscription"},{"type":"add","content":""},{"type":"add","content":"Cantons de : Amiens III Nord-Est, Amiens V Sud-Est, Amiens VI Sud, Amiens VII Sud-Ouest, Boves."},{"type":"add","content":""},{"type":"add","content":""},{"type":"add","content":""},{"type":"add","content":"3e circonscription"},{"type":"add","content":""},{"type":"add","content":"Cantons de : Ault, Friville-Escarbotin, Gamaches, Hallencourt, Hornoy-le-Bourg, Molliens-Dreuil, Moyenneville, Oisemont, Saint-Valery-sur-Somme."},{"type":"add","content":""},{"type":"add","content":""},{"type":"add","content":""},{"type":"add","content":"4e circonscription"},{"type":"add","content":""},{"type":"add","content":"Cantons de: Abbeville Nord, Abbeville Sud, Ailly-le-Haut-Clocher, Bernaville, Crécy-en-Ponthieu, Domart-en-Ponthieu, Doullens, Nouvion, Rue."},{"type":"add","content":""},{"type":"add","content":""},{"type":"add","content":""},{"type":"add","content":"5e circonscription"},{"type":"add","content":""},{"type":"add","content":"Cantons de : Acheux-en-Amiénois, Albert, Bray-sur-Somme, Chaulnes, Combles, Ham, Nesle, Péronne, Roisel."},{"type":"add","content":""},{"type":"add","content":""},{"type":"add","content":""},{"type":"add","content":"6e circonscription"},{"type":"add","content":""},{"type":"add","content":"Cantons de : Ailly-sur-Noye, Conty, Corbie, Montdidier, Moreuil, Poix-de-Picardie, Rosières-en-Santerre, Roye, Villers-Bocage."},{"type":"add","content":""},{"type":"add","content":""},{"type":"add","content":""},{"type":"add","content":"Tarn"},{"type":"add","content":""},{"type":"add","content":""},{"type":"add","content":""},{"type":"add","content":""},{"type":"add","content":"1re circonscription"},{"type":"add","content":""},{"type":"add","content":"Cantons de : Albi Nord-Est, Albi Nord-Ouest, Carmaux Nord, Carmaux Sud, Cordes (le canton de Cordes est devenu le canton de Cordes-sur-Ciel par suite du changement de nom de sa commune chef-lieu par décret du 26 mars 1993), Monestiés, Pampelonne, Valderiès, Valence-d'Albigeois, Vaour, Villefranche-d'Albigeois."},{"type":"add","content":""},{"type":"add","content":""},{"type":"add","content":""},{"type":"add","content":"2e circonscription"},{"type":"add","content":""},{"type":"add","content":"Cantons de : Albi Centre, Albi Sud (par décret du 21 février 1997 art. 1er, les cantons d'Albi Centre et d'Albi Sud ont été remodélés en quatre cantons : Albi Centre, Albi Est, Albi Ouest et Albi Sud), Cadalen, Castelnau-de-Montmiral, Gaillac, Graulhet, Lisle-sur-Tarn, Rabastens, Salvagnac."},{"type":"add","content":""},{"type":"add","content":""},{"type":"add","content":""},{"type":"add","content":"3e circonscription"},{"type":"add","content":""},{"type":"add","content":"Cantons de : Alban, Brassac, Castres Est, Castres Nord, Castres Sud (par décret du 21 février 1997 art. 2, les cantons de Castres Nord et de Castres Sud ont été remodelés en trois cantons :"},{"type":"add","content":""},{"type":"add","content":""},{"type":"add","content":""},{"type":"add","content":"4e circonscription"},{"type":"add","content":""},{"type":"add","content":"Cantons de : Anglès, Cuq-Toulza, Dourgne, Labruguière, Lautrec, Lavaur, Mazamet Nord-Est, Mazamet Sud-Ouest, Puylaurens, Saint-Amans-Soult, Saint-Paul-Cap-de-Joux, Vielmur-sur-Agout."},{"type":"add","content":""},{"type":"add","content":""},{"type":"add","content":""},{"type":"add","content":"Tarn-et-Garonne"},{"type":"add","content":""},{"type":"add","content":""},{"type":"add","content":""},{"type":"add","content":""},{"type":"add","content":"1re circonscription"},{"type":"add","content":""},{"type":"add","content":"Cantons de : Caussade, Caylus, Lafrançaise, Molières, Monclar-de-Quercy, Montauban I, Montauban II, Montauban III, Montauban IV (par décret n° 91-220 du 27 février 1991 art. 1er, en remplacement des cantons de Montauban I à IV, ont été créés six cantons dénommés Montauban I à VI), Montpezat-de-Quercy, Nègrepelisse, Saint-Antonin-Noble-Val, Villebrumier."},{"type":"add","content":""},{"type":"add","content":""},{"type":"add","content":""},{"type":"add","content":"2e circonscription"},{"type":"add","content":""},{"type":"add","content":"Cantons de : Auvillar, Beaumont-de-Lomagne, Bourg-de-Visa, Castelsarrasin I, Castelsarrasin II, Grisolles, Lauzerte, Lavit, Moissac I, Moissac II, Montech, Montaigu-de-Quercy, Saint-Nicolas-de-la-Grave, Valence, Verdun-sur-Garonne."},{"type":"add","content":""},{"type":"add","content":""},{"type":"add","content":""},{"type":"add","content":"Var"},{"type":"add","content":""},{"type":"add","content":""},{"type":"add","content":""},{"type":"add","content":""},{"type":"add","content":"1re circonscription"},{"type":"add","content":""},{"type":"add","content":"Cantons de : Toulon I, Toulon V, Toulon VI, Toulon VIII."},{"type":"add","content":""},{"type":"add","content":""},{"type":"add","content":""},{"type":"add","content":"2e circonscription"},{"type":"add","content":""},{"type":"add","content":"Cantons de : Toulon II, Toulon III, Toulon IV, Toulon VII, Toulon IX."},{"type":"add","content":""},{"type":"add","content":""},{"type":"add","content":""},{"type":"add","content":"3e circonscription"},{"type":"add","content":""},{"type":"add","content":"Cantons de : La Crau, Hyères (par décret n° 97-21 du 13 janvier 1997 art. 2, le canton de Hyères a été divisé en deux cantons dénommés \"Hyères Est\" et \"Hyères Ouest\"), La Valette-du-Var (par décret n° 97-21 du 13 janvier 1997 art. 1er, le canton de La Vallette-du-Var a été divisé en deux cantons dénommés \"La Garde\" et \"La Vallette-du-Var\")."},{"type":"add","content":""},{"type":"add","content":""},{"type":"add","content":""},{"type":"add","content":"4e circonscription"},{"type":"add","content":""},{"type":"add","content":"Cantons de : Aups, Collobrières, Draguignan, Grimaud, Lorgues, Le Luc, Saint-Tropez."},{"type":"add","content":""},{"type":"add","content":""},{"type":"add","content":""},{"type":"add","content":"5e circonscription"},{"type":"add","content":""},{"type":"add","content":"Cantons de : Callas, Comps-sur-Artuby, Fayence, Fréjus, Le Muy, Saint-Raphaël."},{"type":"add","content":""},{"type":"add","content":""},{"type":"add","content":""},{"type":"add","content":"6e circonscription"},{"type":"add","content":""},{"type":"add","content":"Cantons de : Barjols, Le Beausset, Besse-sur-Issole, Brignoles, Cotignac, Cuers, Rians, La Roquebrussanne, Saint-Maximin-la-Sainte-Baume, Salernes, Solliès-Pont, Tavernes."},{"type":"add","content":""},{"type":"add","content":""},{"type":"add","content":""},{"type":"add","content":"7e circonscription"},{"type":"add","content":""},{"type":"add","content":"Cantons de: Ollioules, Saint-Mandrier-sur-Mer, La Seyne sur-Mer, Six-Fours-les-Plages."},{"type":"add","content":""},{"type":"add","content":""},{"type":"add","content":""},{"type":"add","content":"Vaucluse"},{"type":"add","content":""},{"type":"add","content":""},{"type":"add","content":""},{"type":"add","content":""},{"type":"add","content":"1re circonscription"},{"type":"add","content":""},{"type":"add","content":"Cantons de : Avignon Est, Avignon Nord, Avignon Ouest, Avignon Sud."},{"type":"add","content":""},{"type":"add","content":""},{"type":"add","content":""},{"type":"add","content":"2e circonscription"},{"type":"add","content":""},{"type":"add","content":"Cantons de : Apt, Bonnieux, Cadenet, Cavaillon, Gordes, L'Isle-sur-la-Sorgue, Pertuis."},{"type":"add","content":""},{"type":"add","content":""},{"type":"add","content":""},{"type":"add","content":"3e circonscription"},{"type":"add","content":""},{"type":"add","content":"Cantons de : Bédarrides, Carpentras Nord, Carpentras Sud, Mormoiron, Pernes-les-Fontaines, Sault."},{"type":"add","content":""},{"type":"add","content":""},{"type":"add","content":""},{"type":"add","content":"4e circonscription"},{"type":"add","content":""},{"type":"add","content":"Cantons de : Beaumes-de-Venise, Bollène, Malaucène, Orange Est, Orange Ouest, Vaison-la-Romaine, Valréas."},{"type":"add","content":""},{"type":"add","content":""},{"type":"add","content":""},{"type":"add","content":"Vendée"},{"type":"add","content":""},{"type":"add","content":""},{"type":"add","content":""},{"type":"add","content":""},{"type":"add","content":"1re circonscription"},{"type":"add","content":""},{"type":"add","content":"Cantons de : Challans, Les Essarts, Palluau, Le Poiré-sur-Vie, Rocheservière, La Roche-sur-Yon Nord."},{"type":"add","content":""},{"type":"add","content":""},{"type":"add","content":""},{"type":"add","content":"2e circonscription"},{"type":"add","content":""},{"type":"add","content":"Cantons de : Chantonnay, Mareuil-sur-Lay-Dissais, La Mothe-Achard, Moutiers-les-Mauxfaits, La Roche-sur-Yon Sud, Talmont-Saint-Hilaire."},{"type":"add","content":""},{"type":"add","content":""},{"type":"add","content":""},{"type":"add","content":"3e circonscription"},{"type":"add","content":""},{"type":"add","content":"Cantons de : Beauvoir-sur-Mer, L'Ile-d'Yeu, Noirmoutier-en-l'Ile, Les Sables-d'Olonne, Saint-Gilles-Croix-de-Vie, Saint-Jean-de-Monts."},{"type":"add","content":""},{"type":"add","content":""},{"type":"add","content":""},{"type":"add","content":"4e circonscription"},{"type":"add","content":""},{"type":"add","content":"Cantons de : Les Herbiers, Montaigu, Mortagne-sur-Sèvre, Pouzauges, Saint-Fulgent."},{"type":"add","content":""},{"type":"add","content":""},{"type":"add","content":""},{"type":"add","content":"5e circonscription"},{"type":"add","content":""},{"type":"add","content":"Cantons de : Chaillé-les-Marais, La Châtaigneraie, Fontenay-le-Comte, L'Hermenault, Luçon, Maillezais, Sainte-Hermine, Saint-Hilaire-des-Loges."},{"type":"add","content":""},{"type":"add","content":""},{"type":"add","content":""},{"type":"add","content":"Vienne"},{"type":"add","content":""},{"type":"add","content":""},{"type":"add","content":""},{"type":"add","content":""},{"type":"add","content":"1re circonscription"},{"type":"add","content":""},{"type":"add","content":"Cantons de : Mirebeau, Neuville-de-Poitou, Poitiers I, Poitiers II, Poitiers VII, Saint-Georges-lès-Baillargeaux, Saint-Julien-l'Ars, Vouneuil-sur-Vienne."},{"type":"add","content":""},{"type":"add","content":""},{"type":"add","content":""},{"type":"add","content":"2e circonscription"},{"type":"add","content":""},{"type":"add","content":"Cantons de : Poitiers III, Poitiers IV, Poitiers V, Poitiers VI, La Villedieu-du-Clain, Vivonne, Vouillé."},{"type":"add","content":""},{"type":"add","content":""},{"type":"add","content":""},{"type":"add","content":"3e circonscription"},{"type":"add","content":""},{"type":"add","content":"Cantons de : Availles-Limouzine, Charroux, Chauvigny, Civray, Couhé, Gençay, L'Isle-Jourdain, Lusignan, Lussac-les-Châteaux, Montmorillon, Saint-Savin, La Trimouille."},{"type":"add","content":""},{"type":"add","content":""},{"type":"add","content":""},{"type":"add","content":"4e circonscription"},{"type":"add","content":""},{"type":"add","content":"Cantons de : Châtellerault Nord, Châtellerault Ouest, Châtellerault Sud, Dangé-Saint-Romain, Lencloître, Loudun, Moncontour, Monts-sur-Guesnes, Pleumartin (moins la commune de La Puye), Saint-Gervais-les-Trois-Clochers, Les Trois-Moutiers."},{"type":"add","content":""},{"type":"add","content":""},{"type":"add","content":""},{"type":"add","content":"Haute-Vienne"},{"type":"add","content":""},{"type":"add","content":""},{"type":"add","content":""},{"type":"add","content":""},{"type":"add","content":"1re circonscription"},{"type":"add","content":""},{"type":"add","content":"Cantons de : Limoges-Beaupuy, Limoges-Carnot, Limoges Centre, Limoges-Cité, Limoges-Condat, Limoges-Couzeix, Limoges-Emailleurs, Limoges-Puy-las-Rodas."},{"type":"add","content":""},{"type":"add","content":""},{"type":"add","content":""},{"type":"add","content":"2e circonscription"},{"type":"add","content":""},{"type":"add","content":"Cantons de : Aixe-sur-Vienne, Châlus, Nexon, Oradour-sur-Vayres, Pierre-Buffière, Rochechouart, Saint-Germain-les-Belles, Saint-Junien Est, Saint-Junien Ouest, Saint-Laurent-sur-Gorre, Saint-Mathieu, Saint-Yrieix-la-Perche."},{"type":"add","content":""},{"type":"add","content":""},{"type":"add","content":""},{"type":"add","content":"3e circonscription"},{"type":"add","content":""},{"type":"add","content":"Cantons de : Bellac, Bessines-sur-Gartempe, Châteauponsac, Le Dorat, Laurière, Limoges-Corgnac, Limoges-Isle, Limoges-Landouge, Magnac-Laval, Mézières-sur-Issoire, Nantiat, Nieul, Saint-Sulpice-les-Feuilles."},{"type":"add","content":""},{"type":"add","content":""},{"type":"add","content":""},{"type":"add","content":"4e circonscription"},{"type":"add","content":""},{"type":"add","content":"Cantons de : Ambazac, Châteauneuf-la-Forêt, Eymoutiers, Limoges-La-Bastide, Limoges-Grand-Treuil, Limoges-Le-Palais, Limoges-Panazol, Limoges-Vigenal, Saint-Léonard-de-Noblat."},{"type":"add","content":""},{"type":"add","content":""},{"type":"add","content":""},{"type":"add","content":"Vosges"},{"type":"add","content":""},{"type":"add","content":""},{"type":"add","content":""},{"type":"add","content":""},{"type":"add","content":"1re circonscription"},{"type":"add","content":""},{"type":"add","content":"Cantons de : Châtel-sur-Moselle, Epinal Est, Epinal Ouest, RamberviIlers, Xertigny."},{"type":"add","content":""},{"type":"add","content":""},{"type":"add","content":""},{"type":"add","content":"2e circonscription"},{"type":"add","content":""},{"type":"add","content":"Cantons de : Brouvelieures, Bruyères, Corcieux, Fraize, Provenchères-sur-Fave, Raon-l'Etape, Saint-Dié Est, Saint-Dié Ouest, Senones."},{"type":"add","content":""},{"type":"add","content":""},{"type":"add","content":""},{"type":"add","content":"3e circonscription"},{"type":"add","content":""},{"type":"add","content":"Cantons de : Gérardmer, Plombières-les-Bains, Remiremont, Saulxures-sur-Moselotte, Le Thillot."},{"type":"add","content":""},{"type":"add","content":""},{"type":"add","content":""},{"type":"add","content":"4e circonscription"},{"type":"add","content":""},{"type":"add","content":"Cantons de : Bains-les-Bains, Bulgnéville, Charmes, Châtenois, Coussey, Darney, Dompaire, Lamarche, Mirecourt, Monthureux-sur-Saône, Neufchâteau, Vittel."},{"type":"add","content":""},{"type":"add","content":""},{"type":"add","content":""},{"type":"add","content":"Yonne"},{"type":"add","content":""},{"type":"add","content":""},{"type":"add","content":""},{"type":"add","content":""},{"type":"add","content":"1re circonscription"},{"type":"add","content":""},{"type":"add","content":""},{"type":"add","content":"Cantons de : Aillant-sur-Tholon, Auxerre Est, Auxerre Nord-Ouest (par décret n° 91-221 du 27 février 1991 art. 1er, le canton d'Auxerre Nord-Ouest a été divisé en deux cantons dénommés Auxerre Nord et Auxerre Nord-ouest), Auxerre Sud-Ouest (par décret n° 91-221 du 27 février 1991 art. 2, le canton d'Auxerre Sud-Ouest été divisé en deux cantons dénommés Auxerre Sud et Auxerre Sud-Ouest), Bléneau, Chamy, Coulanges-la-Vineuse, Courson-les-Carrières, Saint-Fargeau, Saint-Sauveur-en-Puisaye, Toucy."},{"type":"add","content":"Communes de : Andryes, Etais-la-Sauvin."},{"type":"add","content":""},{"type":"add","content":""},{"type":"add","content":""},{"type":"add","content":""},{"type":"add","content":"2e circonscription"},{"type":"add","content":""},{"type":"add","content":"Cantons de : Ancy-le-Franc, Avallon, Chablis, Coulanges-sur-Yonne (moins les communes d'Andryes et d'Etais-la-Savin), Cruzy-le-Châtel, Flogny-la-Chapelle, Guillon, L'Isle-sur-Serein, Ligny-le-Châtel, Migennes, Noyers, Quarré-les-Tombes, Saint-Florentin, Seignelay, Tonnerre, Vermenton, Vézelay."},{"type":"add","content":""},{"type":"add","content":""},{"type":"add","content":""},{"type":"add","content":"3e circonscription"},{"type":"add","content":""},{"type":"add","content":"Cantons de : Brienon-sur-Armançon, Cerisiers, Chéroy, Joigny, Pont-sur-Yonne, Saint-Julien-du-Sault, Sens Nord-Est, Sens Ouest, Sens Sud-Est, Sergines, Villeneuve-l'Archevêque, Villeneuve-sur-Yonne."},{"type":"add","content":""},{"type":"add","content":""},{"type":"add","content":""},{"type":"add","content":"Territoire de Belfort"},{"type":"add","content":""},{"type":"add","content":""},{"type":"add","content":""},{"type":"add","content":""},{"type":"add","content":"1re circonscription"},{"type":"add","content":""},{"type":"add","content":"Cantons : Beaucourt, Belfort Centre, Belfort Est, Danjoutin, Delle, Fontaine, Grandvillars."},{"type":"add","content":""},{"type":"add","content":""},{"type":"add","content":""},{"type":"add","content":"2e circonscription"},{"type":"add","content":""},{"type":"add","content":"Cantons : Belfort Nord, Belfort Ouest, Belfort Sud, Châtenois-les-Forges, Giromagny, Offemont, Rougemont-le-Château, Valdoie."},{"type":"add","content":""},{"type":"add","content":""},{"type":"add","content":""},{"type":"add","content":"Essonne"},{"type":"add","content":""},{"type":"add","content":""},{"type":"add","content":""},{"type":"add","content":""},{"type":"add","content":"1re circonscription"},{"type":"add","content":""},{"type":"add","content":"Cantons de : Corbeil-Essonnes Est, Corbeil-Essonnes Ouest, Evry Nord, Evry Sud."},{"type":"add","content":""},{"type":"add","content":""},{"type":"add","content":""},{"type":"add","content":"2e circonscription"},{"type":"add","content":""},{"type":"add","content":"Cantons de : Etampes, La Ferté-Alais, Mennecy, Méréville, Milly-la-Forêt."},{"type":"add","content":""},{"type":"add","content":""},{"type":"add","content":""},{"type":"add","content":"3e circonscription"},{"type":"add","content":""},{"type":"add","content":"Cantons de : Arpajon, Brétigny-sur-Orge, Dourdan, Etréchy, Saint-Chéron."},{"type":"add","content":""},{"type":"add","content":""},{"type":"add","content":""},{"type":"add","content":"4e circonscription"},{"type":"add","content":""},{"type":"add","content":"Cantons de : Limours, Longjumeau, Montlhéry, Villebon-sur-Yvette."},{"type":"add","content":""},{"type":"add","content":""},{"type":"add","content":""},{"type":"add","content":"5e circonscription"},{"type":"add","content":""},{"type":"add","content":"Cantons de : Bièvres, Gif-sur-Yvette, Orsay, Les Ulis."},{"type":"add","content":""},{"type":"add","content":""},{"type":"add","content":""},{"type":"add","content":"6e circonscription"},{"type":"add","content":""},{"type":"add","content":"Cantons de : Chilly-Mazarin, Massy Est, Massy Ouest, Palaiseau."},{"type":"add","content":""},{"type":"add","content":""},{"type":"add","content":""},{"type":"add","content":"7e circonscription"},{"type":"add","content":""},{"type":"add","content":"Cantons de : Athis-Mons, Juvisy-sur-Orge, Savigny-sur-Orge, Viry-Châtillon."},{"type":"add","content":""},{"type":"add","content":""},{"type":"add","content":""},{"type":"add","content":"8e circonscription"},{"type":"add","content":""},{"type":"add","content":"Cantons de : Brunoy, Montgeron, Vigneux-sur-Seine, Yerres."},{"type":"add","content":""},{"type":"add","content":""},{"type":"add","content":""},{"type":"add","content":"9e circonscription"},{"type":"add","content":""},{"type":"add","content":"Cantons de: Draveil, Epinay-sous-Sénart, Ris-Orangis, Saint-Germain-lès-Corbeil."},{"type":"add","content":""},{"type":"add","content":""},{"type":"add","content":""},{"type":"add","content":"10e circonscription"},{"type":"add","content":""},{"type":"add","content":"Cantons de: Grigny, Morsang-sur-Orge, Sainte-Geneviève-des-Bois, Saint-Michel-sur-Orge."},{"type":"add","content":""},{"type":"add","content":""},{"type":"add","content":""},{"type":"add","content":"Hauts-de-Seine"},{"type":"add","content":""},{"type":"add","content":""},{"type":"add","content":""},{"type":"add","content":""},{"type":"add","content":"1re circonscription"},{"type":"add","content":""},{"type":"add","content":"Cantons de : Colombes Nord-Est, Colombes Nord-Ouest, Gennevilliers Nord, Gennevilliers Sud, Villeneuve-la-Garenne."},{"type":"add","content":""},{"type":"add","content":""},{"type":"add","content":""},{"type":"add","content":"2e circonscription"},{"type":"add","content":""},{"type":"add","content":"Cantons de : Asnières-sur-Seine Nord, Asnières-sur-Seine Sud, Colombes Sud."},{"type":"add","content":""},{"type":"add","content":""},{"type":"add","content":""},{"type":"add","content":"3e circonscription"},{"type":"add","content":""},{"type":"add","content":"Cantons de: Bois-Colombes, Courbevoie Nord, Courbevoie Sud, La Garenne-Colombes."},{"type":"add","content":""},{"type":"add","content":""},{"type":"add","content":""},{"type":"add","content":"4e circonscription"},{"type":"add","content":""},{"type":"add","content":"Cantons de : Nanterre Nord, Nanterre Sud-Est, Nanterre Sud-Ouest, Suresnes."},{"type":"add","content":""},{"type":"add","content":""},{"type":"add","content":""},{"type":"add","content":"5e circonscription"},{"type":"add","content":""},{"type":"add","content":"Cantons de : Clichy, Levallois-Perret Nord, Levallois-Perret Sud."},{"type":"add","content":""},{"type":"add","content":""},{"type":"add","content":""},{"type":"add","content":"6e circonscription"},{"type":"add","content":""},{"type":"add","content":"Cantons de : Neuilly-sur-Seine Nord, Neuilly-sur-Seine Sud, Puteaux."},{"type":"add","content":""},{"type":"add","content":""},{"type":"add","content":""},{"type":"add","content":"7e circonscription"},{"type":"add","content":""},{"type":"add","content":"Cantons de : Garches, Rueil-Malmaison, Saint-Cloud."},{"type":"add","content":""},{"type":"add","content":""},{"type":"add","content":""},{"type":"add","content":"8e circonscription"},{"type":"add","content":""},{"type":"add","content":"Cantons de: Chaville, Meudon, Sèvres."},{"type":"add","content":""},{"type":"add","content":""},{"type":"add","content":""},{"type":"add","content":"9e circonscription"},{"type":"add","content":""},{"type":"add","content":"Cantons de : Boulogne-Billancourt Nord-Est, Boulogne-Billancourt Nord-Ouest, Boulogne-Billancourt Sud (partie située au nord d'une ligne définie par l'axe des voies ci-après : rue Yves-Kermen, avenue Pierre-Grenier, boulevard de la République jusqu'au pont d'Issy)."},{"type":"add","content":""},{"type":"add","content":""},{"type":"add","content":""},{"type":"add","content":"10e circonscription"},{"type":"add","content":""},{"type":"add","content":"Cantons de : Boulogne-Billancourt Sud (partie non comprise dans la 9 circonscription), Issy-les-Moulineaux Est, Issy-les-Moulineaux Ouest, Vanves."},{"type":"add","content":""},{"type":"add","content":""},{"type":"add","content":""},{"type":"add","content":"11e circonscription"},{"type":"add","content":""},{"type":"add","content":"Cantons de : Bagneux, Malakoff, Montrouge."},{"type":"add","content":""},{"type":"add","content":""},{"type":"add","content":""},{"type":"add","content":"12e circonscription"},{"type":"add","content":""},{"type":"add","content":"Cantons de : Châtillon, Clamart, Fontenay-aux-Roses, Le Plessis-Robinson."},{"type":"add","content":""},{"type":"add","content":""},{"type":"add","content":""},{"type":"add","content":"13e circonscription"},{"type":"add","content":""},{"type":"add","content":"Cantons de : Antony, Bourg-la-Reine, Châtenay-Malabry, Sceaux."},{"type":"add","content":""},{"type":"add","content":""},{"type":"add","content":""},{"type":"add","content":"Seine-Saint-Denis"},{"type":"add","content":""},{"type":"add","content":""},{"type":"add","content":""},{"type":"add","content":""},{"type":"add","content":"1re circonscription"},{"type":"add","content":""},{"type":"add","content":"Cantons de : Epinay-sur-Seine, Saint-Denis Sud, Saint Ouen."},{"type":"add","content":""},{"type":"add","content":""},{"type":"add","content":""},{"type":"add","content":"2e circonscription"},{"type":"add","content":""},{"type":"add","content":"Cantons de : Pierrefitte-sur-Seine, Saint-Denis Nord-Est, Saint-Denis Nord-Ouest."},{"type":"add","content":""},{"type":"add","content":""},{"type":"add","content":""},{"type":"add","content":"3e circonscription"},{"type":"add","content":""},{"type":"add","content":""},{"type":"add","content":"Cantons de : Aubervilliers Est, Aubervilliers Ouest, La Courneuve."},{"type":"add","content":"Commune du Bourget."},{"type":"add","content":""},{"type":"add","content":""},{"type":"add","content":""},{"type":"add","content":""},{"type":"add","content":"4e circonscription"},{"type":"add","content":""},{"type":"add","content":""},{"type":"add","content":"Cantons de : Le Blanc-Mesnil, Stains."},{"type":"add","content":"Commune de Dugny."},{"type":"add","content":""},{"type":"add","content":""},{"type":"add","content":""},{"type":"add","content":""},{"type":"add","content":"5e circonscription"},{"type":"add","content":""},{"type":"add","content":""},{"type":"add","content":"Canton de Bobigny."},{"type":"add","content":"Commune de Drancy."},{"type":"add","content":""},{"type":"add","content":""},{"type":"add","content":""},{"type":"add","content":""},{"type":"add","content":"6e circonscription"},{"type":"add","content":""},{"type":"add","content":"Cantons de : Bagnolet, Les Lilas, Pantin Est, Pantin Ouest."},{"type":"add","content":""},{"type":"add","content":""},{"type":"add","content":""},{"type":"add","content":"7e circonscription"},{"type":"add","content":""},{"type":"add","content":"Cantons de : Montreuil Est, Montreuil Nord, Montreuil Ouest."},{"type":"add","content":""},{"type":"add","content":""},{"type":"add","content":""},{"type":"add","content":"8e circonscription"},{"type":"add","content":""},{"type":"add","content":"Cantons de : Gagny, Rosny-sous-Bois, Villemomble."},{"type":"add","content":""},{"type":"add","content":""},{"type":"add","content":""},{"type":"add","content":"9e circonscription"},{"type":"add","content":""},{"type":"add","content":"Cantons de : Bondy Nord-Ouest, Bondy Sud-Est, Noisy-le-Sec, Romainville."},{"type":"add","content":""},{"type":"add","content":""},{"type":"add","content":""},{"type":"add","content":"10e circonscription"},{"type":"add","content":""},{"type":"add","content":"Cantons de : Aulnay-sous-Bois Nord, Aulnay-sous-Bois Sud, Les Pavillons-sous-Bois."},{"type":"add","content":""},{"type":"add","content":""},{"type":"add","content":""},{"type":"add","content":"11e circonscription"},{"type":"add","content":""},{"type":"add","content":"Cantons de : Sevran, Tremblay-en-France, Villepinte."},{"type":"add","content":""},{"type":"add","content":""},{"type":"add","content":""},{"type":"add","content":"12e circonscription"},{"type":"add","content":""},{"type":"add","content":"Cantons de : Livry-Gargan, Montfermeil, Le Raincy."},{"type":"add","content":""},{"type":"add","content":""},{"type":"add","content":""},{"type":"add","content":"13e circonscription"},{"type":"add","content":""},{"type":"add","content":"Cantons de : Neuilly-Plaisance, Neuilly-sur-Marne, Noisy-le-Grand."},{"type":"add","content":""},{"type":"add","content":""},{"type":"add","content":""},{"type":"add","content":"Val-de-Marne"},{"type":"add","content":""},{"type":"add","content":""},{"type":"add","content":""},{"type":"add","content":""},{"type":"add","content":"1re circonscription"},{"type":"add","content":""},{"type":"add","content":"Cantons de : Bonneuil-sur-Marne, Créteil Nord, Saint-Maur-des-Fossés Centre, Saint-Maur-La-Varenne."},{"type":"add","content":""},{"type":"add","content":""},{"type":"add","content":""},{"type":"add","content":"2e circonscription"},{"type":"add","content":""},{"type":"add","content":"Cantons de : Choisy-le-Roi, Créteil Ouest, Créteil Sud, Orly."},{"type":"add","content":""},{"type":"add","content":""},{"type":"add","content":""},{"type":"add","content":"3e circonscription"},{"type":"add","content":""},{"type":"add","content":"Cantons de : Boissy-Saint-Léger, Valenton, Villecresnes, Villeneuve-le-Roi, Villeneuve-Saint-Georges."},{"type":"add","content":""},{"type":"add","content":""},{"type":"add","content":""},{"type":"add","content":"4e circonscription"},{"type":"add","content":""},{"type":"add","content":"Cantons de : Chennevières-sur-Marne, Ormesson-sur-Marne, Sucy-en-Brie, Villiers-sur-Marne."},{"type":"add","content":""},{"type":"add","content":""},{"type":"add","content":""},{"type":"add","content":"5e circonscription"},{"type":"add","content":""},{"type":"add","content":"Cantons de : Bry-sur-Marne, Champigny-sur-Marne Centre, Champigny-sur-Marne Est, Le Perreux-sur-Marne."},{"type":"add","content":""},{"type":"add","content":""},{"type":"add","content":""},{"type":"add","content":"6e circonscription"},{"type":"add","content":""},{"type":"add","content":"Cantons de : Fontenay-sous-Bois Est, Fontenay-sous-Bois Ouest, Saint-Mandé, Vincennes Est, Vincennes Ouest."},{"type":"add","content":""},{"type":"add","content":""},{"type":"add","content":""},{"type":"add","content":"7e circonscription"},{"type":"add","content":""},{"type":"add","content":"Cantons de : Champigny-sur-Marne Ouest, Joinville-le-Pont, Nogent-sur-Marne, Saint-Maur-des-Fossés Ouest."},{"type":"add","content":""},{"type":"add","content":""},{"type":"add","content":""},{"type":"add","content":"8e circonscription"},{"type":"add","content":""},{"type":"add","content":"Cantons de : Charenton-le-Pont, Maisons-Alfort Nord, Maisons-Alfort Sud."},{"type":"add","content":""},{"type":"add","content":""},{"type":"add","content":""},{"type":"add","content":"9e circonscription"},{"type":"add","content":""},{"type":"add","content":"Cantons de : Alfortville Nord, Alfortville Sud, Vitry-sur-Seine Est, Vitry-sur-Seine Ouest."},{"type":"add","content":""},{"type":"add","content":""},{"type":"add","content":""},{"type":"add","content":"10e circonscription"},{"type":"add","content":""},{"type":"add","content":"Cantons de : Ivry-sur-Seine Est, Ivry-sur-Seine Ouest, Le Kremlin-Bicêtre, Vitry-sur-Seine Nord."},{"type":"add","content":""},{"type":"add","content":""},{"type":"add","content":""},{"type":"add","content":"11e circonscription"},{"type":"add","content":""},{"type":"add","content":"Cantons de : Arcueil, Cachan, Villejuif Est, Villejuif Ouest."},{"type":"add","content":""},{"type":"add","content":""},{"type":"add","content":""},{"type":"add","content":"12e circonscription"},{"type":"add","content":""},{"type":"add","content":"Cantons de : Chevilly-Larue, Fresnes, L'Hay-les-Roses, Thiais."},{"type":"add","content":""},{"type":"add","content":""},{"type":"add","content":""},{"type":"add","content":"Val-d'Oise"},{"type":"add","content":""},{"type":"add","content":""},{"type":"add","content":""},{"type":"add","content":""},{"type":"add","content":"1re circonscription"},{"type":"add","content":""},{"type":"add","content":"Cantons de : Beaumont-sur-Oise, Magny-en-Vexin, Marines, Pontoise, La Vallée-du-Sausseron, Vigny."},{"type":"add","content":""},{"type":"add","content":""},{"type":"add","content":""},{"type":"add","content":"2e circonscription"},{"type":"add","content":""},{"type":"add","content":"Cantons de : Cergy Nord, Cergy Sud, L'Hautil, L'Isle-Adam, Saint-Ouen-l'Aumône."},{"type":"add","content":""},{"type":"add","content":""},{"type":"add","content":""},{"type":"add","content":"3e circonscription"},{"type":"add","content":""},{"type":"add","content":"Cantons de : Beauchamp, Cormeilles-en-Parisis, Herblay, Taverny."},{"type":"add","content":""},{"type":"add","content":""},{"type":"add","content":""},{"type":"add","content":"4e circonscription"},{"type":"add","content":""},{"type":"add","content":"Cantons de : Eaubonne, Ermont, Franconville, Saint-Leu-la-Forêt."},{"type":"add","content":""},{"type":"add","content":""},{"type":"add","content":""},{"type":"add","content":"5e circonscription"},{"type":"add","content":""},{"type":"add","content":"Cantons de : Argenteuil Est, Argenteuil Nord, Argenteuil Ouest, Bezons."},{"type":"add","content":""},{"type":"add","content":""},{"type":"add","content":""},{"type":"add","content":"6e circonscription"},{"type":"add","content":""},{"type":"add","content":"Cantons de : Enghien-les-Bains, Saint-Gratien, Sannois, Soisy-sous-Montmorency."},{"type":"add","content":""},{"type":"add","content":""},{"type":"add","content":""},{"type":"add","content":"7e circonscription"},{"type":"add","content":""},{"type":"add","content":"Cantons de : Domont, Ecouen, Montmorency, Sarcelles Sud-Ouest, Viarmes."},{"type":"add","content":""},{"type":"add","content":""},{"type":"add","content":""},{"type":"add","content":"8e circonscription"},{"type":"add","content":""},{"type":"add","content":"Cantons de : Garges-lès-Gonesse Est, Garges-lès-Gonesse Ouest, Sarcelles Nord-Est, Villiers-le-Bel."},{"type":"add","content":""},{"type":"add","content":""},{"type":"add","content":""},{"type":"add","content":"9e circonscription"},{"type":"add","content":""},{"type":"add","content":"Cantons de : Gonesse, Goussainville, Luzarches."},{"type":"add","content":""},{"type":"add","content":""},{"type":"add","content":""},{"type":"add","content":"Guadeloupe"},{"type":"add","content":""},{"type":"add","content":""},{"type":"add","content":""},{"type":"add","content":""},{"type":"add","content":"1re circonscription"},{"type":"add","content":""},{"type":"add","content":"Cantons de : Les Abymes I, Les Abymes II, Les Abymes III, Les Abymes IV, Les Abymes V, Capesterre-de-Marie-Galante, Grand-Bourg, Pointe-à-Pitre I, Pointe-à-Pitre II, Pointe-à-Pitre III, Saint-Louis."},{"type":"add","content":""},{"type":"add","content":""},{"type":"add","content":""},{"type":"add","content":"2e circonscription"},{"type":"add","content":""},{"type":"add","content":"Cantons de : La Désirade, Le Gosier I, Le Gosier II, Morne-à-l'Eau I, Morne-à-l'Eau II, Le Moule I, Le Moule II, Petit-Canal, Port-Louis, Saint-François, Sainte-Anne I, Sainte-Anne II."},{"type":"add","content":""},{"type":"add","content":""},{"type":"add","content":""},{"type":"add","content":"3e circonscription"},{"type":"add","content":""},{"type":"add","content":"Cantons de : Baie-Mahault, Capesterre-Belle-Eau I, Capesterre-Belle-Eau II, Goyave, Lamentin, Petit-Bourg, Pointe-Noire, Sainte-Rose I, Sainte-Rose II."},{"type":"add","content":""},{"type":"add","content":""},{"type":"add","content":""},{"type":"add","content":"4e circonscription"},{"type":"add","content":""},{"type":"add","content":""},{"type":"add","content":"Cantons de : Basse-Terre I, Basse-Terre II, Bouillante, Gourbeyre, Saint-Claude, Saint-Martin."},{"type":"add","content":"Les Saintes, Trois-Rivières, Vieux-Habitants."},{"type":"add","content":""},{"type":"add","content":""},{"type":"add","content":""},{"type":"add","content":""},{"type":"add","content":"Guyane"},{"type":"add","content":""},{"type":"add","content":""},{"type":"add","content":""},{"type":"add","content":""},{"type":"add","content":"1re circonscription"},{"type":"add","content":""},{"type":"add","content":"Cantons de : Cayenne I, Cayenne II, Cayenne III, Cayenne IV, Cayenne V, Cayenne VI, Macouria."},{"type":"add","content":""},{"type":"add","content":""},{"type":"add","content":""},{"type":"add","content":"2e circonscription"},{"type":"add","content":""},{"type":"add","content":"Cantons de : Approuague-Kaw, Iracoubo, Kourou, Mana, Maripasoula, Matoury, Montsinéry-Tonnégrande, L'Oyapok, Rémire-Montjoly, Roura, Saint-Laurent-du-Maroni, Sinnamary."},{"type":"add","content":""},{"type":"add","content":""},{"type":"add","content":""},{"type":"add","content":"Martinique"},{"type":"add","content":""},{"type":"add","content":""},{"type":"add","content":""},{"type":"add","content":""},{"type":"add","content":"1re circonscription"},{"type":"add","content":""},{"type":"add","content":"Cantons de : L'Ajoupa-Bouillon, Basse-Pointe, Macouba, Gros-Morne, Le Lorrain, Le Marigot, Saint-Joseph, Sainte-Marie I, Sainte-Marie II, La Trinité."},{"type":"add","content":""},{"type":"add","content":""},{"type":"add","content":""},{"type":"add","content":"2e circonscription"},{"type":"add","content":""},{"type":"add","content":"Cantons de : Case-Pilote, Le Carbet, Fort-de-France I, Fort-de-France II, Fort-de-France III, Fort-de-France IX, Fort-de-France X, Le Morne-Rouge, Le Prêcheur, Saint-Pierre, Schoelcher I, Schoelcher II."},{"type":"add","content":""},{"type":"add","content":""},{"type":"add","content":""},{"type":"add","content":"3e circonscription"},{"type":"add","content":""},{"type":"add","content":"Cantons de : Fort-de-France IV, Fort-de-France V, Fort-de-France VI, Fort-de-France VII, Fort-de-France VIII, Le Lamentin I, Le Lamentin II, Le Lamentin III."},{"type":"add","content":""},{"type":"add","content":""},{"type":"add","content":""},{"type":"add","content":"4e circonscription"},{"type":"add","content":""},{"type":"add","content":"Cantons de : Les Anses-d'Arlets, Le Diamant, Ducos, Le François I, Le François II, Le Marin, Rivière-Pilote, Rivière-Salée, Le Robert I, Le Robert II, Saint-Esprit, Sainte-Anne, Sainte-Luce, Les Trois-Ilets, Le Vauclin."},{"type":"add","content":""},{"type":"add","content":""},{"type":"add","content":""},{"type":"add","content":"Réunion"},{"type":"add","content":""},{"type":"add","content":""},{"type":"add","content":""},{"type":"add","content":""},{"type":"add","content":"1re circonscription"},{"type":"add","content":""},{"type":"add","content":"Cantons de : Saint-Denis I, Saint-Denis II, Saint-Denis III, Saint-Denis IV (par décret n° 88-400 du 21 avril 1988 art. 4, en remplacement des cantons de Saint-Denis I à IV, ont été créés neuf cantons dénommés Saint-Denis I à IX)."},{"type":"add","content":""},{"type":"add","content":""},{"type":"add","content":""},{"type":"add","content":"2e circonscription"},{"type":"add","content":""},{"type":"add","content":"Cantons de : La Possession, Le Port (par décret n° 88-400 du 21 avril 1988 art. 1er, le canton du Port a été divisé en deux cantons dénommés Le Port I et Le Port II), Saint-Paul I, Saint-Paul II, Saint-Paul III (Par décret n° 91-231 du 28 février 1991 art. 3, en remplacement des cantons de Saint-Paul I à III, ont été créés cinq cantons dénommés Saint-Paul I à V), Les Trois-Bassins."},{"type":"add","content":""},{"type":"add","content":""},{"type":"add","content":""},{"type":"add","content":"3e circonscription"},{"type":"add","content":""},{"type":"add","content":"Cantons de : Les Avirons, Cilaos, Entre-Deux, L'Etang-Salé, Saint-Leu I, Saint-Leu II, Saint-Louis I, Saint-Louis II, Le Tampon I, Le Tampon II (par décret n° 88-400 du 21 avril 1988 art. 2, en remplacement des cantons du Tampon I et du Tampon II, ont été créés trois cantons dénommés Le Tampon I à III. Par décret du 27 février 1997 art. 3, les cantons du Tampon I et du Tampon III ont été remodelés en trois cantons dénommés \"Le Tampon I\", \"Le Tampon III\" et \"Le Tampon IV\")."},{"type":"add","content":""},{"type":"add","content":""},{"type":"add","content":""},{"type":"add","content":"4e circonscription"},{"type":"add","content":""},{"type":"add","content":"Cantons de: Petite-Ile, Saint-Joseph I, Saint-Joseph II, Saint-Philippe, Saint-Pierre I, Saint-Pierre II, Saint-Pierre III (par décret n° 88-400 du 21 avril 1988 art. 3, le canton de Saint-Pierre III a été divisé en deux cantons dénommés Saint-Pierre III et Saint-Pierre IV), Sainte-Rose)."},{"type":"add","content":""},{"type":"add","content":""},{"type":"add","content":""},{"type":"add","content":"5e circonscription"},{"type":"add","content":""},{"type":"add","content":"Cantons de : Bras-Panon, La Plaine-des-Palmistes, Saint-André (par décret du 27 février 1997 art. 1er, le canton de Saint-André I a été divisé en deux cantons dénommés \"Saint-André I\" et \"Saint-André III\"), Saint-André II, Saint-Benoît (par décret n° 91-231 du 28 février 1991 art. 1, le canton de Saint-Benoît a été divisé en deux cantons dénommés Saint-Benoît I et Saint-Benoît II), Sainte-Marie, Sainte-Suzanne, Salazie."},{"type":"add","content":""},{"type":"add","content":""},{"type":"add","content":""},{"type":"del","content":"NOTA : (1) Aux termes de la loi n° 86-97 du 24 novembre 1986, article 3 :"},{"type":"add","content":"(1) Aux termes de la loi n° 86-97 du 24 novembre 1986, article 3 :"},{"type":"add","content":""},{"type":"add","content":"\" Les limites des cantons, des communes et des arrondissements municipaux auxquels se réfère le tableau n° 1 sont celles qui résultent des dispositions en vigueur à la date de publication de ladite loi \"."},{"type":"del","content":"\"Les limites des cantons, des communes et des arrondissements municipaux auxquels se réfère le tableau n° 1 sont celles qui résultent des dispositions en vigueur à la date de publication de ladite loi\"."},{"type":"add","content":"Loi 2007-224 du 21 février 2007 art. 26 I : les présentes dispositions entrent en vigueur à compter du renouvellement général de l'Assemblée nationale suivant le renouvellement de juin 2007."},{"type":"del","content":"  ### Articles faisant référence à l'article"},{"type":"del","content":"  "},{"type":"del","content":""},{"type":"del","content":""},{"type":"del","content":"Loi n° 86-1197 du 24 novembre 1986 relative à la délimitation des circonscriptions pour l'élection des députés - article 1 AUTONOME VIGUEUR, en vigueur depuis le 1986-11-25 CREATION cible"},{"type":"del","content":""},{"type":"del","content":""},{"type":"del","content":"  "},{"type":"add","content":""},{"type":"add","content":"Décret du 16 août 1989 PORTANT CHANGEMENT DE NOM DE COMMUNES MODIFICATION cible"},{"type":"add","content":""},{"type":"add","content":""},{"type":"add","content":"Loi n° 2007-224 du 21 février 2007 portant dispositions statutaires et institutionnelles relatives à l'outre-mer MODIFICATION cible"},{"type":"add","content":""},{"type":"del","content":"1986-11-24 CREATION source Loi n° 86-1197 du 24 novembre 1986 relative à la délimitation des circonscriptions pour l'élection des députés - article 1 AUTONOME VIGUEUR, en vigueur depuis le 1986-11-25"},{"type":"add","content":"1988-04-21 CITATION source Décret n°88-400 du 21 avril 1988 PORTANT MODIFICATION ET CREATION DE CANTONS DANS LE DEPARTEMENT DE LA REUNION"},{"type":"del","content":"1988-04-21 CITATION source Décret n°88-400 du 21 avril 1988 PORTANT MODIFICATION ET CREATION DE CANTONS DANS LE DEPARTEMENT DE LA REUNION"},{"type":"add","content":"1989-08-16 MODIFICATION source Décret du 16 août 1989 PORTANT CHANGEMENT DE NOM DE COMMUNES"},{"type":"add","content":""},{"type":"add","content":"2007-02-21 MODIFICATION source Loi n° 2007-224 du 21 février 2007 portant dispositions statutaires et institutionnelles relatives à l'outre-mer"},{"type":"add","content":""},{"type":"del","content":"* [JSON dans git](https://git.tricoteuses.fr/dila/donnees_juridiques/src/branch/main/LEGI/ARTI/00/00/06/35/43/LEGIARTI000006354317.json)"},{"type":"del","content":"* [Références JSON dans git](https://git.tricoteuses.fr/dila/references_donnees_juridiques/src/branch/main/LEGI/ARTI/00/00/06/35/43/LEGIARTI000006354317.json)"},{"type":"del","content":"* [Markdown dans git](https://git.tricoteuses.fr/dila/textes_juridiques/src/branch/main/LEGI/ARTI/00/00/06/35/43/LEGIARTI000006354317.md)"},{"type":"add","content":"* [JSON dans git](https://git.tricoteuses.fr/dila/donnees_juridiques/src/branch/main/LEGI/ARTI/00/00/06/35/43/LEGIARTI000006354318.json)"},{"type":"add","content":"* [Références JSON dans git](https://git.tricoteuses.fr/dila/references_donnees_juridiques/src/branch/main/LEGI/ARTI/00/00/06/35/43/LEGIARTI000006354318.json)"},{"type":"add","content":"* [Markdown dans git](https://git.tricoteuses.fr/dila/textes_juridiques/src/branch/main/LEGI/ARTI/00/00/06/35/43/LEGIARTI000006354318.md)"},{"type":"del","content":"* [Légifrance](https://www.legifrance.gouv.fr/codes/article_lc/LEGIARTI000006354317)"},{"type":"add","content":"* [Légifrance](https://www.legifrance.gouv.fr/codes/article_lc/LEGIARTI000006354318)"}],"status":"modified"}],"stats":{"additions":1011,"deletions":693,"filesChanged":1}}