{"sha":"ccca179ecec6","date":"1998-07-04","message":"LOI no 98-549 du 3 juillet 1998 relative aux dates d'ouverture anticipée et de clôture de la chasse aux oiseaux migrateurs","files":[{"filename":"partie_legislative/livre_ii/titre_ii/chapitre_iv/section_2/article_l224-2.md","articleName":"Article L224-2","additions":163,"deletions":12,"diff":[{"type":"del","content":"Toutefois, pour les espèces de gibier d'eau et d'oiseaux de passage, les dates de clôture de la chasse sont les suivantes, sur l'ensemble du territoire métropolitain, à l'exception des départements du Bas-Rhin, du Haut-Rhin et de la Moselle :"},{"type":"add","content":"Les dates d'ouverture anticipée et de clôture temporaire de la chasse des espèces de gibier d'eau sont fixées ainsi qu'il suit sur l'ensemble du territoire métropolitain, à l'exception des départements du Bas-Rhin, du Haut-Rhin et de la Moselle."},{"type":"add","content":""},{"type":"add","content":"Départements : domaine public maritime (DPM) ; autres territoires (canards de surface et limicoles ; autres espèces)."},{"type":"add","content":""},{"type":"add","content":"Ain : 1er dimanche de septembre ; 1er dimanche de septembre."},{"type":"add","content":""},{"type":"add","content":"Aisne : 4e dimanche de juillet ; 2e samedi d'août."},{"type":"add","content":""},{"type":"add","content":"Allier : 2e dimanche d'août ; 3e dimanche d'août."},{"type":"add","content":""},{"type":"add","content":"Ardèche : 15 août (nette rousse : ouverture générale) ; 15 août."},{"type":"add","content":""},{"type":"add","content":"Ardennes : 15 août ; 15 août."},{"type":"add","content":""},{"type":"add","content":"Aube : 1er samedi d'août ; 3e samedi d'août."},{"type":"add","content":""},{"type":"add","content":"Aude : DPM 3e dimanche d'août."},{"type":"add","content":""},{"type":"add","content":"Bouches-du-Rhône : DPM 15 août ; 15 août (nette rousse :"},{"type":"add","content":""},{"type":"add","content":"ouverture générale) ; 15 août."},{"type":"add","content":""},{"type":"add","content":"Calvados : DPM 3e samedi de juillet ; 4e dimanche de juillet ; 1er dimanche d'août."},{"type":"add","content":""},{"type":"add","content":"Charente-Maritime : DPM 3e samedi de juillet."},{"type":"add","content":""},{"type":"add","content":"Cher : 1er samedi d'août ; 1er samedi d'août."},{"type":"add","content":""},{"type":"add","content":"Haute-Corse : 15 août (nette rousse : 1er septembre) ; 15 août."},{"type":"add","content":""},{"type":"add","content":"Corse-du-Sud : 15 août (nette rousse : 1er septembre) ; 15 août."},{"type":"add","content":""},{"type":"add","content":"Côte-d'Or : 15 août ; 4e samedi d'août."},{"type":"add","content":""},{"type":"add","content":"Côtes-d'Armor : DPM 4e dimanche d'août ; 4e dimanche d'août ; 4e dimanche d'août."},{"type":"add","content":""},{"type":"add","content":"Eure : DPM 3e samedi de juillet ; 3e samedi de juillet pour le marais Vernier et 4e samedi pour le reste du département ; 1er samedi d'août."},{"type":"add","content":""},{"type":"add","content":"Eure-et-Loir : 2e samedi d'août ; 2e samedi d'août."},{"type":"add","content":""},{"type":"add","content":"Finistère : DPM 4e dimanche d'août ; 4e dimanche d'août ; 4e dimanche d'août."},{"type":"add","content":""},{"type":"add","content":"Gard : 4e dimanche de juillet (nette rousse : ouverture générale) ; 1er dimanche d'août."},{"type":"add","content":""},{"type":"add","content":"Haute-Garonne : 15 août ; 15 août."},{"type":"add","content":""},{"type":"add","content":"Gironde : DPM 3e samedi de juillet ; 1er samedi d'août ; 2e samedi d'août."},{"type":"add","content":""},{"type":"add","content":"Hérault : DPM 3e samedi de juillet ; 4e dimanche de juillet (nette rousse : ouverture générale) ; 1er dimanche d'août."},{"type":"add","content":""},{"type":"add","content":"Ille-et-Vilaine : DPM 3e samedi de juillet (1er septembre dans la vallé de la Rance) ; 3e samedi d'août ; 3e samedi d'août."},{"type":"add","content":""},{"type":"add","content":"Indre : 15 août (clôture temporaire : 15 septembre) ; 15 août (clôture temporaire : 15 septembre)."},{"type":"add","content":""},{"type":"add","content":"Indre-et-Loire : 3e dimanche d'août (clôture temporaire : 15 septembre) ; 3e dimanche d'août (clôture temporaire : 15 septembre)."},{"type":"add","content":""},{"type":"add","content":"Landes : DPM 3e samedi de juillet ; 1er samedi d'août ; 2e samedi d'août."},{"type":"add","content":""},{"type":"add","content":"Loir-et-Cher : 1er samedi d'août ; 1er samedi d'août."},{"type":"add","content":""},{"type":"add","content":"Loire : 3e dimanche d'août ; 3e dimanche d'août."},{"type":"add","content":""},{"type":"add","content":"Loire-Atlantique : DPM 3e dimanche de juillet ; 3e dimanche de juillet ; foulque : 3e dimanche de juillet, autres espèces : 1er dimanche d'août."},{"type":"add","content":""},{"type":"add","content":"Loiret : 1er samedi d'août ; 1er samedi d'août."},{"type":"add","content":""},{"type":"add","content":"Lot-et-Garonne : colvert : ouverture générale, autres espèces : 4e dimanche d'août ; 4e dimanche d'août."},{"type":"add","content":""},{"type":"add","content":"Maine-et-Loire : 15 août ; 15 août."},{"type":"add","content":""},{"type":"add","content":"Manche : DPM 3e dimanche de juillet ; 4e dimanche de juillet ; 1er dimanche d'août."},{"type":"add","content":""},{"type":"add","content":"Marne : 1er samedi d'août ; 3e samedi d'août."},{"type":"add","content":""},{"type":"add","content":"Haute-Marne : 2e dimanche d'août ; 3e dimanche d'août."},{"type":"add","content":""},{"type":"add","content":"Mayenne : 15 août ; 15 août."},{"type":"add","content":""},{"type":"add","content":"Meurthe-et-Moselle : 2e dimanche d'août ; 4e dimanche d'août."},{"type":"add","content":""},{"type":"add","content":"Meuse : 2e dimanche d'août ; 4e dimanche d'août."},{"type":"add","content":""},{"type":"add","content":"Morbihan : DPM 4e dimanche d'août ; colvert : du 4e dimanche de juillet au 1er dimanche d'août, autres espèces : 4e dimanche d'août ; 4e dimanche d'août."},{"type":"add","content":""},{"type":"add","content":"Nièvre : 1er samedi d'août ; 1er samedi d'août."},{"type":"add","content":""},{"type":"add","content":"Nord : DPM 3e samedi de juillet ; 4e samedi de juillet ; 1er samedi d'août."},{"type":"add","content":""},{"type":"add","content":"Oise : 4e samedi de juillet ; 1er samedi d'août."},{"type":"add","content":""},{"type":"add","content":"Orne : 1er samedi d'août, 1er dimanche d'août sur les communes de Bellou-en-Houlme et Briouze ; 3e samedi d'août."},{"type":"add","content":""},{"type":"add","content":"Pas-de-Calais : DPM 3e samedi de juillet ; 4e samedi de juillet ; 1er samedi d'août."},{"type":"add","content":""},{"type":"add","content":"Puy-de-Dôme : 4e dimanche d'août ; 4e dimanche d'août."},{"type":"add","content":""},{"type":"add","content":"Pyrénées-Atlantiques : DPM 3e samedi de juillet ; 3e samedi d'août ; 3e samedi d'août."},{"type":"add","content":""},{"type":"add","content":"Hautes-Pyrénées : 3e dimanche d'août ; 3e dimanche d'août."},{"type":"add","content":""},{"type":"add","content":"Pyrénées-Orientales : DPM 3e dimanche d'août."},{"type":"add","content":""},{"type":"add","content":"Rhône : 3e dimanche d'août ; 3e dimanche d'août."},{"type":"add","content":""},{"type":"add","content":"Haute-Saône : 15 août ; 4e samedi d'août."},{"type":"add","content":""},{"type":"add","content":"Saône-et-Loire : 2e dimanche d'août ; 3e dimanche d'août."},{"type":"add","content":""},{"type":"add","content":"Sarthe : 3e samedi d'août ; 3e samedi d'août."},{"type":"add","content":""},{"type":"add","content":"Paris : 2e samedi d'août ; ...."},{"type":"add","content":""},{"type":"add","content":"Seine-Maritime : DPM 3e samedi de juillet ; 4e samedi de juillet ; 1er samedi d'août."},{"type":"add","content":""},{"type":"add","content":"Seine-et-Marne : 2e samedi d'août ; 3e samedi d'août."},{"type":"add","content":""},{"type":"add","content":"Yvelines : 2e samedi d'août ; 3e samedi d'août."},{"type":"add","content":""},{"type":"add","content":"Deux-Sèvres : 15 août ; 1er dimanche de septembre."},{"type":"add","content":""},{"type":"add","content":"Somme : DPM 3e samedi de juillet ; 4e samedi de juillet ; 1er samedi d'août."},{"type":"add","content":""},{"type":"add","content":"Tarn : Colvert : 15 août, autres espèces : ouverture générale ; ...."},{"type":"add","content":""},{"type":"add","content":"Vendée : DPM dernier dimanche d'août ; dernier dimanche d'août ; dernier dimanche d'août."},{"type":"add","content":""},{"type":"add","content":"Vosges : 2e dimanche d'août ; 4e dimanche d'août."},{"type":"add","content":""},{"type":"add","content":"Yonne : 15 août ; 15 août."},{"type":"add","content":""},{"type":"add","content":"Territoire de Belfort : 4e dimanche d'août ; 4e dimanche d'août."},{"type":"add","content":""},{"type":"add","content":"Essonne : 2e samedi d'août ; 3e samedi d'août."},{"type":"add","content":""},{"type":"add","content":"Hauts-de-Seine : 2e samedi d'août ; ...."},{"type":"add","content":""},{"type":"add","content":"Seine-Saint-Denis : 2e samedi d'août ; ...."},{"type":"add","content":""},{"type":"add","content":"Val-de-Marne : 2e samedi d'août ; ...."},{"type":"add","content":""},{"type":"add","content":"Val-d'Oise : 2e samedi d'août ; 3e samedi d'août."},{"type":"add","content":""},{"type":"add","content":"Pour les espèces de gibier d'eau et d'oiseaux de passage, sur l'ensemble du territoire métropolitain, à l'exception des départements du Bas-Rhin, du Haut-Rhin et de la Moselle, les dates de clôture sont les suivantes :"},{"type":"del","content":"- fuligule milouin, vanneau huppé : 10 février ;"},{"type":"add","content":"- fuligule milouin, fuligule morillon, vanneau huppé : 10 février ;"},{"type":"del","content":"- oie cendrée, canard chipeau, sarcelle d'hiver, sarcelle d'été, foulque, garrot à oeil d'or, huîtrier pie, pluvier doré, chevalier gambette, chevalier combattant, barge à queue noire, alouette des champs, grive draine : 20 février ;"},{"type":"add","content":"- oie cendrée, canard chipeau, sarcelle d'hiver, sarcelle d'été, foulque, garrot à oeil d'or, nette rousse, pluvier doré, chevalier gambette, chevalier combattant, barge à queue noire, alouette des champs : 20 février ;"},{"type":"del","content":"L'autorité administrative peut, par arrêté pris après avis du conseil départemental de la chasse et de la faune sauvage, avancer les dates de clôture mentionnées aux alinéas précédents, sous réserve qu'elles soient antérieures au 31 janvier."},{"type":"add","content":"Cet échelonnement des dates de fermeture entre le 31 janvier et le dernier jour du mois de février vise à assurer l'exploitation équilibrée et dynamique des espèces d'oiseaux concernées. Toutefois, pour les espèces ne bénéficiant pas d'un statut de conservation favorable et chassées pendant cette période, des plans de gestion sont institués."},{"type":"add","content":""},{"type":"add","content":"Ces plans visent à contrôler l'efficacité de l'échelonnement des dates de fermeture. Ils contribuent également à rétablir ces espèces dans un état favorable de conservation. Ils sont fondés sur l'état récent des meilleures connaissances scientifiques et sur l'évaluation des prélèvements opérés par la chasse."},{"type":"add","content":""},{"type":"add","content":"Les modalités d'élaboration de ces plans de gestion sont déterminées par arrêté ministériel après avis du Conseil national de la chasse et de la faune sauvage."},{"type":"del","content":"  ### Textes faisant référence à l'article"},{"type":"add","content":"  ### Articles faisant référence à l'article"},{"type":"del","content":"LOI n° 91-363 du 15 avril 1991 relative à la partie Législative des livres II, IV et V (nouveaux) du code rural CODIFICATION cible"},{"type":"add","content":"LOI no 98-549 du 3 juillet 1998 relative aux dates d'ouverture anticipée et de clôture de la chasse aux oiseaux migrateurs - article 1 ENTIEREMENT_MODIF MODIFICATION cible"},{"type":"add","content":""},{"type":"add","content":"  "},{"type":"add","content":"  ### Textes faisant référence à l'article"},{"type":"add","content":"  "},{"type":"add","content":""},{"type":"del","content":"LOI n° 94-591 du 15 juillet 1994 fixant les dates de clôture de la chasse des oiseaux migrateurs MODIFICATION cible"},{"type":"add","content":"LOI n° 91-363 du 15 avril 1991 relative à la partie Législative des livres II, IV et V (nouveaux) du code rural CODIFICATION cible"},{"type":"del","content":"1994-07-15 MODIFICATION source LOI n° 94-591 du 15 juillet 1994 fixant les dates de clôture de la chasse des oiseaux migrateurs"},{"type":"add","content":"1998-07-03 MODIFICATION source LOI no 98-549 du 3 juillet 1998 relative aux dates d'ouverture anticipée et de clôture de la chasse aux oiseaux migrateurs - article 1 ENTIEREMENT_MODIF"},{"type":"del","content":"* [JSON dans git](https://git.tricoteuses.fr/dila/donnees_juridiques/src/branch/main/LEGI/ARTI/00/00/06/58/24/LEGIARTI000006582435.json)"},{"type":"del","content":"* [Références JSON dans git](https://git.tricoteuses.fr/dila/references_donnees_juridiques/src/branch/main/LEGI/ARTI/00/00/06/58/24/LEGIARTI000006582435.json)"},{"type":"del","content":"* [Markdown dans git](https://git.tricoteuses.fr/dila/textes_juridiques/src/branch/main/LEGI/ARTI/00/00/06/58/24/LEGIARTI000006582435.md)"},{"type":"add","content":"* [JSON dans git](https://git.tricoteuses.fr/dila/donnees_juridiques/src/branch/main/LEGI/ARTI/00/00/06/58/24/LEGIARTI000006582436.json)"},{"type":"add","content":"* [Références JSON dans git](https://git.tricoteuses.fr/dila/references_donnees_juridiques/src/branch/main/LEGI/ARTI/00/00/06/58/24/LEGIARTI000006582436.json)"},{"type":"add","content":"* [Markdown dans git](https://git.tricoteuses.fr/dila/textes_juridiques/src/branch/main/LEGI/ARTI/00/00/06/58/24/LEGIARTI000006582436.md)"},{"type":"del","content":"* [Légifrance](https://www.legifrance.gouv.fr/codes/article_lc/LEGIARTI000006582435)"},{"type":"add","content":"* [Légifrance](https://www.legifrance.gouv.fr/codes/article_lc/LEGIARTI000006582436)"}],"status":"modified"}],"stats":{"additions":163,"deletions":12,"filesChanged":1}}