{"sha":"313daeeab2dc","date":"2017-01-01","message":"Décret n° 2016-1689 du 8 décembre 2016 fixant le nom, la composition et le chef-lieu des circonscriptions administratives régionales","files":[{"filename":"partie_reglementaire/partie_1/livre_ii/titre_ier/chapitre_ier/article_r1211-4.md","articleName":"Article R1211-4","additions":191,"deletions":204,"diff":[{"type":"del","content":""},{"type":"del","content":""},{"type":"del","content":""},{"type":"del","content":""},{"type":"del","content":""},{"type":"del","content":""},{"type":"del","content":"ZONES DE DÉFENSE"},{"type":"del","content":"et de sécurité"},{"type":"del","content":""},{"type":"del","content":""},{"type":"del","content":""},{"type":"del","content":"RÉGIONS"},{"type":"del","content":""},{"type":"del","content":""},{"type":"del","content":""},{"type":"del","content":"DÉPARTEMENTS"},{"type":"del","content":""},{"type":"del","content":""},{"type":"del","content":""},{"type":"del","content":""},{"type":"del","content":""},{"type":"del","content":"Zone de Paris"},{"type":"del","content":"(siège : Paris)"},{"type":"del","content":""},{"type":"del","content":""},{"type":"del","content":""},{"type":"del","content":"Ile-de-France"},{"type":"del","content":""},{"type":"del","content":""},{"type":"del","content":""},{"type":"del","content":"Essonne, Hauts-de-Seine, Paris, Seine-et-Marne, Seine-Saint-Denis, Val-de-Marne, Val-d'Oise, Yvelines."},{"type":"del","content":""},{"type":"del","content":""},{"type":"del","content":""},{"type":"del","content":""},{"type":"del","content":""},{"type":"del","content":"Zone Nord"},{"type":"del","content":"(siège : Lille)"},{"type":"del","content":""},{"type":"del","content":""},{"type":"del","content":""},{"type":"del","content":"Nord-Pas-de-Calais-Picardie"},{"type":"del","content":""},{"type":"del","content":""},{"type":"del","content":""},{"type":"del","content":"Aisne, Nord, Oise, Pas-de-Calais, Somme."},{"type":"del","content":""},{"type":"del","content":""},{"type":"del","content":""},{"type":"del","content":""},{"type":"del","content":""},{"type":"del","content":"Zone Ouest"},{"type":"del","content":"(siège : Rennes)"},{"type":"del","content":""},{"type":"del","content":""},{"type":"del","content":""},{"type":"del","content":"Bretagne"},{"type":"del","content":""},{"type":"del","content":""},{"type":"del","content":""},{"type":"del","content":"Côtes-d'Armor, Finistère, Ille-et-Vilaine, Morbihan."},{"type":"del","content":""},{"type":"del","content":""},{"type":"del","content":""},{"type":"del","content":""},{"type":"del","content":""},{"type":"del","content":"Centre-Val de Loire"},{"type":"del","content":""},{"type":"del","content":""},{"type":"del","content":""},{"type":"del","content":"Cher, Eure-et-Loir, Indre, Indre-et-Loire, Loir-et-Cher, Loiret."},{"type":"del","content":""},{"type":"del","content":""},{"type":"del","content":""},{"type":"del","content":""},{"type":"del","content":""},{"type":"del","content":"Normandie"},{"type":"del","content":""},{"type":"del","content":""},{"type":"del","content":""},{"type":"del","content":"Calvados, Eure, Manche, Orne, Seine-Maritime."},{"type":"del","content":""},{"type":"del","content":""},{"type":"del","content":""},{"type":"del","content":""},{"type":"del","content":""},{"type":"del","content":"Pays de la Loire"},{"type":"del","content":""},{"type":"del","content":""},{"type":"del","content":""},{"type":"del","content":"Loire-Atlantique, Maine-et-Loire, Mayenne, Sarthe, Vendée."},{"type":"del","content":""},{"type":"del","content":""},{"type":"del","content":""},{"type":"del","content":""},{"type":"del","content":""},{"type":"del","content":"Zone Sud-Ouest"},{"type":"del","content":"(siège : Bordeaux)"},{"type":"del","content":""},{"type":"del","content":""},{"type":"del","content":""},{"type":"del","content":"Aquitaine-Limousin-Poitou-Charentes"},{"type":"del","content":""},{"type":"del","content":""},{"type":"del","content":""},{"type":"del","content":"Charente, Charente-Maritime, Corrèze, Creuse, Deux-Sèvres, Dordogne, Gironde, Haute-Vienne, Landes, Lot-et-Garonne, Pyrénées-Atlantiques, Vienne."},{"type":"del","content":""},{"type":"del","content":""},{"type":"del","content":""},{"type":"del","content":""},{"type":"del","content":""},{"type":"del","content":"Zone Sud"},{"type":"del","content":"(siège : Marseille)"},{"type":"del","content":""},{"type":"del","content":""},{"type":"del","content":""},{"type":"del","content":"Corse"},{"type":"del","content":""},{"type":"del","content":""},{"type":"del","content":""},{"type":"del","content":"Corse-du-Sud, Haute-Corse."},{"type":"del","content":""},{"type":"del","content":""},{"type":"del","content":""},{"type":"del","content":""},{"type":"del","content":""},{"type":"del","content":"Languedoc-Roussillon-Midi-Pyrénées"},{"type":"del","content":""},{"type":"del","content":""},{"type":"del","content":""},{"type":"del","content":"Aude, Ariège, Aveyron, Gard, Gers, Haute-Garonne, Hautes-Pyrénées, Hérault, Lot, Lozère, Pyrénées-Orientales, Tarn, Tarn-et-Garonne."},{"type":"del","content":""},{"type":"del","content":""},{"type":"del","content":""},{"type":"del","content":""},{"type":"del","content":""},{"type":"del","content":"Provence-Alpes-Côte d'Azur"},{"type":"del","content":""},{"type":"del","content":""},{"type":"del","content":""},{"type":"del","content":"Alpes-de-Haute-Provence, Alpes-Maritimes, Bouches-du-Rhône, Hautes-Alpes, Var, Vaucluse."},{"type":"del","content":""},{"type":"del","content":""},{"type":"del","content":""},{"type":"del","content":""},{"type":"del","content":""},{"type":"del","content":"Zone Sud-Est"},{"type":"del","content":"(siège : Lyon)"},{"type":"del","content":""},{"type":"del","content":""},{"type":"del","content":""},{"type":"del","content":"Auvergne-Rhône-Alpes"},{"type":"del","content":""},{"type":"del","content":""},{"type":"del","content":""},{"type":"del","content":"Ain, Allier, Ardèche, Cantal, Drôme, Haute-Loire, Haute-Savoie, Isère, Loire, Puy-de-Dôme, Rhône, Savoie."},{"type":"del","content":""},{"type":"del","content":""},{"type":"del","content":""},{"type":"del","content":""},{"type":"del","content":""},{"type":"del","content":"Zone Est"},{"type":"del","content":"(siège : Strasbourg)"},{"type":"del","content":""},{"type":"del","content":""},{"type":"del","content":""},{"type":"del","content":"Alsace-Champagne-Ardenne-Lorraine"},{"type":"del","content":""},{"type":"del","content":""},{"type":"del","content":""},{"type":"del","content":"Aube, Ardennes, Bas-Rhin, Haut-Rhin, Haute-Marne, Marne, Meurthe-et-Moselle, Meuse, Moselle, Vosges."},{"type":"del","content":""},{"type":"del","content":""},{"type":"del","content":""},{"type":"del","content":""},{"type":"del","content":""},{"type":"del","content":"Bourgogne-Franche-Comté"},{"type":"del","content":""},{"type":"del","content":""},{"type":"del","content":""},{"type":"del","content":"          Côte-d'Or, Doubs, Haute-Saône, Jura, Nièvre, Saône-et-Loire, Territoire de Belfort, Yonne."},{"type":"del","content":""},{"type":"del","content":""},{"type":"del","content":""},{"type":"del","content":""},{"type":"del","content":""},{"type":"add","content":""},{"type":"add","content":""},{"type":"add","content":""},{"type":"add","content":""},{"type":"add","content":""},{"type":"add","content":"ZONES DE DÉFENSE"},{"type":"add","content":"et de sécurité"},{"type":"add","content":""},{"type":"add","content":""},{"type":"add","content":""},{"type":"add","content":"        RÉGIONS"},{"type":"add","content":""},{"type":"add","content":""},{"type":"add","content":""},{"type":"add","content":"        DÉPARTEMENTS"},{"type":"add","content":""},{"type":"add","content":""},{"type":"add","content":""},{"type":"add","content":""},{"type":"add","content":""},{"type":"add","content":"Zone de Paris"},{"type":"add","content":"(siège : Paris)"},{"type":"add","content":""},{"type":"add","content":""},{"type":"add","content":""},{"type":"add","content":"        Ile-de-France"},{"type":"add","content":""},{"type":"add","content":""},{"type":"add","content":""},{"type":"add","content":"        Essonne, Hauts-de-Seine, Paris, Seine-et-Marne, Seine-Saint-Denis, Val-de-Marne, Val-d'Oise, Yvelines."},{"type":"add","content":""},{"type":"add","content":""},{"type":"add","content":""},{"type":"add","content":""},{"type":"add","content":""},{"type":"add","content":"Zone Nord"},{"type":"add","content":"(siège : Lille)"},{"type":"add","content":""},{"type":"add","content":""},{"type":"add","content":""},{"type":"add","content":"        Hauts-de-France"},{"type":"add","content":""},{"type":"add","content":""},{"type":"add","content":""},{"type":"add","content":"        Aisne, Nord, Oise, Pas-de-Calais, Somme."},{"type":"add","content":""},{"type":"add","content":""},{"type":"add","content":""},{"type":"add","content":""},{"type":"add","content":""},{"type":"add","content":"Zone Ouest"},{"type":"add","content":"(siège : Rennes)"},{"type":"add","content":""},{"type":"add","content":""},{"type":"add","content":""},{"type":"add","content":"        Bretagne"},{"type":"add","content":""},{"type":"add","content":""},{"type":"add","content":""},{"type":"add","content":"        Côtes-d'Armor, Finistère, Ille-et-Vilaine, Morbihan."},{"type":"add","content":""},{"type":"add","content":""},{"type":"add","content":""},{"type":"add","content":""},{"type":"add","content":""},{"type":"add","content":"        Centre-Val de Loire"},{"type":"add","content":""},{"type":"add","content":""},{"type":"add","content":""},{"type":"add","content":"        Cher, Eure-et-Loir, Indre, Indre-et-Loire, Loir-et-Cher, Loiret."},{"type":"add","content":""},{"type":"add","content":""},{"type":"add","content":""},{"type":"add","content":""},{"type":"add","content":""},{"type":"add","content":"        Normandie"},{"type":"add","content":""},{"type":"add","content":""},{"type":"add","content":""},{"type":"add","content":"        Calvados, Eure, Manche, Orne, Seine-Maritime."},{"type":"add","content":""},{"type":"add","content":""},{"type":"add","content":""},{"type":"add","content":""},{"type":"add","content":""},{"type":"add","content":"        Pays de la Loire"},{"type":"add","content":""},{"type":"add","content":""},{"type":"add","content":""},{"type":"add","content":"        Loire-Atlantique, Maine-et-Loire, Mayenne, Sarthe, Vendée."},{"type":"add","content":""},{"type":"add","content":""},{"type":"add","content":""},{"type":"add","content":""},{"type":"add","content":""},{"type":"add","content":"Zone Sud-Ouest"},{"type":"add","content":"(siège : Bordeaux)"},{"type":"add","content":""},{"type":"add","content":""},{"type":"add","content":""},{"type":"add","content":"        Nouvelle-Aquitaine"},{"type":"add","content":""},{"type":"add","content":""},{"type":"add","content":""},{"type":"add","content":"        Charente, Charente-Maritime, Corrèze, Creuse, Deux-Sèvres, Dordogne, Gironde, Haute-Vienne, Landes, Lot-et-Garonne, Pyrénées-Atlantiques, Vienne."},{"type":"add","content":""},{"type":"add","content":""},{"type":"add","content":""},{"type":"add","content":""},{"type":"add","content":""},{"type":"add","content":"Zone Sud"},{"type":"add","content":"(siège : Marseille)"},{"type":"add","content":""},{"type":"add","content":""},{"type":"add","content":""},{"type":"add","content":"        Corse"},{"type":"add","content":""},{"type":"add","content":""},{"type":"add","content":""},{"type":"add","content":"        Corse-du-Sud, Haute-Corse."},{"type":"add","content":""},{"type":"add","content":""},{"type":"add","content":""},{"type":"add","content":""},{"type":"add","content":""},{"type":"add","content":"        Occitanie"},{"type":"add","content":""},{"type":"add","content":""},{"type":"add","content":""},{"type":"add","content":"        Aude, Ariège, Aveyron, Gard, Gers, Haute-Garonne, Hautes-Pyrénées, Hérault, Lot, Lozère, Pyrénées-Orientales, Tarn, Tarn-et-Garonne."},{"type":"add","content":""},{"type":"add","content":""},{"type":"add","content":""},{"type":"add","content":""},{"type":"add","content":""},{"type":"add","content":"        Provence-Alpes-Côte d'Azur"},{"type":"add","content":""},{"type":"add","content":""},{"type":"add","content":""},{"type":"add","content":"        Alpes-de-Haute-Provence, Alpes-Maritimes, Bouches-du-Rhône, Hautes-Alpes, Var, Vaucluse."},{"type":"add","content":""},{"type":"add","content":""},{"type":"add","content":""},{"type":"add","content":""},{"type":"add","content":""},{"type":"add","content":"Zone Sud-Est"},{"type":"add","content":"(siège : Lyon)"},{"type":"add","content":""},{"type":"add","content":""},{"type":"add","content":""},{"type":"add","content":"        Auvergne-Rhône-Alpes"},{"type":"add","content":""},{"type":"add","content":""},{"type":"add","content":""},{"type":"add","content":"        Ain, Allier, Ardèche, Cantal, Drôme, Haute-Loire, Haute-Savoie, Isère, Loire, Puy-de-Dôme, Rhône, Savoie."},{"type":"add","content":""},{"type":"add","content":""},{"type":"add","content":""},{"type":"add","content":""},{"type":"add","content":""},{"type":"add","content":"Zone Est"},{"type":"add","content":"(siège : Strasbourg)"},{"type":"add","content":""},{"type":"add","content":""},{"type":"add","content":""},{"type":"add","content":"        Grand Est"},{"type":"add","content":""},{"type":"add","content":""},{"type":"add","content":""},{"type":"add","content":"        Aube, Ardennes, Bas-Rhin, Haut-Rhin, Haute-Marne, Marne, Meurthe-et-Moselle, Meuse, Moselle, Vosges."},{"type":"add","content":""},{"type":"add","content":""},{"type":"add","content":""},{"type":"add","content":""},{"type":"add","content":""},{"type":"add","content":"        Bourgogne-Franche-Comté"},{"type":"add","content":""},{"type":"add","content":""},{"type":"add","content":""},{"type":"add","content":"        Côte-d'Or, Doubs, Haute-Saône, Jura, Nièvre, Saône-et-Loire, Territoire de Belfort, Yonne."},{"type":"add","content":""},{"type":"add","content":""},{"type":"add","content":""},{"type":"add","content":""},{"type":"del","content":"Décret n° 2015-1625 du 10 décembre 2015 relatif à la composition des zones de défense et de sécurité, des régions de gendarmerie et des groupements de gendarmerie départementale - article 1 AUTONOME MODIFIE, en vigueur du 2016-01-01 au 2017-01-01 MODIFIE source"},{"type":"del","content":""},{"type":"del","content":""},{"type":"del","content":"  "},{"type":"del","content":"  ### Textes faisant référence à l'article"},{"type":"del","content":"  "},{"type":"del","content":""},{"type":"del","content":""},{"type":"del","content":"Décret n° 2007-583 du 23 avril 2007 relatif à certaines dispositions réglementaires de la première partie du code de la défense (Décrets en Conseil d'Etat et en conseil des ministres) CODIFICATION cible"},{"type":"add","content":"Décret n° 2016-1689 du 8 décembre 2016 fixant le nom, la composition et le chef-lieu des circonscriptions administratives régionales - article 2 AUTONOME VIGUEUR, en vigueur depuis le 2017-01-01 MODIFIE source"},{"type":"del","content":"2007-04-23 CODIFICATION source Décret n° 2007-583 du 23 avril 2007 relatif à certaines dispositions réglementaires de la première partie du code de la défense (Décrets en Conseil d'Etat et en conseil des ministres)"},{"type":"del","content":""},{"type":"del","content":""},{"type":"del","content":"2015-12-10 MODIFIE cible Décret n° 2015-1625 du 10 décembre 2015 relatif à la composition des zones de défense et de sécurité, des régions de gendarmerie et des groupements de gendarmerie départementale - article 1 AUTONOME MODIFIE, en vigueur du 2016-01-01 au 2017-01-01"},{"type":"add","content":"2016-04-12 CITATION cible Décret n° 2016-440 du 12 avril 2016 modifiant le décret n° 2003-734 du 1er août 2003 portant création et organisation des services déconcentrés de la direction centrale de la police aux frontières et modifiant le code de procédure pénale - article 3 ENTIEREMENT_MODIF"},{"type":"del","content":"2016-04-12 CITATION cible Décret n° 2016-440 du 12 avril 2016 modifiant le décret n° 2003-734 du 1er août 2003 portant création et organisation des services déconcentrés de la direction centrale de la police aux frontières et modifiant le code de procédure pénale - article 3 ENTIEREMENT_MODIF"},{"type":"add","content":"2016-12-08 MODIFIE cible Décret n° 2016-1689 du 8 décembre 2016 fixant le nom, la composition et le chef-lieu des circonscriptions administratives régionales - article 2 AUTONOME VIGUEUR, en vigueur depuis le 2017-01-01"},{"type":"del","content":"* [JSON dans git](https://git.tricoteuses.fr/dila/donnees_juridiques/src/branch/main/LEGI/ARTI/00/00/31/59/95/LEGIARTI000031599500.json)"},{"type":"del","content":"* [Références JSON dans git](https://git.tricoteuses.fr/dila/references_donnees_juridiques/src/branch/main/LEGI/ARTI/00/00/31/59/95/LEGIARTI000031599500.json)"},{"type":"del","content":"* [Markdown dans git](https://git.tricoteuses.fr/dila/textes_juridiques/src/branch/main/LEGI/ARTI/00/00/31/59/95/LEGIARTI000031599500.md)"},{"type":"add","content":"* [JSON dans git](https://git.tricoteuses.fr/dila/donnees_juridiques/src/branch/main/LEGI/ARTI/00/00/36/59/85/LEGIARTI000036598574.json)"},{"type":"add","content":"* [Références JSON dans git](https://git.tricoteuses.fr/dila/references_donnees_juridiques/src/branch/main/LEGI/ARTI/00/00/36/59/85/LEGIARTI000036598574.json)"},{"type":"add","content":"* [Markdown dans git](https://git.tricoteuses.fr/dila/textes_juridiques/src/branch/main/LEGI/ARTI/00/00/36/59/85/LEGIARTI000036598574.md)"},{"type":"del","content":"* [Légifrance](https://www.legifrance.gouv.fr/codes/article_lc/LEGIARTI000031599500)"},{"type":"add","content":"* [Légifrance](https://www.legifrance.gouv.fr/codes/article_lc/LEGIARTI000036598574)"}],"status":"modified"},{"filename":"partie_reglementaire/partie_1/livre_ii/titre_ier/chapitre_ii/article_r1212-4.md","articleName":"Article R1212-4","additions":70,"deletions":85,"diff":[{"type":"del","content":""},{"type":"del","content":""},{"type":"del","content":""},{"type":"del","content":""},{"type":"del","content":""},{"type":"del","content":""},{"type":"del","content":"ZONES TERRE"},{"type":"del","content":""},{"type":"del","content":""},{"type":"del","content":""},{"type":"del","content":"RÉGIONS"},{"type":"del","content":""},{"type":"del","content":""},{"type":"del","content":""},{"type":"del","content":""},{"type":"del","content":""},{"type":"del","content":"Ile-de-France (siège : Saint-Germain-en-Laye)"},{"type":"del","content":""},{"type":"del","content":""},{"type":"del","content":""},{"type":"del","content":"Ile-de-France"},{"type":"del","content":""},{"type":"del","content":""},{"type":"del","content":""},{"type":"del","content":""},{"type":"del","content":""},{"type":"del","content":"Nord-Est (siège : Metz)"},{"type":"del","content":""},{"type":"del","content":""},{"type":"del","content":""},{"type":"del","content":"Alsace-Champagne-Ardenne-Lorraine, Bourgogne-Franche-Comté,"},{"type":"del","content":"Nord-Pas-de-Calais-Picardie"},{"type":"del","content":""},{"type":"del","content":""},{"type":"del","content":""},{"type":"del","content":""},{"type":"del","content":""},{"type":"del","content":"Nord-Ouest (siège : Rennes)"},{"type":"del","content":""},{"type":"del","content":""},{"type":"del","content":""},{"type":"del","content":"Bretagne, Centre-Val de Loire, Normandie, Pays de la Loire"},{"type":"del","content":""},{"type":"del","content":""},{"type":"del","content":""},{"type":"del","content":""},{"type":"del","content":""},{"type":"del","content":"Sud-Est (siège : Lyon)"},{"type":"del","content":""},{"type":"del","content":""},{"type":"del","content":""},{"type":"del","content":"Auvergne-Rhône-Alpes, Corse, Languedoc-Roussillon-Midi-Pyrénées,"},{"type":"del","content":"Provence-Alpes-Côte d'Azur"},{"type":"del","content":""},{"type":"del","content":""},{"type":"del","content":""},{"type":"del","content":""},{"type":"del","content":""},{"type":"del","content":"Sud-Ouest (siège : Bordeaux)"},{"type":"del","content":""},{"type":"del","content":""},{"type":"del","content":""},{"type":"del","content":"Aquitaine-Limousin-Poitou-Charentes"},{"type":"del","content":""},{"type":"del","content":""},{"type":"del","content":""},{"type":"del","content":""},{"type":"del","content":""},{"type":"add","content":""},{"type":"add","content":""},{"type":"add","content":""},{"type":"add","content":""},{"type":"add","content":""},{"type":"add","content":"        ZONES TERRE"},{"type":"add","content":""},{"type":"add","content":""},{"type":"add","content":""},{"type":"add","content":"        RÉGIONS"},{"type":"add","content":""},{"type":"add","content":""},{"type":"add","content":""},{"type":"add","content":""},{"type":"add","content":""},{"type":"add","content":"        Ile-de-France (siège : Saint-Germain-en-Laye)"},{"type":"add","content":""},{"type":"add","content":""},{"type":"add","content":""},{"type":"add","content":"        Ile-de-France"},{"type":"add","content":""},{"type":"add","content":""},{"type":"add","content":""},{"type":"add","content":""},{"type":"add","content":""},{"type":"add","content":"        Nord-Est (siège : Metz)"},{"type":"add","content":""},{"type":"add","content":""},{"type":"add","content":""},{"type":"add","content":"Grand Est, Bourgogne-Franche-Comté, Hauts-de-France"},{"type":"add","content":""},{"type":"add","content":""},{"type":"add","content":""},{"type":"add","content":""},{"type":"add","content":""},{"type":"add","content":"        Nord-Ouest (siège : Rennes)"},{"type":"add","content":""},{"type":"add","content":""},{"type":"add","content":""},{"type":"add","content":"        Bretagne, Centre-Val de Loire, Normandie, Pays de la Loire"},{"type":"add","content":""},{"type":"add","content":""},{"type":"add","content":""},{"type":"add","content":""},{"type":"add","content":""},{"type":"add","content":"        Sud-Est (siège : Lyon)"},{"type":"add","content":""},{"type":"add","content":""},{"type":"add","content":""},{"type":"add","content":"Auvergne-Rhône-Alpes, Corse, Occitanie, Provence-Alpes-Côte d'Azur"},{"type":"add","content":""},{"type":"add","content":""},{"type":"add","content":""},{"type":"add","content":""},{"type":"add","content":""},{"type":"add","content":"        Sud-Ouest (siège : Bordeaux)"},{"type":"add","content":""},{"type":"add","content":""},{"type":"add","content":""},{"type":"add","content":"        Nouvelle-Aquitaine"},{"type":"add","content":""},{"type":"add","content":""},{"type":"add","content":""},{"type":"add","content":""},{"type":"del","content":"Décret n° 2016-525 du 28 avril 2016 relatif à l'organisation militaire territoriale et supprimant une commission d'experts - article 1 ENTIEREMENT_MODIF MODIFIE source"},{"type":"del","content":""},{"type":"del","content":""},{"type":"del","content":"  "},{"type":"del","content":"  ### Textes faisant référence à l'article"},{"type":"del","content":"  "},{"type":"del","content":""},{"type":"del","content":""},{"type":"del","content":"Décret n° 2007-583 du 23 avril 2007 relatif à certaines dispositions réglementaires de la première partie du code de la défense (Décrets en Conseil d'Etat et en conseil des ministres) CODIFICATION cible"},{"type":"add","content":"Décret n° 2016-1689 du 8 décembre 2016 fixant le nom, la composition et le chef-lieu des circonscriptions administratives régionales - article 2 AUTONOME VIGUEUR, en vigueur depuis le 2017-01-01 MODIFIE source"},{"type":"del","content":"2007-04-23 CODIFICATION source Décret n° 2007-583 du 23 avril 2007 relatif à certaines dispositions réglementaires de la première partie du code de la défense (Décrets en Conseil d'Etat et en conseil des ministres)"},{"type":"del","content":""},{"type":"del","content":""},{"type":"del","content":"2016-04-28 MODIFIE cible Décret n° 2016-525 du 28 avril 2016 relatif à l'organisation militaire territoriale et supprimant une commission d'experts - article 1 ENTIEREMENT_MODIF"},{"type":"add","content":"2016-12-08 MODIFIE cible Décret n° 2016-1689 du 8 décembre 2016 fixant le nom, la composition et le chef-lieu des circonscriptions administratives régionales - article 2 AUTONOME VIGUEUR, en vigueur depuis le 2017-01-01"},{"type":"del","content":"* [JSON dans git](https://git.tricoteuses.fr/dila/donnees_juridiques/src/branch/main/LEGI/ARTI/00/00/32/47/42/LEGIARTI000032474272.json)"},{"type":"del","content":"* [Références JSON dans git](https://git.tricoteuses.fr/dila/references_donnees_juridiques/src/branch/main/LEGI/ARTI/00/00/32/47/42/LEGIARTI000032474272.json)"},{"type":"del","content":"* [Markdown dans git](https://git.tricoteuses.fr/dila/textes_juridiques/src/branch/main/LEGI/ARTI/00/00/32/47/42/LEGIARTI000032474272.md)"},{"type":"add","content":"* [JSON dans git](https://git.tricoteuses.fr/dila/donnees_juridiques/src/branch/main/LEGI/ARTI/00/00/36/59/86/LEGIARTI000036598616.json)"},{"type":"add","content":"* [Références JSON dans git](https://git.tricoteuses.fr/dila/references_donnees_juridiques/src/branch/main/LEGI/ARTI/00/00/36/59/86/LEGIARTI000036598616.json)"},{"type":"add","content":"* [Markdown dans git](https://git.tricoteuses.fr/dila/textes_juridiques/src/branch/main/LEGI/ARTI/00/00/36/59/86/LEGIARTI000036598616.md)"},{"type":"del","content":"* [Légifrance](https://www.legifrance.gouv.fr/codes/article_lc/LEGIARTI000032474272)"},{"type":"add","content":"* [Légifrance](https://www.legifrance.gouv.fr/codes/article_lc/LEGIARTI000036598616)"}],"status":"modified"},{"filename":"partie_reglementaire/partie_1/livre_ii/titre_ier/chapitre_ii/article_r1212-5.md","articleName":"Article R1212-5","additions":52,"deletions":65,"diff":[{"type":"del","content":""},{"type":"del","content":""},{"type":"del","content":""},{"type":"del","content":""},{"type":"del","content":""},{"type":"del","content":""},{"type":"del","content":""},{"type":"del","content":"ARRONDISSEMENTS MARITIMES"},{"type":"del","content":""},{"type":"del","content":""},{"type":"del","content":""},{"type":"del","content":"RÉGIONS"},{"type":"del","content":""},{"type":"del","content":""},{"type":"del","content":""},{"type":"del","content":""},{"type":"del","content":""},{"type":"del","content":"Atlantique (siège : Brest)"},{"type":"del","content":""},{"type":"del","content":""},{"type":"del","content":""},{"type":"del","content":"Aquitaine-Limousin-Poitou-Charentes, Bretagne, Centre-Val de Loire, Pays de la Loire."},{"type":"del","content":""},{"type":"del","content":""},{"type":"del","content":""},{"type":"del","content":""},{"type":"del","content":""},{"type":"del","content":"Manche-mer du Nord (siège : Cherbourg)"},{"type":"del","content":""},{"type":"del","content":""},{"type":"del","content":""},{"type":"del","content":"Normandie, Nord-Pas-de-Calais-Picardie."},{"type":"del","content":""},{"type":"del","content":""},{"type":"del","content":""},{"type":"del","content":""},{"type":"del","content":""},{"type":"del","content":"Méditerranée (siège : Toulon)"},{"type":"del","content":""},{"type":"del","content":""},{"type":"del","content":""},{"type":"del","content":"Auvergne-Rhône-Alpes, Corse, Languedoc-Roussillon-Midi-Pyrénées,"},{"type":"del","content":"Provence-Alpes-Côte d'Azur."},{"type":"del","content":""},{"type":"del","content":""},{"type":"del","content":""},{"type":"del","content":""},{"type":"del","content":""},{"type":"add","content":""},{"type":"add","content":""},{"type":"add","content":""},{"type":"add","content":""},{"type":"add","content":""},{"type":"add","content":""},{"type":"add","content":"        ARRONDISSEMENTS MARITIMES"},{"type":"add","content":""},{"type":"add","content":""},{"type":"add","content":""},{"type":"add","content":"        RÉGIONS"},{"type":"add","content":""},{"type":"add","content":""},{"type":"add","content":""},{"type":"add","content":""},{"type":"add","content":""},{"type":"add","content":"        Atlantique (siège : Brest)"},{"type":"add","content":""},{"type":"add","content":""},{"type":"add","content":""},{"type":"add","content":"        Nouvelle-Aquitaine, Bretagne, Centre-Val de Loire, Pays de la Loire."},{"type":"add","content":""},{"type":"add","content":""},{"type":"add","content":""},{"type":"add","content":""},{"type":"add","content":""},{"type":"add","content":"        Manche-mer du Nord (siège : Cherbourg)"},{"type":"add","content":""},{"type":"add","content":""},{"type":"add","content":""},{"type":"add","content":"        Normandie, Hauts-de-France."},{"type":"add","content":""},{"type":"add","content":""},{"type":"add","content":""},{"type":"add","content":""},{"type":"add","content":""},{"type":"add","content":"        Méditerranée (siège : Toulon)"},{"type":"add","content":""},{"type":"add","content":""},{"type":"add","content":""},{"type":"add","content":"Auvergne-Rhône-Alpes, Corse, Occitanie, Provence-Alpes-Côte d'Azur."},{"type":"add","content":""},{"type":"add","content":""},{"type":"add","content":""},{"type":"add","content":""},{"type":"add","content":""},{"type":"del","content":"Décret n° 2016-525 du 28 avril 2016 relatif à l'organisation militaire territoriale et supprimant une commission d'experts - article 2 ENTIEREMENT_MODIF MODIFIE source"},{"type":"del","content":""},{"type":"del","content":""},{"type":"del","content":"  "},{"type":"del","content":"  ### Textes faisant référence à l'article"},{"type":"del","content":"  "},{"type":"del","content":""},{"type":"del","content":""},{"type":"del","content":"Décret n° 2007-583 du 23 avril 2007 relatif à certaines dispositions réglementaires de la première partie du code de la défense (Décrets en Conseil d'Etat et en conseil des ministres) CODIFICATION cible"},{"type":"add","content":"Décret n° 2016-1689 du 8 décembre 2016 fixant le nom, la composition et le chef-lieu des circonscriptions administratives régionales - article 2 AUTONOME VIGUEUR, en vigueur depuis le 2017-01-01 MODIFIE source"},{"type":"del","content":"2007-04-23 CODIFICATION source Décret n° 2007-583 du 23 avril 2007 relatif à certaines dispositions réglementaires de la première partie du code de la défense (Décrets en Conseil d'Etat et en conseil des ministres)"},{"type":"del","content":""},{"type":"del","content":""},{"type":"del","content":"2016-04-28 MODIFIE cible Décret n° 2016-525 du 28 avril 2016 relatif à l'organisation militaire territoriale et supprimant une commission d'experts - article 2 ENTIEREMENT_MODIF"},{"type":"add","content":"2016-12-08 MODIFIE cible Décret n° 2016-1689 du 8 décembre 2016 fixant le nom, la composition et le chef-lieu des circonscriptions administratives régionales - article 2 AUTONOME VIGUEUR, en vigueur depuis le 2017-01-01"},{"type":"del","content":"* [JSON dans git](https://git.tricoteuses.fr/dila/donnees_juridiques/src/branch/main/LEGI/ARTI/00/00/32/47/42/LEGIARTI000032474275.json)"},{"type":"del","content":"* [Références JSON dans git](https://git.tricoteuses.fr/dila/references_donnees_juridiques/src/branch/main/LEGI/ARTI/00/00/32/47/42/LEGIARTI000032474275.json)"},{"type":"del","content":"* [Markdown dans git](https://git.tricoteuses.fr/dila/textes_juridiques/src/branch/main/LEGI/ARTI/00/00/32/47/42/LEGIARTI000032474275.md)"},{"type":"add","content":"* [JSON dans git](https://git.tricoteuses.fr/dila/donnees_juridiques/src/branch/main/LEGI/ARTI/00/00/36/59/86/LEGIARTI000036598637.json)"},{"type":"add","content":"* [Références JSON dans git](https://git.tricoteuses.fr/dila/references_donnees_juridiques/src/branch/main/LEGI/ARTI/00/00/36/59/86/LEGIARTI000036598637.json)"},{"type":"add","content":"* [Markdown dans git](https://git.tricoteuses.fr/dila/textes_juridiques/src/branch/main/LEGI/ARTI/00/00/36/59/86/LEGIARTI000036598637.md)"},{"type":"del","content":"* [Légifrance](https://www.legifrance.gouv.fr/codes/article_lc/LEGIARTI000032474275)"},{"type":"add","content":"* [Légifrance](https://www.legifrance.gouv.fr/codes/article_lc/LEGIARTI000036598637)"}],"status":"modified"},{"filename":"partie_reglementaire/partie_1/livre_ii/titre_ier/chapitre_ii/article_r1212-7.md","articleName":"Article R1212-7","additions":150,"deletions":152,"diff":[{"type":"del","content":""},{"type":"del","content":""},{"type":"del","content":""},{"type":"del","content":""},{"type":"del","content":""},{"type":"del","content":""},{"type":"del","content":"RÉGIONS DE GENDARMERIE"},{"type":"del","content":""},{"type":"del","content":""},{"type":"del","content":""},{"type":"del","content":"GROUPEMENTS DE GENDARMERIE DÉPARTEMENTALE"},{"type":"del","content":""},{"type":"del","content":""},{"type":"del","content":""},{"type":"del","content":""},{"type":"del","content":""},{"type":"del","content":"Ile-de-France"},{"type":"del","content":""},{"type":"del","content":""},{"type":"del","content":""},{"type":"del","content":"Essonne, Seine-et-Marne, Val-d'Oise, Yvelines."},{"type":"del","content":""},{"type":"del","content":""},{"type":"del","content":""},{"type":"del","content":""},{"type":"del","content":""},{"type":"del","content":"Alsace-Champagne-Ardenne-Lorraine"},{"type":"del","content":""},{"type":"del","content":""},{"type":"del","content":""},{"type":"del","content":"Aube, Ardennes, Bas-Rhin, Haut-Rhin, Haute-Marne, Marne, Meurthe-et-Moselle, Meuse, Moselle, Vosges."},{"type":"del","content":""},{"type":"del","content":""},{"type":"del","content":""},{"type":"del","content":""},{"type":"del","content":""},{"type":"del","content":"Aquitaine-Limousin-Poitou-Charentes"},{"type":"del","content":""},{"type":"del","content":""},{"type":"del","content":""},{"type":"del","content":"Charente, Charente-Maritime, Corrèze, Creuse, Deux-Sèvres, Dordogne, Gironde, Haute-Vienne, Landes, Lot-et-Garonne, Pyrénées-Atlantiques, Vienne."},{"type":"del","content":""},{"type":"del","content":""},{"type":"del","content":""},{"type":"del","content":""},{"type":"del","content":""},{"type":"del","content":"Auvergne-Rhône-Alpes"},{"type":"del","content":""},{"type":"del","content":""},{"type":"del","content":""},{"type":"del","content":"Ain, Allier, Ardèche, Cantal, Drôme, Haute-Loire, Haute-Savoie, Isère, Loire, Puy-de-Dôme, Rhône, Savoie."},{"type":"del","content":""},{"type":"del","content":""},{"type":"del","content":""},{"type":"del","content":""},{"type":"del","content":""},{"type":"del","content":"Bourgogne-Franche-Comté"},{"type":"del","content":""},{"type":"del","content":""},{"type":"del","content":""},{"type":"del","content":"Côte-d'Or, Doubs, Haute-Saône, Jura, Nièvre, Saône-et-Loire, Territoire de Belfort, Yonne."},{"type":"del","content":""},{"type":"del","content":""},{"type":"del","content":""},{"type":"del","content":""},{"type":"del","content":""},{"type":"del","content":"Bretagne"},{"type":"del","content":""},{"type":"del","content":""},{"type":"del","content":""},{"type":"del","content":"Côtes-d'Armor, Finistère, Ille-et-Vilaine, Morbihan."},{"type":"del","content":""},{"type":"del","content":""},{"type":"del","content":""},{"type":"del","content":""},{"type":"del","content":""},{"type":"del","content":"Centre-Val de Loire"},{"type":"del","content":""},{"type":"del","content":""},{"type":"del","content":""},{"type":"del","content":"Cher, Eure-et-Loir, Indre, Indre-et-Loire, Loir-et-Cher, Loiret."},{"type":"del","content":""},{"type":"del","content":""},{"type":"del","content":""},{"type":"del","content":""},{"type":"del","content":""},{"type":"del","content":"Corse"},{"type":"del","content":""},{"type":"del","content":""},{"type":"del","content":""},{"type":"del","content":"Corse-du-Sud, Haute-Corse."},{"type":"del","content":""},{"type":"del","content":""},{"type":"del","content":""},{"type":"del","content":""},{"type":"del","content":""},{"type":"del","content":"Languedoc-Roussillon-Midi-Pyrénées"},{"type":"del","content":""},{"type":"del","content":""},{"type":"del","content":""},{"type":"del","content":"Aude, Ariège, Aveyron, Gard, Gers, Haute-Garonne, Hautes-Pyrénées, Hérault, Lot, Lozère, Pyrénées-Orientales, Tarn, Tarn-et-Garonne."},{"type":"del","content":""},{"type":"del","content":""},{"type":"del","content":""},{"type":"del","content":""},{"type":"del","content":""},{"type":"del","content":"Nord-Pas-de-Calais-Picardie"},{"type":"del","content":""},{"type":"del","content":""},{"type":"del","content":""},{"type":"del","content":"Aisne, Nord, Oise, Pas-de-Calais, Somme."},{"type":"del","content":""},{"type":"del","content":""},{"type":"del","content":""},{"type":"del","content":""},{"type":"del","content":""},{"type":"del","content":"Normandie"},{"type":"del","content":""},{"type":"del","content":""},{"type":"del","content":""},{"type":"del","content":"Calvados, Eure, Manche, Orne, Seine-Maritime."},{"type":"del","content":""},{"type":"del","content":""},{"type":"del","content":""},{"type":"del","content":""},{"type":"del","content":""},{"type":"del","content":"Pays de la Loire"},{"type":"del","content":""},{"type":"del","content":""},{"type":"del","content":""},{"type":"del","content":"Loire-Atlantique, Maine-et-Loire, Mayenne, Sarthe, Vendée."},{"type":"del","content":""},{"type":"del","content":""},{"type":"del","content":""},{"type":"del","content":""},{"type":"del","content":""},{"type":"del","content":"Provence-Alpes-Côte d'Azur"},{"type":"del","content":""},{"type":"del","content":""},{"type":"del","content":""},{"type":"del","content":"          Alpes-de-Haute-Provence, Alpes-Maritimes, Bouches-du-Rhône, Hautes-Alpes, Var, Vaucluse."},{"type":"del","content":""},{"type":"del","content":""},{"type":"del","content":""},{"type":"del","content":""},{"type":"del","content":""},{"type":"add","content":""},{"type":"add","content":""},{"type":"add","content":""},{"type":"add","content":""},{"type":"add","content":""},{"type":"add","content":"        RÉGIONS DE GENDARMERIE"},{"type":"add","content":""},{"type":"add","content":""},{"type":"add","content":""},{"type":"add","content":"        GROUPEMENTS DE GENDARMERIE DÉPARTEMENTALE"},{"type":"add","content":""},{"type":"add","content":""},{"type":"add","content":""},{"type":"add","content":""},{"type":"add","content":""},{"type":"add","content":"        Ile-de-France"},{"type":"add","content":""},{"type":"add","content":""},{"type":"add","content":""},{"type":"add","content":"        Essonne, Seine-et-Marne, Val-d'Oise, Yvelines."},{"type":"add","content":""},{"type":"add","content":""},{"type":"add","content":""},{"type":"add","content":""},{"type":"add","content":""},{"type":"add","content":"        Grand Est"},{"type":"add","content":""},{"type":"add","content":""},{"type":"add","content":""},{"type":"add","content":"        Aube, Ardennes, Bas-Rhin, Haut-Rhin, Haute-Marne, Marne, Meurthe-et-Moselle, Meuse, Moselle, Vosges."},{"type":"add","content":""},{"type":"add","content":""},{"type":"add","content":""},{"type":"add","content":""},{"type":"add","content":""},{"type":"add","content":"        Nouvelle-Aquitaine"},{"type":"add","content":""},{"type":"add","content":""},{"type":"add","content":""},{"type":"add","content":"        Charente, Charente-Maritime, Corrèze, Creuse, Deux-Sèvres, Dordogne, Gironde, Haute-Vienne, Landes, Lot-et-Garonne, Pyrénées-Atlantiques, Vienne."},{"type":"add","content":""},{"type":"add","content":""},{"type":"add","content":""},{"type":"add","content":""},{"type":"add","content":""},{"type":"add","content":"        Auvergne-Rhône-Alpes"},{"type":"add","content":""},{"type":"add","content":""},{"type":"add","content":""},{"type":"add","content":"        Ain, Allier, Ardèche, Cantal, Drôme, Haute-Loire, Haute-Savoie, Isère, Loire, Puy-de-Dôme, Rhône, Savoie."},{"type":"add","content":""},{"type":"add","content":""},{"type":"add","content":""},{"type":"add","content":""},{"type":"add","content":""},{"type":"add","content":"        Bourgogne-Franche-Comté"},{"type":"add","content":""},{"type":"add","content":""},{"type":"add","content":""},{"type":"add","content":"        Côte-d'Or, Doubs, Haute-Saône, Jura, Nièvre, Saône-et-Loire, Territoire de Belfort, Yonne."},{"type":"add","content":""},{"type":"add","content":""},{"type":"add","content":""},{"type":"add","content":""},{"type":"add","content":""},{"type":"add","content":"        Bretagne"},{"type":"add","content":""},{"type":"add","content":""},{"type":"add","content":""},{"type":"add","content":"        Côtes-d'Armor, Finistère, Ille-et-Vilaine, Morbihan."},{"type":"add","content":""},{"type":"add","content":""},{"type":"add","content":""},{"type":"add","content":""},{"type":"add","content":""},{"type":"add","content":"        Centre-Val de Loire"},{"type":"add","content":""},{"type":"add","content":""},{"type":"add","content":""},{"type":"add","content":"        Cher, Eure-et-Loir, Indre, Indre-et-Loire, Loir-et-Cher, Loiret."},{"type":"add","content":""},{"type":"add","content":""},{"type":"add","content":""},{"type":"add","content":""},{"type":"add","content":""},{"type":"add","content":"        Corse"},{"type":"add","content":""},{"type":"add","content":""},{"type":"add","content":""},{"type":"add","content":"        Corse-du-Sud, Haute-Corse."},{"type":"add","content":""},{"type":"add","content":""},{"type":"add","content":""},{"type":"add","content":""},{"type":"add","content":""},{"type":"add","content":"        Occitanie"},{"type":"add","content":""},{"type":"add","content":""},{"type":"add","content":""},{"type":"add","content":"        Aude, Ariège, Aveyron, Gard, Gers, Haute-Garonne, Hautes-Pyrénées, Hérault, Lot, Lozère, Pyrénées-Orientales, Tarn, Tarn-et-Garonne."},{"type":"add","content":""},{"type":"add","content":""},{"type":"add","content":""},{"type":"add","content":""},{"type":"add","content":""},{"type":"add","content":"        Hauts-de-France"},{"type":"add","content":""},{"type":"add","content":""},{"type":"add","content":""},{"type":"add","content":"        Aisne, Nord, Oise, Pas-de-Calais, Somme."},{"type":"add","content":""},{"type":"add","content":""},{"type":"add","content":""},{"type":"add","content":""},{"type":"add","content":""},{"type":"add","content":"        Normandie"},{"type":"add","content":""},{"type":"add","content":""},{"type":"add","content":""},{"type":"add","content":"        Calvados, Eure, Manche, Orne, Seine-Maritime."},{"type":"add","content":""},{"type":"add","content":""},{"type":"add","content":""},{"type":"add","content":""},{"type":"add","content":""},{"type":"add","content":"        Pays de la Loire"},{"type":"add","content":""},{"type":"add","content":""},{"type":"add","content":""},{"type":"add","content":"        Loire-Atlantique, Maine-et-Loire, Mayenne, Sarthe, Vendée."},{"type":"add","content":""},{"type":"add","content":""},{"type":"add","content":""},{"type":"add","content":""},{"type":"add","content":""},{"type":"add","content":"        Provence-Alpes-Côte d'Azur"},{"type":"add","content":""},{"type":"add","content":""},{"type":"add","content":""},{"type":"add","content":"        Alpes-de-Haute-Provence, Alpes-Maritimes, Bouches-du-Rhône, Hautes-Alpes, Var, Vaucluse."},{"type":"add","content":""},{"type":"add","content":""},{"type":"add","content":""},{"type":"add","content":""},{"type":"del","content":"Décret n° 2015-1625 du 10 décembre 2015 relatif à la composition des zones de défense et de sécurité, des régions de gendarmerie et des groupements de gendarmerie départementale - article 2 AUTONOME MODIFIE, en vigueur du 2016-01-01 au 2017-01-01 MODIFIE source"},{"type":"add","content":"Décret n° 2016-1689 du 8 décembre 2016 fixant le nom, la composition et le chef-lieu des circonscriptions administratives régionales - article 2 AUTONOME VIGUEUR, en vigueur depuis le 2017-01-01 MODIFIE source"},{"type":"del","content":"2015-12-10 MODIFIE cible Décret n° 2015-1625 du 10 décembre 2015 relatif à la composition des zones de défense et de sécurité, des régions de gendarmerie et des groupements de gendarmerie départementale - article 2 AUTONOME MODIFIE, en vigueur du 2016-01-01 au 2017-01-01"},{"type":"add","content":"2016-12-08 MODIFIE cible Décret n° 2016-1689 du 8 décembre 2016 fixant le nom, la composition et le chef-lieu des circonscriptions administratives régionales - article 2 AUTONOME VIGUEUR, en vigueur depuis le 2017-01-01"},{"type":"del","content":"* [JSON dans git](https://git.tricoteuses.fr/dila/donnees_juridiques/src/branch/main/LEGI/ARTI/00/00/31/59/95/LEGIARTI000031599503.json)"},{"type":"del","content":"* [Références JSON dans git](https://git.tricoteuses.fr/dila/references_donnees_juridiques/src/branch/main/LEGI/ARTI/00/00/31/59/95/LEGIARTI000031599503.json)"},{"type":"del","content":"* [Markdown dans git](https://git.tricoteuses.fr/dila/textes_juridiques/src/branch/main/LEGI/ARTI/00/00/31/59/95/LEGIARTI000031599503.md)"},{"type":"add","content":"* [JSON dans git](https://git.tricoteuses.fr/dila/donnees_juridiques/src/branch/main/LEGI/ARTI/00/00/36/59/86/LEGIARTI000036598655.json)"},{"type":"add","content":"* [Références JSON dans git](https://git.tricoteuses.fr/dila/references_donnees_juridiques/src/branch/main/LEGI/ARTI/00/00/36/59/86/LEGIARTI000036598655.json)"},{"type":"add","content":"* [Markdown dans git](https://git.tricoteuses.fr/dila/textes_juridiques/src/branch/main/LEGI/ARTI/00/00/36/59/86/LEGIARTI000036598655.md)"},{"type":"del","content":"* [Légifrance](https://www.legifrance.gouv.fr/codes/article_lc/LEGIARTI000031599503)"},{"type":"add","content":"* [Légifrance](https://www.legifrance.gouv.fr/codes/article_lc/LEGIARTI000036598655)"}],"status":"modified"}],"stats":{"additions":463,"deletions":506,"filesChanged":4}}